ISO-10303-21;
HEADER;
/* Generated by software containing ST-Developer
 * from STEP Tools, Inc. (www.steptools.com) 
 */
/* OPTION: using custom renumber hook */

FILE_DESCRIPTION(
/* description */ ('STEP AP242 Edition 2',
'CAx-IF Rec.Pracs.---Representation and Presentation of Product Manufa
cturing Information (PMI)---4.0---2014-10-13',
'CAx-IF Rec.Pracs.---3D Tessellated Geometry---0.4---2014-09-14','2;1',
'CAx-IF Rec.Pracs.---User Defined Attributes---1.5---2016-08-15'),
/* implementation_level */ '2;1');

FILE_NAME(
/* name */ 'PS_1',
/* time_stamp */ '2026-08-23T11:21:58Z',
/* author */ (''),
/* organization */ (''),
/* preprocessor_version */ 'ST-DEVELOPER v20',
/* originating_system */ 'ONSHAPE BY PTC INC, 1.219',
/* authorisation */ '  ');

FILE_SCHEMA (('AP242_MANAGED_MODEL_BASED_3D_ENGINEERING_MIM_LF { 1 0 10303 442 3 1 4 }'));
ENDSEC;

DATA;
#10=(
BOUNDED_SURFACE()
B_SPLINE_SURFACE(3,2,((#4044,#4045,#4046),(#4047,#4048,#4049),(#4050,#4051,
#4052),(#4053,#4054,#4055),(#4056,#4057,#4058),(#4059,#4060,#4061),(#4062,
#4063,#4064),(#4065,#4066,#4067),(#4068,#4069,#4070),(#4071,#4072,#4073),
(#4074,#4075,#4076),(#4077,#4078,#4079),(#4080,#4081,#4082),(#4083,#4084,
#4085),(#4086,#4087,#4088),(#4089,#4090,#4091),(#4092,#4093,#4094),(#4095,
#4096,#4097),(#4098,#4099,#4100),(#4101,#4102,#4103),(#4104,#4105,#4106)),
 .UNSPECIFIED.,.F.,.F.,.F.)
B_SPLINE_SURFACE_WITH_KNOTS((4,1,1,1,1,1,1,1,1,1,1,1,1,1,1,1,1,1,4),(3,
3),(0.0162552117392898,0.0214723856169065,0.0240809725557148,0.0266895594945231,
0.0292981464333315,0.0319067333721398,0.033211026841544,0.0345153203109482,
0.0358196137803523,0.0371239072497565,0.0384282007191607,0.0397324941885648,
0.041036787657969,0.0423410811273732,0.0449496680661815,0.0475582550049898,
0.0501668419437982,0.0527754288826065,0.0579926027602232),(0.,1.),
 .UNSPECIFIED.)
GEOMETRIC_REPRESENTATION_ITEM()
RATIONAL_B_SPLINE_SURFACE(((1.,0.72196554914633,1.),(1.,0.748894050034255,
1.),(1.,0.787641525315615,1.),(1.,0.836923323038696,1.),(1.,0.872837845804435,
1.),(1.,0.907719843114911,1.),(1.,0.935371351565188,1.),(1.,0.95591250213529,
1.),(1.,0.970102920571411,1.),(1.,0.981726743515101,1.),(1.,0.986701114091173,
1.),(1.,0.980086015410317,1.),(1.,0.967960869532894,1.),(1.,0.953587546167558,
1.),(1.,0.933163344721391,1.),(1.,0.905569443909811,1.),(1.,0.871240027311859,
1.),(1.,0.835856303731694,1.),(1.,0.787154655400101,1.),(1.,0.748732949516728,
1.),(1.,0.721991403142315,1.)))
REPRESENTATION_ITEM('')
SURFACE()
);
#11=(
BOUNDED_SURFACE()
B_SPLINE_SURFACE(3,2,((#4112,#4113,#4114),(#4115,#4116,#4117),(#4118,#4119,
#4120),(#4121,#4122,#4123),(#4124,#4125,#4126),(#4127,#4128,#4129),(#4130,
#4131,#4132),(#4133,#4134,#4135),(#4136,#4137,#4138),(#4139,#4140,#4141),
(#4142,#4143,#4144),(#4145,#4146,#4147),(#4148,#4149,#4150),(#4151,#4152,
#4153),(#4154,#4155,#4156),(#4157,#4158,#4159),(#4160,#4161,#4162),(#4163,
#4164,#4165),(#4166,#4167,#4168),(#4169,#4170,#4171),(#4172,#4173,#4174)),
 .UNSPECIFIED.,.F.,.F.,.F.)
B_SPLINE_SURFACE_WITH_KNOTS((4,1,1,1,1,1,1,1,1,1,1,1,1,1,1,1,1,1,4),(3,
3),(0.0273450374589127,0.032631163004656,0.0352742257775277,0.0379172885503994,
0.0405603513232711,0.0432034140961428,0.0445249454825787,0.0458464768690145,
0.0471680082554504,0.0484895396418862,0.049811071028322,0.0511326024147579,
0.0524541338011937,0.0537756651876296,0.0564187279605013,0.059061790733373,
0.0617048535062446,0.0643479162791163,0.0696340418248597),(0.,1.),
 .UNSPECIFIED.)
GEOMETRIC_REPRESENTATION_ITEM()
RATIONAL_B_SPLINE_SURFACE(((1.,0.72197116819813,1.),(1.,0.748850968890694,
1.),(1.,0.787872566210691,1.),(1.,0.837351804549644,1.),(1.,0.873304413501714,
1.),(1.,0.908014726169988,1.),(1.,0.93541620355376,1.),(1.,0.955994381561198,
1.),(1.,0.970085225688418,1.),(1.,0.981686160370996,1.),(1.,0.986704721130647,
1.),(1.,0.980155388286573,1.),(1.,0.968007321728245,1.),(1.,0.953790305190178,
1.),(1.,0.933055480610366,1.),(1.,0.905852159607203,1.),(1.,0.871529409112119,
1.),(1.,0.835734816709582,1.),(1.,0.786856521949304,1.),(1.,0.748557440718232,
1.),(1.,0.722020678724161,1.)))
REPRESENTATION_ITEM('')
SURFACE()
);
#12=(
BOUNDED_SURFACE()
B_SPLINE_SURFACE(3,2,((#4214,#4215,#4216),(#4217,#4218,#4219),(#4220,#4221,
#4222),(#4223,#4224,#4225),(#4226,#4227,#4228),(#4229,#4230,#4231),(#4232,
#4233,#4234),(#4235,#4236,#4237),(#4238,#4239,#4240),(#4241,#4242,#4243),
(#4244,#4245,#4246),(#4247,#4248,#4249),(#4250,#4251,#4252),(#4253,#4254,
#4255),(#4256,#4257,#4258),(#4259,#4260,#4261),(#4262,#4263,#4264),(#4265,
#4266,#4267),(#4268,#4269,#4270),(#4271,#4272,#4273),(#4274,#4275,#4276)),
 .UNSPECIFIED.,.F.,.F.,.F.)
B_SPLINE_SURFACE_WITH_KNOTS((4,1,1,1,1,1,1,1,1,1,1,1,1,1,1,1,1,1,4),(3,
3),(0.0201490780448522,0.0253592063102877,0.0279642704430054,0.0305693345757232,
0.0331743987084409,0.0357794628411586,0.0370819949075175,0.0383845269738764,
0.0396870590402352,0.0409895911065941,0.042292123172953,0.0435946552393119,
0.0448971873056707,0.0461997193720296,0.0488047835047473,0.0514098476374651,
0.0540149117701828,0.0566199759029005,0.061830104168336),(0.,1.),
 .UNSPECIFIED.)
GEOMETRIC_REPRESENTATION_ITEM()
RATIONAL_B_SPLINE_SURFACE(((1.,0.722003408992893,1.),(1.,0.748659197747498,
1.),(1.,0.787172511574525,1.),(1.,0.836632127371667,1.),(1.,0.872572785498775,
1.),(1.,0.907277228652801,1.),(1.,0.934726414206279,1.),(1.,0.955337268233924,
1.),(1.,0.96950046148837,1.),(1.,0.981163472493209,1.),(1.,0.986761688946917,
1.),(1.,0.980605860485169,1.),(1.,0.968548019234749,1.),(1.,0.954354565720222,
1.),(1.,0.933596202705266,1.),(1.,0.906334110211881,1.),(1.,0.871932239663571,
1.),(1.,0.836043522743604,1.),(1.,0.787031257660058,1.),(1.,0.748624312855712,
1.),(1.,0.72200963198287,1.)))
REPRESENTATION_ITEM('')
SURFACE()
);
#13=(
BOUNDED_SURFACE()
B_SPLINE_SURFACE(3,2,((#4282,#4283,#4284),(#4285,#4286,#4287),(#4288,#4289,
#4290),(#4291,#4292,#4293),(#4294,#4295,#4296),(#4297,#4298,#4299),(#4300,
#4301,#4302),(#4303,#4304,#4305),(#4306,#4307,#4308),(#4309,#4310,#4311),
(#4312,#4313,#4314),(#4315,#4316,#4317),(#4318,#4319,#4320),(#4321,#4322,
#4323),(#4324,#4325,#4326),(#4327,#4328,#4329),(#4330,#4331,#4332),(#4333,
#4334,#4335),(#4336,#4337,#4338),(#4339,#4340,#4341),(#4342,#4343,#4344)),
 .UNSPECIFIED.,.F.,.F.,.F.)
B_SPLINE_SURFACE_WITH_KNOTS((4,1,1,1,1,1,1,1,1,1,1,1,1,1,1,1,1,1,4),(3,
3),(0.0147911634104629,0.0199693239561335,0.0225584042289688,0.0251474845018041,
0.0277365647746394,0.0303256450474747,0.0316201851838924,0.03291472532031,
0.0342092654567277,0.0355038055931454,0.036798345729563,0.0380928858659807,
0.0393874260023983,0.040681966138816,0.0432710464116513,0.0458601266844866,
0.0484492069573219,0.0510382872301572,0.0562164477758278),(0.,1.),
 .UNSPECIFIED.)
GEOMETRIC_REPRESENTATION_ITEM()
RATIONAL_B_SPLINE_SURFACE(((1.,0.72197669679982,1.),(1.,0.748830193225757,
1.),(1.,0.787362293455307,1.),(1.,0.836162882955228,1.),(1.,0.871607560480204,
1.),(1.,0.905893566164819,1.),(1.,0.93363463331968,1.),(1.,0.954437294250421,
1.),(1.,0.968638169530956,1.),(1.,0.980700710738682,1.),(1.,0.986769438697914,
1.),(1.,0.98105558716085,1.),(1.,0.969086618346785,1.),(1.,0.954919620479734,
1.),(1.,0.934139133985895,1.),(1.,0.906817773094028,1.),(1.,0.872336696786264,
1.),(1.,0.836353554707607,1.),(1.,0.787206742094877,1.),(1.,0.748691484928211,
1.),(1.,0.721998535837773,1.)))
REPRESENTATION_ITEM('')
SURFACE()
);
#14=(
BOUNDED_SURFACE()
B_SPLINE_SURFACE(3,2,((#4384,#4385,#4386),(#4387,#4388,#4389),(#4390,#4391,
#4392),(#4393,#4394,#4395),(#4396,#4397,#4398),(#4399,#4400,#4401),(#4402,
#4403,#4404),(#4405,#4406,#4407),(#4408,#4409,#4410),(#4411,#4412,#4413),
(#4414,#4415,#4416),(#4417,#4418,#4419),(#4420,#4421,#4422),(#4423,#4424,
#4425),(#4426,#4427,#4428),(#4429,#4430,#4431),(#4432,#4433,#4434),(#4435,
#4436,#4437),(#4438,#4439,#4440),(#4441,#4442,#4443),(#4444,#4445,#4446)),
 .UNSPECIFIED.,.F.,.F.,.F.)
B_SPLINE_SURFACE_WITH_KNOTS((4,1,1,1,1,1,1,1,1,1,1,1,1,1,1,1,1,1,4),(3,
3),(0.0273450374589132,0.0326311630046569,0.0352742257775287,0.0379172885504006,
0.0405603513232724,0.0432034140961442,0.0445249454825802,0.0458464768690161,
0.047168008255452,0.0484895396418879,0.0498110710283238,0.0511326024147598,
0.0524541338011957,0.0537756651876316,0.0564187279605034,0.0590617907333753,
0.0617048535062471,0.0643479162791189,0.0696340418248626),(0.,1.),
 .UNSPECIFIED.)
GEOMETRIC_REPRESENTATION_ITEM()
RATIONAL_B_SPLINE_SURFACE(((1.,0.721971168198128,1.),(1.,0.748850968893787,
1.),(1.,0.787872566209996,1.),(1.,0.837351804549781,1.),(1.,0.87330441350169,
1.),(1.,0.908014726170008,1.),(1.,0.935416203553773,1.),(1.,0.955994381561209,
1.),(1.,0.970085225688431,1.),(1.,0.981686160371005,1.),(1.,0.986704721130645,
1.),(1.,0.980155388286562,1.),(1.,0.96800732172823,1.),(1.,0.95379030519016,
1.),(1.,0.933055480610343,1.),(1.,0.905852159607193,1.),(1.,0.871529409112044,
1.),(1.,0.835734816709719,1.),(1.,0.786856521948366,1.),(1.,0.748557440722204,
1.),(1.,0.722020678724122,1.)))
REPRESENTATION_ITEM('')
SURFACE()
);
#15=(
BOUNDED_SURFACE()
B_SPLINE_SURFACE(3,2,((#4452,#4453,#4454),(#4455,#4456,#4457),(#4458,#4459,
#4460),(#4461,#4462,#4463),(#4464,#4465,#4466),(#4467,#4468,#4469),(#4470,
#4471,#4472),(#4473,#4474,#4475),(#4476,#4477,#4478),(#4479,#4480,#4481),
(#4482,#4483,#4484),(#4485,#4486,#4487),(#4488,#4489,#4490),(#4491,#4492,
#4493),(#4494,#4495,#4496),(#4497,#4498,#4499),(#4500,#4501,#4502),(#4503,
#4504,#4505),(#4506,#4507,#4508),(#4509,#4510,#4511),(#4512,#4513,#4514)),
 .UNSPECIFIED.,.F.,.F.,.F.)
B_SPLINE_SURFACE_WITH_KNOTS((4,1,1,1,1,1,1,1,1,1,1,1,1,1,1,1,1,1,4),(3,
3),(0.0273450374589133,0.0326311630046567,0.0352742257775284,0.0379172885504001,
0.0405603513232718,0.0432034140961435,0.0445249454825793,0.0458464768690152,
0.047168008255451,0.0484895396418869,0.0498110710283227,0.0511326024147586,
0.0524541338011944,0.0537756651876303,0.056418727960502,0.0590617907333737,
0.0617048535062454,0.0643479162791171,0.0696340418248605),(0.,1.),
 .UNSPECIFIED.)
GEOMETRIC_REPRESENTATION_ITEM()
RATIONAL_B_SPLINE_SURFACE(((1.,0.721971168198129,1.),(1.,0.748850968889435,
1.),(1.,0.787872566210978,1.),(1.,0.837351804549588,1.),(1.,0.873304413501729,
1.),(1.,0.908014726169984,1.),(1.,0.93541620355376,1.),(1.,0.955994381561196,
1.),(1.,0.970085225688418,1.),(1.,0.981686160370996,1.),(1.,0.986704721130646,
1.),(1.,0.980155388286573,1.),(1.,0.968007321728247,1.),(1.,0.953790305190177,
1.),(1.,0.933055480610369,1.),(1.,0.905852159607202,1.),(1.,0.871529409112121,
1.),(1.,0.835734816709564,1.),(1.,0.786856521949387,1.),(1.,0.748557440717849,
1.),(1.,0.722020678724159,1.)))
REPRESENTATION_ITEM('')
SURFACE()
);
#16=(
BOUNDED_SURFACE()
B_SPLINE_SURFACE(3,2,((#4554,#4555,#4556),(#4557,#4558,#4559),(#4560,#4561,
#4562),(#4563,#4564,#4565),(#4566,#4567,#4568),(#4569,#4570,#4571),(#4572,
#4573,#4574),(#4575,#4576,#4577),(#4578,#4579,#4580),(#4581,#4582,#4583),
(#4584,#4585,#4586),(#4587,#4588,#4589),(#4590,#4591,#4592),(#4593,#4594,
#4595),(#4596,#4597,#4598),(#4599,#4600,#4601),(#4602,#4603,#4604),(#4605,
#4606,#4607),(#4608,#4609,#4610),(#4611,#4612,#4613),(#4614,#4615,#4616)),
 .UNSPECIFIED.,.F.,.F.,.F.)
B_SPLINE_SURFACE_WITH_KNOTS((4,1,1,1,1,1,1,1,1,1,1,1,1,1,1,1,1,1,4),(3,
3),(0.0147911634104629,0.0199693239561339,0.0225584042289693,0.0251474845018048,
0.0277365647746403,0.0303256450474757,0.0316201851838935,0.0329147253203112,
0.0342092654567289,0.0355038055931467,0.0367983457295644,0.0380928858659821,
0.0393874260023999,0.0406819661388176,0.0432710464116531,0.0458601266844885,
0.048449206957324,0.0510382872301595,0.0562164477758304),(0.,1.),
 .UNSPECIFIED.)
GEOMETRIC_REPRESENTATION_ITEM()
RATIONAL_B_SPLINE_SURFACE(((1.,0.72197669679982,1.),(1.,0.748830193225759,
1.),(1.,0.787362293455314,1.),(1.,0.836162882955237,1.),(1.,0.871607560480212,
1.),(1.,0.90589356616483,1.),(1.,0.933634633319692,1.),(1.,0.954437294250435,
1.),(1.,0.968638169530967,1.),(1.,0.980700710738693,1.),(1.,0.986769438697914,
1.),(1.,0.981055587160839,1.),(1.,0.969086618346771,1.),(1.,0.954919620479716,
1.),(1.,0.93413913398588,1.),(1.,0.906817773093959,1.),(1.,0.872336696786405,
1.),(1.,0.836353554706949,1.),(1.,0.787206742098185,1.),(1.,0.748691484913388,
1.),(1.,0.721998535837738,1.)))
REPRESENTATION_ITEM('')
SURFACE()
);
#17=(
BOUNDED_SURFACE()
B_SPLINE_SURFACE(3,2,((#4622,#4623,#4624),(#4625,#4626,#4627),(#4628,#4629,
#4630),(#4631,#4632,#4633),(#4634,#4635,#4636),(#4637,#4638,#4639),(#4640,
#4641,#4642),(#4643,#4644,#4645),(#4646,#4647,#4648),(#4649,#4650,#4651),
(#4652,#4653,#4654),(#4655,#4656,#4657),(#4658,#4659,#4660),(#4661,#4662,
#4663),(#4664,#4665,#4666),(#4667,#4668,#4669),(#4670,#4671,#4672),(#4673,
#4674,#4675),(#4676,#4677,#4678),(#4679,#4680,#4681),(#4682,#4683,#4684)),
 .UNSPECIFIED.,.F.,.F.,.F.)
B_SPLINE_SURFACE_WITH_KNOTS((4,1,1,1,1,1,1,1,1,1,1,1,1,1,1,1,1,1,4),(3,
3),(0.0201490780448523,0.0253592063102874,0.027964270443005,0.0305693345757226,
0.0331743987084402,0.0357794628411578,0.0370819949075166,0.0383845269738754,
0.0396870590402342,0.040989591106593,0.0422921231729518,0.0435946552393106,
0.0448971873056694,0.0461997193720282,0.0488047835047457,0.0514098476374633,
0.0540149117701809,0.0566199759028985,0.0618301041683337),(0.,1.),
 .UNSPECIFIED.)
GEOMETRIC_REPRESENTATION_ITEM()
RATIONAL_B_SPLINE_SURFACE(((1.,0.722003408992893,1.),(1.,0.748659197747496,
1.),(1.,0.787172511574519,1.),(1.,0.836632127371659,1.),(1.,0.872572785498766,
1.),(1.,0.90727722865279,1.),(1.,0.934726414206268,1.),(1.,0.955337268233912,
1.),(1.,0.96950046148836,1.),(1.,0.981163472493199,1.),(1.,0.986761688946918,
1.),(1.,0.980605860485181,1.),(1.,0.968548019234763,1.),(1.,0.954354565720239,
1.),(1.,0.93359620270529,1.),(1.,0.906334110211879,1.),(1.,0.871932239663682,
1.),(1.,0.836043522743312,1.),(1.,0.787031257661793,1.),(1.,0.748624312848189,
1.),(1.,0.722009631982914,1.)))
REPRESENTATION_ITEM('')
SURFACE()
);
#18=(
BOUNDED_SURFACE()
B_SPLINE_SURFACE(3,2,((#4724,#4725,#4726),(#4727,#4728,#4729),(#4730,#4731,
#4732),(#4733,#4734,#4735),(#4736,#4737,#4738),(#4739,#4740,#4741),(#4742,
#4743,#4744),(#4745,#4746,#4747),(#4748,#4749,#4750),(#4751,#4752,#4753),
(#4754,#4755,#4756),(#4757,#4758,#4759),(#4760,#4761,#4762),(#4763,#4764,
#4765),(#4766,#4767,#4768),(#4769,#4770,#4771),(#4772,#4773,#4774),(#4775,
#4776,#4777),(#4778,#4779,#4780),(#4781,#4782,#4783),(#4784,#4785,#4786)),
 .UNSPECIFIED.,.F.,.F.,.F.)
B_SPLINE_SURFACE_WITH_KNOTS((4,1,1,1,1,1,1,1,1,1,1,1,1,1,1,1,1,1,4),(3,
3),(0.0273450374589128,0.0326311630046565,0.0352742257775283,0.0379172885504002,
0.040560351323272,0.0432034140961439,0.0445249454825798,0.0458464768690157,
0.0471680082554516,0.0484895396418875,0.0498110710283235,0.0511326024147594,
0.0524541338011953,0.0537756651876312,0.0564187279605031,0.0590617907333749,
0.0617048535062468,0.0643479162791186,0.0696340418248623),(0.,1.),
 .UNSPECIFIED.)
GEOMETRIC_REPRESENTATION_ITEM()
RATIONAL_B_SPLINE_SURFACE(((1.,0.721971168198129,1.),(1.,0.748850968899398,
1.),(1.,0.787872566208732,1.),(1.,0.837351804550019,1.),(1.,0.873304413501623,
1.),(1.,0.908014726170025,1.),(1.,0.935416203553769,1.),(1.,0.955994381561208,
1.),(1.,0.970085225688429,1.),(1.,0.981686160371004,1.),(1.,0.986704721130645,
1.),(1.,0.980155388286564,1.),(1.,0.968007321728231,1.),(1.,0.953790305190162,
1.),(1.,0.933055480610346,1.),(1.,0.905852159607187,1.),(1.,0.871529409112075,
1.),(1.,0.835734816709604,1.),(1.,0.78685652194899,1.),(1.,0.748557440719437,
1.),(1.,0.722020678724123,1.)))
REPRESENTATION_ITEM('')
SURFACE()
);
#19=(
BOUNDED_SURFACE()
B_SPLINE_SURFACE(3,2,((#4792,#4793,#4794),(#4795,#4796,#4797),(#4798,#4799,
#4800),(#4801,#4802,#4803),(#4804,#4805,#4806),(#4807,#4808,#4809),(#4810,
#4811,#4812),(#4813,#4814,#4815),(#4816,#4817,#4818),(#4819,#4820,#4821),
(#4822,#4823,#4824),(#4825,#4826,#4827),(#4828,#4829,#4830),(#4831,#4832,
#4833),(#4834,#4835,#4836),(#4837,#4838,#4839),(#4840,#4841,#4842),(#4843,
#4844,#4845),(#4846,#4847,#4848),(#4849,#4850,#4851),(#4852,#4853,#4854)),
 .UNSPECIFIED.,.F.,.F.,.F.)
B_SPLINE_SURFACE_WITH_KNOTS((4,1,1,1,1,1,1,1,1,1,1,1,1,1,1,1,1,1,4),(3,
3),(0.0162552117392916,0.0214723856169077,0.0240809725557158,0.0266895594945238,
0.0292981464333319,0.03190673337214,0.033211026841544,0.034515320310948,
0.0358196137803521,0.0371239072497561,0.0384282007191601,0.0397324941885641,
0.0410367876579682,0.0423410811273722,0.0449496680661803,0.0475582550049883,
0.0501668419437964,0.0527754288826044,0.0579926027602206),(0.,1.),
 .UNSPECIFIED.)
GEOMETRIC_REPRESENTATION_ITEM()
RATIONAL_B_SPLINE_SURFACE(((1.,0.72196554914638,1.),(1.,0.748894050031396,
1.),(1.,0.787641525316309,1.),(1.,0.836923323038603,1.),(1.,0.872837845804495,
1.),(1.,0.907719843114925,1.),(1.,0.935371351565208,1.),(1.,0.955912502135304,
1.),(1.,0.970102920571423,1.),(1.,0.981726743515108,1.),(1.,0.986701114091172,
1.),(1.,0.980086015410312,1.),(1.,0.967960869532888,1.),(1.,0.953587546167555,
1.),(1.,0.933163344721385,1.),(1.,0.90556944390984,1.),(1.,0.871240027311765,
1.),(1.,0.835856303732093,1.),(1.,0.787154655398038,1.),(1.,0.748732949525988,
1.),(1.,0.721991403142342,1.)))
REPRESENTATION_ITEM('')
SURFACE()
);
#20=SPHERICAL_SURFACE('',#2316,0.001);
#21=SPHERICAL_SURFACE('',#2318,0.001);
#22=SPHERICAL_SURFACE('',#2328,0.001);
#23=SPHERICAL_SURFACE('',#2330,0.001);
#24=SPHERICAL_SURFACE('',#2340,0.001);
#25=SPHERICAL_SURFACE('',#2342,0.001);
#26=SPHERICAL_SURFACE('',#2352,0.001);
#27=SPHERICAL_SURFACE('',#2354,0.001);
#28=SPHERICAL_SURFACE('',#2364,0.001);
#29=SPHERICAL_SURFACE('',#2366,0.001);
#30=SPHERICAL_SURFACE('',#2376,0.001);
#31=SPHERICAL_SURFACE('',#2378,0.001);
#32=SPHERICAL_SURFACE('',#2388,0.001);
#33=SPHERICAL_SURFACE('',#2390,0.001);
#34=SPHERICAL_SURFACE('',#2400,0.001);
#35=SPHERICAL_SURFACE('',#2402,0.001);
#36=SPHERICAL_SURFACE('',#2412,0.001);
#37=SPHERICAL_SURFACE('',#2414,0.001);
#38=SPHERICAL_SURFACE('',#2424,0.001);
#39=SPHERICAL_SURFACE('',#2426,0.001);
#40=B_SPLINE_CURVE_WITH_KNOTS('',3,(#3271,#3272,#3273,#3274,#3275,#3276,
#3277,#3278,#3279,#3280,#3281,#3282,#3283,#3284,#3285,#3286,#3287,#3288,
#3289,#3290,#3291),.UNSPECIFIED.,.F.,.F.,(4,1,1,1,1,1,1,1,1,1,1,1,1,1,1,
1,1,1,4),(0.,0.00518328684258742,0.00777493026388113,0.0103665736851748,
0.0129582171064686,0.0155498605277623,0.0168456822384091,0.018141503949056,
0.0194373256597028,0.0207331473703497,0.0220289690809965,0.0233247907916434,
0.0246206125022903,0.0259164342129371,0.0285080776342308,0.0310997210555245,
0.0336913644768182,0.036283007898112,0.0414662947406994),.UNSPECIFIED.);
#41=B_SPLINE_CURVE_WITH_KNOTS('',3,(#3295,#3296,#3297,#3298,#3299,#3300,
#3301,#3302,#3303,#3304,#3305,#3306,#3307,#3308,#3309,#3310,#3311,#3312,
#3313,#3314,#3315),.UNSPECIFIED.,.F.,.F.,(4,1,1,1,1,1,1,1,1,1,1,1,1,1,1,
1,1,1,4),(0.,0.00520156497020174,0.00780234745530262,0.0104031299404035,
0.0130039124255044,0.0156046949106052,0.0169050861531557,0.0182054773957061,
0.0195058686382565,0.020806259880807,0.0221066511233574,0.0234070423659078,
0.0247074336084583,0.0260078248510087,0.0286086073361096,0.0312093898212105,
0.0338101723063113,0.0364109547914122,0.041612519761614),.UNSPECIFIED.);
#42=B_SPLINE_CURVE_WITH_KNOTS('',3,(#3319,#3320,#3321,#3322,#3323,#3324,
#3325,#3326,#3327,#3328,#3329,#3330,#3331,#3332,#3333,#3334,#3335,#3336,
#3337,#3338,#3339),.UNSPECIFIED.,.F.,.F.,(4,1,1,1,1,1,1,1,1,1,1,1,1,1,1,
1,1,1,4),(0.,0.00511914743537694,0.00767872115306541,0.0102382948707539,
0.0127978685884424,0.0153574423061308,0.0166372291649751,0.0179170160238193,
0.0191968028826635,0.0204765897415078,0.021756376600352,0.0230361634591962,
0.0243159503180405,0.0255957371768847,0.0281553108945732,0.0307148846122617,
0.0332744583299501,0.0358340320476386,0.0409531794830155),.UNSPECIFIED.);
#43=B_SPLINE_CURVE_WITH_KNOTS('',3,(#3343,#3344,#3345,#3346,#3347,#3348,
#3349,#3350,#3351,#3352,#3353,#3354,#3355,#3356,#3357,#3358,#3359,#3360,
#3361,#3362,#3363),.UNSPECIFIED.,.F.,.F.,(4,1,1,1,1,1,1,1,1,1,1,1,1,1,1,
1,1,1,4),(0.,0.00520156497020176,0.00780234745530264,0.0104031299404035,
0.0130039124255044,0.0156046949106053,0.0169050861531557,0.0182054773957062,
0.0195058686382566,0.020806259880807,0.0221066511233575,0.0234070423659079,
0.0247074336084584,0.0260078248510088,0.0286086073361097,0.0312093898212105,
0.0338101723063114,0.0364109547914123,0.0416125197616141),.UNSPECIFIED.);
#44=B_SPLINE_CURVE_WITH_KNOTS('',3,(#3367,#3368,#3369,#3370,#3371,#3372,
#3373,#3374,#3375,#3376,#3377,#3378,#3379,#3380,#3381,#3382,#3383,#3384,
#3385,#3386,#3387),.UNSPECIFIED.,.F.,.F.,(4,1,1,1,1,1,1,1,1,1,1,1,1,1,1,
1,1,1,4),(0.,0.00510986515582316,0.00766479773373474,0.0102197303116463,
0.0127746628895579,0.0153295954674695,0.0166070617564253,0.0178845280453811,
0.0191619943343369,0.0204394606232926,0.0217169269122484,0.0229943932012042,
0.02427185949016,0.0255493257791158,0.0281042583570274,0.030659190934939,
0.0332141235128506,0.0357690560907621,0.0408789212465853),.UNSPECIFIED.);
#45=B_SPLINE_CURVE_WITH_KNOTS('',3,(#3391,#3392,#3393,#3394,#3395,#3396,
#3397,#3398,#3399,#3400,#3401,#3402,#3403,#3404,#3405,#3406,#3407,#3408,
#3409,#3410,#3411),.UNSPECIFIED.,.F.,.F.,(4,1,1,1,1,1,1,1,1,1,1,1,1,1,1,
1,1,1,4),(0.,0.00518328684258744,0.00777493026388116,0.0103665736851749,
0.0129582171064686,0.0155498605277623,0.0168456822384092,0.018141503949056,
0.0194373256597029,0.0207331473703498,0.0220289690809966,0.0233247907916435,
0.0246206125022904,0.0259164342129372,0.0285080776342309,0.0310997210555247,
0.0336913644768184,0.0362830078981121,0.0414662947406995),.UNSPECIFIED.);
#46=B_SPLINE_CURVE_WITH_KNOTS('',3,(#3415,#3416,#3417,#3418,#3419,#3420,
#3421,#3422,#3423,#3424,#3425,#3426,#3427,#3428,#3429,#3430,#3431,#3432,
#3433,#3434,#3435),.UNSPECIFIED.,.F.,.F.,(4,1,1,1,1,1,1,1,1,1,1,1,1,1,1,
1,1,1,4),(0.,0.00520156497020175,0.00780234745530262,0.0104031299404035,
0.0130039124255044,0.0156046949106052,0.0169050861531557,0.0182054773957061,
0.0195058686382566,0.020806259880807,0.0221066511233574,0.0234070423659079,
0.0247074336084583,0.0260078248510087,0.0286086073361096,0.0312093898212105,
0.0338101723063114,0.0364109547914122,0.041612519761614),.UNSPECIFIED.);
#47=B_SPLINE_CURVE_WITH_KNOTS('',3,(#3439,#3440,#3441,#3442,#3443,#3444,
#3445,#3446,#3447,#3448,#3449,#3450,#3451,#3452,#3453,#3454,#3455,#3456,
#3457,#3458,#3459),.UNSPECIFIED.,.F.,.F.,(4,1,1,1,1,1,1,1,1,1,1,1,1,1,1,
1,1,1,4),(0.,0.00511914743537693,0.00767872115306539,0.0102382948707539,
0.0127978685884423,0.0153574423061308,0.016637229164975,0.0179170160238193,
0.0191968028826635,0.0204765897415077,0.021756376600352,0.0230361634591962,
0.0243159503180404,0.0255957371768846,0.0281553108945731,0.0307148846122616,
0.03327445832995,0.0358340320476385,0.0409531794830154),.UNSPECIFIED.);
#48=B_SPLINE_CURVE_WITH_KNOTS('',3,(#3463,#3464,#3465,#3466,#3467,#3468,
#3469,#3470,#3471,#3472,#3473,#3474,#3475,#3476,#3477,#3478,#3479,#3480,
#3481,#3482,#3483),.UNSPECIFIED.,.F.,.F.,(4,1,1,1,1,1,1,1,1,1,1,1,1,1,1,
1,1,1,4),(0.,0.00520156497020183,0.00780234745530274,0.0104031299404037,
0.0130039124255046,0.0156046949106055,0.0169050861531559,0.0182054773957064,
0.0195058686382569,0.0208062598808073,0.0221066511233578,0.0234070423659082,
0.0247074336084587,0.0260078248510092,0.0286086073361101,0.031209389821211,
0.0338101723063119,0.0364109547914128,0.0416125197616146),.UNSPECIFIED.);
#49=B_SPLINE_CURVE_WITH_KNOTS('',3,(#3487,#3488,#3489,#3490,#3491,#3492,
#3493,#3494,#3495,#3496,#3497,#3498,#3499,#3500,#3501,#3502,#3503,#3504,
#3505,#3506,#3507),.UNSPECIFIED.,.F.,.F.,(4,1,1,1,1,1,1,1,1,1,1,1,1,1,1,
1,1,1,4),(0.,0.00510986515582311,0.00766479773373467,0.0102197303116462,
0.0127746628895578,0.0153295954674693,0.0166070617564251,0.0178845280453809,
0.0191619943343367,0.0204394606232925,0.0217169269122482,0.022994393201204,
0.0242718594901598,0.0255493257791156,0.0281042583570271,0.0306591909349387,
0.0332141235128502,0.0357690560907618,0.0408789212465849),.UNSPECIFIED.);
#50=B_SPLINE_CURVE_WITH_KNOTS('',3,(#3524,#3525,#3526,#3527,#3528,#3529,
#3530,#3531,#3532,#3533,#3534,#3535,#3536,#3537,#3538,#3539,#3540,#3541,
#3542,#3543,#3544),.UNSPECIFIED.,.F.,.F.,(4,1,1,1,1,1,1,1,1,1,1,1,1,1,1,
1,1,1,4),(0.,0.00491313186235526,0.00736969779353289,0.00982626372471053,
0.0122828296558882,0.0147393955870658,0.0159676785526546,0.0171959615182434,
0.0184242444838322,0.0196525274494211,0.0208808104150099,0.0221090933805987,
0.0233373763461875,0.0245656593117763,0.0270222252429539,0.0294787911741316,
0.0319353571053092,0.0343919230364868,0.0393050548988421),.UNSPECIFIED.);
#51=B_SPLINE_CURVE_WITH_KNOTS('',3,(#3553,#3554,#3555,#3556,#3557,#3558,
#3559,#3560,#3561,#3562,#3563,#3564,#3565,#3566,#3567,#3568,#3569,#3570,
#3571,#3572,#3573),.UNSPECIFIED.,.F.,.F.,(4,1,1,1,1,1,1,1,1,1,1,1,1,1,1,
1,1,1,4),(0.,0.00493520823050632,0.00740281234575949,0.00987041646101265,
0.0123380205762658,0.014805624691519,0.0160394267491456,0.0172732288067721,
0.0185070308643987,0.0197408329220253,0.0209746349796519,0.0222084370372785,
0.023442239094905,0.0246760411525316,0.0271436452677848,0.0296112493830379,
0.0320788534982911,0.0345464576135443,0.0394816658440506),.UNSPECIFIED.);
#52=B_SPLINE_CURVE_WITH_KNOTS('',3,(#3582,#3583,#3584,#3585,#3586,#3587,
#3588,#3589,#3590,#3591,#3592,#3593,#3594,#3595,#3596,#3597,#3598,#3599,
#3600,#3601,#3602),.UNSPECIFIED.,.F.,.F.,(4,1,1,1,1,1,1,1,1,1,1,1,1,1,1,
1,1,1,4),(0.,0.0049131318623554,0.00736969779353311,0.00982626372471081,
0.0122828296558885,0.0147393955870662,0.0159676785526551,0.0171959615182439,
0.0184242444838328,0.0196525274494216,0.0208808104150105,0.0221090933805993,
0.0233373763461882,0.024565659311777,0.0270222252429547,0.0294787911741324,
0.0319353571053101,0.0343919230364878,0.0393050548988432),.UNSPECIFIED.);
#53=B_SPLINE_CURVE_WITH_KNOTS('',3,(#3611,#3612,#3613,#3614,#3615,#3616,
#3617,#3618,#3619,#3620,#3621,#3622,#3623,#3624,#3625,#3626,#3627,#3628,
#3629,#3630,#3631),.UNSPECIFIED.,.F.,.F.,(4,1,1,1,1,1,1,1,1,1,1,1,1,1,1,
1,1,1,4),(0.,0.00492385929223172,0.00738578893834758,0.00984771858446344,
0.0123096482305793,0.0147715778766952,0.0160025426997531,0.017233507522811,
0.0184644723458689,0.0196954371689269,0.0209264019919848,0.0221573668150427,
0.0233883316381007,0.0246192964611586,0.0270812261072745,0.0295431557533903,
0.0320050853995062,0.034467015045622,0.0393908743378538),.UNSPECIFIED.);
#54=B_SPLINE_CURVE_WITH_KNOTS('',3,(#3640,#3641,#3642,#3643,#3644,#3645,
#3646,#3647,#3648,#3649,#3650,#3651,#3652,#3653,#3654,#3655,#3656,#3657,
#3658,#3659,#3660),.UNSPECIFIED.,.F.,.F.,(4,1,1,1,1,1,1,1,1,1,1,1,1,1,1,
1,1,1,4),(0.,0.00494528708832584,0.00741793063248876,0.00989057417665168,
0.0123632177208146,0.0148358612649775,0.016072183037059,0.0173085048091404,
0.0185448265812219,0.0197811483533034,0.0210174701253848,0.0222537918974663,
0.0234901136695478,0.0247264354416292,0.0271990789857921,0.029671722529955,
0.032144366074118,0.0346170096182809,0.0395622967066067),.UNSPECIFIED.);
#55=B_SPLINE_CURVE_WITH_KNOTS('',3,(#3669,#3670,#3671,#3672,#3673,#3674,
#3675,#3676,#3677,#3678,#3679,#3680,#3681,#3682,#3683,#3684,#3685,#3686,
#3687,#3688,#3689),.UNSPECIFIED.,.F.,.F.,(4,1,1,1,1,1,1,1,1,1,1,1,1,1,1,
1,1,1,4),(0.,0.0049131318623553,0.00736969779353294,0.00982626372471059,
0.0122828296558882,0.0147393955870659,0.0159676785526547,0.0171959615182435,
0.0184242444838324,0.0196525274494212,0.02088081041501,0.0221090933805988,
0.0233373763461877,0.0245656593117765,0.0270222252429541,0.0294787911741318,
0.0319353571053094,0.0343919230364871,0.0393050548988424),.UNSPECIFIED.);
#56=B_SPLINE_CURVE_WITH_KNOTS('',3,(#3698,#3699,#3700,#3701,#3702,#3703,
#3704,#3705,#3706,#3707,#3708,#3709,#3710,#3711,#3712,#3713,#3714,#3715,
#3716,#3717,#3718),.UNSPECIFIED.,.F.,.F.,(4,1,1,1,1,1,1,1,1,1,1,1,1,1,1,
1,1,1,4),(0.,0.0049352082305063,0.00740281234575945,0.0098704164610126,
0.0123380205762658,0.0148056246915189,0.0160394267491455,0.0172732288067721,
0.0185070308643986,0.0197408329220252,0.0209746349796518,0.0222084370372784,
0.0234422390949049,0.0246760411525315,0.0271436452677847,0.0296112493830378,
0.032078853498291,0.0345464576135441,0.0394816658440504),.UNSPECIFIED.);
#57=B_SPLINE_CURVE_WITH_KNOTS('',3,(#3727,#3728,#3729,#3730,#3731,#3732,
#3733,#3734,#3735,#3736,#3737,#3738,#3739,#3740,#3741,#3742,#3743,#3744,
#3745,#3746,#3747),.UNSPECIFIED.,.F.,.F.,(4,1,1,1,1,1,1,1,1,1,1,1,1,1,1,
1,1,1,4),(0.,0.00491313186235529,0.00736969779353294,0.00982626372471059,
0.0122828296558882,0.0147393955870659,0.0159676785526547,0.0171959615182435,
0.0184242444838323,0.0196525274494212,0.02088081041501,0.0221090933805988,
0.0233373763461876,0.0245656593117765,0.0270222252429541,0.0294787911741318,
0.0319353571053094,0.0343919230364871,0.0393050548988423),.UNSPECIFIED.);
#58=B_SPLINE_CURVE_WITH_KNOTS('',3,(#3756,#3757,#3758,#3759,#3760,#3761,
#3762,#3763,#3764,#3765,#3766,#3767,#3768,#3769,#3770,#3771,#3772,#3773,
#3774,#3775,#3776),.UNSPECIFIED.,.F.,.F.,(4,1,1,1,1,1,1,1,1,1,1,1,1,1,1,
1,1,1,4),(0.,0.00492385929223173,0.00738578893834759,0.00984771858446346,
0.0123096482305793,0.0147715778766952,0.0160025426997531,0.017233507522811,
0.018464472345869,0.0196954371689269,0.0209264019919848,0.0221573668150428,
0.0233883316381007,0.0246192964611586,0.0270812261072745,0.0295431557533904,
0.0320050853995062,0.0344670150456221,0.0393908743378538),.UNSPECIFIED.);
#59=B_SPLINE_CURVE_WITH_KNOTS('',3,(#3785,#3786,#3787,#3788,#3789,#3790,
#3791,#3792,#3793,#3794,#3795,#3796,#3797,#3798,#3799,#3800,#3801,#3802,
#3803,#3804,#3805),.UNSPECIFIED.,.F.,.F.,(4,1,1,1,1,1,1,1,1,1,1,1,1,1,1,
1,1,1,4),(0.,0.00494528708832582,0.00741793063248873,0.00989057417665164,
0.0123632177208145,0.0148358612649775,0.0160721830370589,0.0173085048091404,
0.0185448265812218,0.0197811483533033,0.0210174701253847,0.0222537918974662,
0.0234901136695476,0.0247264354416291,0.027199078985792,0.0296717225299549,
0.0321443660741178,0.0346170096182807,0.0395622967066065),.UNSPECIFIED.);
#60=B_SPLINE_CURVE_WITH_KNOTS('',3,(#3810,#3811,#3812,#3813),
 .UNSPECIFIED.,.F.,.F.,(4,4),(0.,3.76918466782978E-6),.UNSPECIFIED.);
#61=B_SPLINE_CURVE_WITH_KNOTS('',3,(#3814,#3815,#3816,#3817),
 .UNSPECIFIED.,.F.,.F.,(4,4),(0.,3.76918466779506E-6),.UNSPECIFIED.);
#62=B_SPLINE_CURVE_WITH_KNOTS('',3,(#3823,#3824,#3825,#3826),
 .UNSPECIFIED.,.F.,.F.,(4,4),(0.,3.76918466780168E-6),.UNSPECIFIED.);
#63=B_SPLINE_CURVE_WITH_KNOTS('',3,(#3834,#3835,#3836,#3837),
 .UNSPECIFIED.,.F.,.F.,(4,4),(0.,3.76918466781194E-6),.UNSPECIFIED.);
#64=B_SPLINE_CURVE_WITH_KNOTS('',3,(#3839,#3840,#3841,#3842),
 .UNSPECIFIED.,.F.,.F.,(4,4),(0.,3.76918466784348E-6),.UNSPECIFIED.);
#65=B_SPLINE_CURVE_WITH_KNOTS('',3,(#3850,#3851,#3852,#3853),
 .UNSPECIFIED.,.F.,.F.,(4,4),(0.,3.76918466782926E-6),.UNSPECIFIED.);
#66=B_SPLINE_CURVE_WITH_KNOTS('',3,(#3855,#3856,#3857,#3858),
 .UNSPECIFIED.,.F.,.F.,(4,4),(0.,3.76918466779344E-6),.UNSPECIFIED.);
#67=B_SPLINE_CURVE_WITH_KNOTS('',3,(#3866,#3867,#3868,#3869),
 .UNSPECIFIED.,.F.,.F.,(4,4),(0.,3.76918466785796E-6),.UNSPECIFIED.);
#68=B_SPLINE_CURVE_WITH_KNOTS('',3,(#3871,#3872,#3873,#3874),
 .UNSPECIFIED.,.F.,.F.,(4,4),(0.,3.76918466780604E-6),.UNSPECIFIED.);
#69=B_SPLINE_CURVE_WITH_KNOTS('',3,(#3882,#3883,#3884,#3885),
 .UNSPECIFIED.,.F.,.F.,(4,4),(0.,3.76918466782188E-6),.UNSPECIFIED.);
#70=B_SPLINE_CURVE_WITH_KNOTS('',3,(#3887,#3888,#3889,#3890),
 .UNSPECIFIED.,.F.,.F.,(4,4),(0.,3.76918466779506E-6),.UNSPECIFIED.);
#71=B_SPLINE_CURVE_WITH_KNOTS('',3,(#3898,#3899,#3900,#3901),
 .UNSPECIFIED.,.F.,.F.,(4,4),(0.,3.76918466782978E-6),.UNSPECIFIED.);
#72=B_SPLINE_CURVE_WITH_KNOTS('',3,(#3903,#3904,#3905,#3906),
 .UNSPECIFIED.,.F.,.F.,(4,4),(0.,3.76918466780168E-6),.UNSPECIFIED.);
#73=B_SPLINE_CURVE_WITH_KNOTS('',3,(#3914,#3915,#3916,#3917),
 .UNSPECIFIED.,.F.,.F.,(4,4),(0.,3.76918466785497E-6),.UNSPECIFIED.);
#74=B_SPLINE_CURVE_WITH_KNOTS('',3,(#3919,#3920,#3921,#3922),
 .UNSPECIFIED.,.F.,.F.,(4,4),(0.,3.76918466784354E-6),.UNSPECIFIED.);
#75=B_SPLINE_CURVE_WITH_KNOTS('',3,(#3930,#3931,#3932,#3933),
 .UNSPECIFIED.,.F.,.F.,(4,4),(0.,3.76918466781893E-6),.UNSPECIFIED.);
#76=B_SPLINE_CURVE_WITH_KNOTS('',3,(#3935,#3936,#3937,#3938),
 .UNSPECIFIED.,.F.,.F.,(4,4),(0.,3.76918466779344E-6),.UNSPECIFIED.);
#77=B_SPLINE_CURVE_WITH_KNOTS('',3,(#3946,#3947,#3948,#3949),
 .UNSPECIFIED.,.F.,.F.,(4,4),(0.,3.76918466782247E-6),.UNSPECIFIED.);
#78=B_SPLINE_CURVE_WITH_KNOTS('',3,(#3954,#3955,#3956,#3957),
 .UNSPECIFIED.,.F.,.F.,(4,4),(0.,3.7691846678321E-6),.UNSPECIFIED.);
#79=B_SPLINE_CURVE_WITH_KNOTS('',3,(#3958,#3959,#3960,#3961),
 .UNSPECIFIED.,.F.,.F.,(4,4),(0.,3.76918466779575E-6),.UNSPECIFIED.);
#80=B_SPLINE_CURVE_WITH_KNOTS('',3,(#4026,#4027,#4028,#4029,#4030),
 .UNSPECIFIED.,.F.,.F.,(4,1,4),(2.8609792490764E-17,0.000754617843954214,
0.0015092356879084),.UNSPECIFIED.);
#81=B_SPLINE_CURVE_WITH_KNOTS('',3,(#4034,#4035,#4036,#4037,#4038),
 .UNSPECIFIED.,.F.,.F.,(4,1,4),(0.,0.000754617843954314,0.00150923568790863),
 .UNSPECIFIED.);
#82=B_SPLINE_CURVE_WITH_KNOTS('',3,(#4107,#4108,#4109,#4110,#4111),
 .UNSPECIFIED.,.F.,.F.,(4,1,4),(0.,0.000754617843954308,0.00150923568790862),
 .UNSPECIFIED.);
#83=B_SPLINE_CURVE_WITH_KNOTS('',3,(#4175,#4176,#4177,#4178,#4179),
 .UNSPECIFIED.,.F.,.F.,(4,1,4),(0.,0.000754617843954225,0.00150923568790845),
 .UNSPECIFIED.);
#84=B_SPLINE_CURVE_WITH_KNOTS('',3,(#4197,#4198,#4199,#4200,#4201),
 .UNSPECIFIED.,.F.,.F.,(4,1,4),(6.93889390390723E-18,0.000754617843954276,
0.00150923568790855),.UNSPECIFIED.);
#85=B_SPLINE_CURVE_WITH_KNOTS('',3,(#4205,#4206,#4207,#4208,#4209),
 .UNSPECIFIED.,.F.,.F.,(4,1,4),(0.,0.000754617843954272,0.00150923568790854),
 .UNSPECIFIED.);
#86=B_SPLINE_CURVE_WITH_KNOTS('',3,(#4277,#4278,#4279,#4280,#4281),
 .UNSPECIFIED.,.F.,.F.,(4,1,4),(0.,0.000754617843954274,0.00150923568790855),
 .UNSPECIFIED.);
#87=B_SPLINE_CURVE_WITH_KNOTS('',3,(#4345,#4346,#4347,#4348,#4349),
 .UNSPECIFIED.,.F.,.F.,(4,1,4),(0.,0.000754617843954209,0.00150923568790842),
 .UNSPECIFIED.);
#88=B_SPLINE_CURVE_WITH_KNOTS('',3,(#4367,#4368,#4369,#4370,#4371),
 .UNSPECIFIED.,.F.,.F.,(4,1,4),(0.,0.000754617843954251,0.0015092356879085),
 .UNSPECIFIED.);
#89=B_SPLINE_CURVE_WITH_KNOTS('',3,(#4375,#4376,#4377,#4378,#4379),
 .UNSPECIFIED.,.F.,.F.,(4,1,4),(4.44305997370834E-17,0.000754617843954266,
0.00150923568790849),.UNSPECIFIED.);
#90=B_SPLINE_CURVE_WITH_KNOTS('',3,(#4447,#4448,#4449,#4450,#4451),
 .UNSPECIFIED.,.F.,.F.,(4,1,4),(0.,0.000754617843954283,0.00150923568790857),
 .UNSPECIFIED.);
#91=B_SPLINE_CURVE_WITH_KNOTS('',3,(#4515,#4516,#4517,#4518,#4519),
 .UNSPECIFIED.,.F.,.F.,(4,1,4),(0.,0.000754617843954284,0.00150923568790857),
 .UNSPECIFIED.);
#92=B_SPLINE_CURVE_WITH_KNOTS('',3,(#4537,#4538,#4539,#4540,#4541),
 .UNSPECIFIED.,.F.,.F.,(4,1,4),(0.,0.000754617843954303,0.00150923568790861),
 .UNSPECIFIED.);
#93=B_SPLINE_CURVE_WITH_KNOTS('',3,(#4545,#4546,#4547,#4548,#4549),
 .UNSPECIFIED.,.F.,.F.,(4,1,4),(0.,0.000754617843954211,0.00150923568790842),
 .UNSPECIFIED.);
#94=B_SPLINE_CURVE_WITH_KNOTS('',3,(#4617,#4618,#4619,#4620,#4621),
 .UNSPECIFIED.,.F.,.F.,(4,1,4),(0.,0.00075461784395425,0.0015092356879085),
 .UNSPECIFIED.);
#95=B_SPLINE_CURVE_WITH_KNOTS('',3,(#4685,#4686,#4687,#4688,#4689),
 .UNSPECIFIED.,.F.,.F.,(4,1,4),(0.,0.000754617843954227,0.00150923568790845),
 .UNSPECIFIED.);
#96=B_SPLINE_CURVE_WITH_KNOTS('',3,(#4707,#4708,#4709,#4710,#4711),
 .UNSPECIFIED.,.F.,.F.,(4,1,4),(0.,0.000754617843954321,0.00150923568790864),
 .UNSPECIFIED.);
#97=B_SPLINE_CURVE_WITH_KNOTS('',3,(#4715,#4716,#4717,#4718,#4719),
 .UNSPECIFIED.,.F.,.F.,(4,1,4),(0.,0.000754617843954236,0.00150923568790847),
 .UNSPECIFIED.);
#98=B_SPLINE_CURVE_WITH_KNOTS('',3,(#4787,#4788,#4789,#4790,#4791),
 .UNSPECIFIED.,.F.,.F.,(4,1,4),(0.,0.000754617843954231,0.00150923568790846),
 .UNSPECIFIED.);
#99=B_SPLINE_CURVE_WITH_KNOTS('',3,(#4855,#4856,#4857,#4858,#4859),
 .UNSPECIFIED.,.F.,.F.,(4,1,4),(2.19427091786044E-17,0.000754617843954256,
0.00150923568790849),.UNSPECIFIED.);
#100=SHAPE_REPRESENTATION_RELATIONSHIP('','',#2119,#102);
#101=SHAPE_REPRESENTATION_RELATIONSHIP('','',#2120,#103);
#102=ADVANCED_BREP_SHAPE_REPRESENTATION('',(#2115),#4877);
#103=ADVANCED_BREP_SHAPE_REPRESENTATION('',(#2116),#4878);
#104=TOROIDAL_SURFACE('',#2193,0.0330963759066481,0.002);
#105=TOROIDAL_SURFACE('',#2194,0.06324,0.002);
#106=TOROIDAL_SURFACE('',#2195,0.06324,0.002);
#107=TOROIDAL_SURFACE('',#2196,0.0407403759066481,0.002);
#108=TOROIDAL_SURFACE('',#2308,0.02942,0.001);
#109=TOROIDAL_SURFACE('',#2313,0.049,0.001);
#110=TOROIDAL_SURFACE('',#2320,0.00726,0.001);
#111=TOROIDAL_SURFACE('',#2326,0.00726,0.001);
#112=TOROIDAL_SURFACE('',#2332,0.049,0.001);
#113=TOROIDAL_SURFACE('',#2338,0.049,0.001);
#114=TOROIDAL_SURFACE('',#2344,0.00726,0.001);
#115=TOROIDAL_SURFACE('',#2350,0.00726,0.001);
#116=TOROIDAL_SURFACE('',#2356,0.049,0.001);
#117=TOROIDAL_SURFACE('',#2362,0.049,0.001);
#118=TOROIDAL_SURFACE('',#2368,0.00726,0.001);
#119=TOROIDAL_SURFACE('',#2374,0.00726,0.001);
#120=TOROIDAL_SURFACE('',#2380,0.049,0.001);
#121=TOROIDAL_SURFACE('',#2386,0.049,0.001);
#122=TOROIDAL_SURFACE('',#2392,0.00726,0.001);
#123=TOROIDAL_SURFACE('',#2398,0.00726,0.001);
#124=TOROIDAL_SURFACE('',#2404,0.049,0.001);
#125=TOROIDAL_SURFACE('',#2410,0.049,0.001);
#126=TOROIDAL_SURFACE('',#2416,0.00726,0.001);
#127=TOROIDAL_SURFACE('',#2422,0.00726,0.001);
#128=TOROIDAL_SURFACE('',#2428,0.049,0.001);
#129=LINE('',#3144,#181);
#130=LINE('',#3149,#182);
#131=LINE('',#3203,#183);
#132=LINE('',#3211,#184);
#133=LINE('',#3253,#185);
#134=LINE('',#3258,#186);
#135=LINE('',#3511,#187);
#136=LINE('',#3515,#188);
#137=LINE('',#3517,#189);
#138=LINE('',#3522,#190);
#139=LINE('',#3546,#191);
#140=LINE('',#3551,#192);
#141=LINE('',#3575,#193);
#142=LINE('',#3580,#194);
#143=LINE('',#3604,#195);
#144=LINE('',#3609,#196);
#145=LINE('',#3633,#197);
#146=LINE('',#3638,#198);
#147=LINE('',#3662,#199);
#148=LINE('',#3667,#200);
#149=LINE('',#3691,#201);
#150=LINE('',#3696,#202);
#151=LINE('',#3720,#203);
#152=LINE('',#3725,#204);
#153=LINE('',#3749,#205);
#154=LINE('',#3754,#206);
#155=LINE('',#3778,#207);
#156=LINE('',#3783,#208);
#157=LINE('',#3807,#209);
#158=LINE('',#3819,#210);
#159=LINE('',#3828,#211);
#160=LINE('',#3832,#212);
#161=LINE('',#3844,#213);
#162=LINE('',#3848,#214);
#163=LINE('',#3860,#215);
#164=LINE('',#3864,#216);
#165=LINE('',#3876,#217);
#166=LINE('',#3880,#218);
#167=LINE('',#3892,#219);
#168=LINE('',#3896,#220);
#169=LINE('',#3908,#221);
#170=LINE('',#3912,#222);
#171=LINE('',#3924,#223);
#172=LINE('',#3928,#224);
#173=LINE('',#3940,#225);
#174=LINE('',#3944,#226);
#175=LINE('',#3951,#227);
#176=LINE('',#3963,#228);
#177=LINE('',#4010,#229);
#178=LINE('',#4011,#230);
#179=LINE('',#4013,#231);
#180=LINE('',#4014,#232);
#181=VECTOR('',#2485,1.);
#182=VECTOR('',#2488,1.);
#183=VECTOR('',#2549,1.);
#184=VECTOR('',#2558,1.);
#185=VECTOR('',#2629,1.);
#186=VECTOR('',#2632,1.);
#187=VECTOR('',#2665,1.);
#188=VECTOR('',#2668,1.);
#189=VECTOR('',#2671,1.);
#190=VECTOR('',#2674,1.);
#191=VECTOR('',#2677,1.);
#192=VECTOR('',#2680,1.);
#193=VECTOR('',#2683,1.);
#194=VECTOR('',#2686,1.);
#195=VECTOR('',#2689,1.);
#196=VECTOR('',#2692,1.);
#197=VECTOR('',#2695,1.);
#198=VECTOR('',#2698,1.);
#199=VECTOR('',#2701,1.);
#200=VECTOR('',#2704,1.);
#201=VECTOR('',#2707,1.);
#202=VECTOR('',#2710,1.);
#203=VECTOR('',#2713,1.);
#204=VECTOR('',#2716,1.);
#205=VECTOR('',#2719,1.);
#206=VECTOR('',#2722,1.);
#207=VECTOR('',#2725,1.);
#208=VECTOR('',#2728,1.);
#209=VECTOR('',#2731,1.);
#210=VECTOR('',#2732,1.);
#211=VECTOR('',#2737,1.);
#212=VECTOR('',#2740,1.);
#213=VECTOR('',#2743,1.);
#214=VECTOR('',#2746,1.);
#215=VECTOR('',#2749,1.);
#216=VECTOR('',#2752,1.);
#217=VECTOR('',#2755,1.);
#218=VECTOR('',#2758,1.);
#219=VECTOR('',#2761,1.);
#220=VECTOR('',#2764,1.);
#221=VECTOR('',#2767,1.);
#222=VECTOR('',#2770,1.);
#223=VECTOR('',#2773,1.);
#224=VECTOR('',#2776,1.);
#225=VECTOR('',#2779,1.);
#226=VECTOR('',#2782,1.);
#227=VECTOR('',#2785,1.);
#228=VECTOR('',#2786,1.);
#229=VECTOR('',#2835,1.);
#230=VECTOR('',#2836,1.);
#231=VECTOR('',#2839,1.);
#232=VECTOR('',#2840,1.);
#233=PLANE('',#2143);
#234=PLANE('',#2151);
#235=PLANE('',#2179);
#236=PLANE('',#2182);
#237=PLANE('',#2185);
#238=PLANE('',#2277);
#239=PLANE('',#2299);
#240=PLANE('',#2300);
#241=PLANE('',#2301);
#242=PLANE('',#2302);
#243=PLANE('',#2307);
#244=CYLINDRICAL_SURFACE('',#2125,0.06524);
#245=CYLINDRICAL_SURFACE('',#2128,0.00626);
#246=CYLINDRICAL_SURFACE('',#2131,0.00626);
#247=CYLINDRICAL_SURFACE('',#2134,0.00626);
#248=CYLINDRICAL_SURFACE('',#2137,0.00626);
#249=CYLINDRICAL_SURFACE('',#2140,0.00626);
#250=CYLINDRICAL_SURFACE('',#2164,0.00626);
#251=CYLINDRICAL_SURFACE('',#2167,0.00626);
#252=CYLINDRICAL_SURFACE('',#2170,0.00626);
#253=CYLINDRICAL_SURFACE('',#2173,0.00626);
#254=CYLINDRICAL_SURFACE('',#2176,0.00626);
#255=CYLINDRICAL_SURFACE('',#2218,0.015);
#256=CYLINDRICAL_SURFACE('',#2237,0.00626);
#257=CYLINDRICAL_SURFACE('',#2239,0.00626);
#258=CYLINDRICAL_SURFACE('',#2241,0.00626);
#259=CYLINDRICAL_SURFACE('',#2243,0.00626);
#260=CYLINDRICAL_SURFACE('',#2245,0.00626);
#261=CYLINDRICAL_SURFACE('',#2247,0.00626);
#262=CYLINDRICAL_SURFACE('',#2249,0.00626);
#263=CYLINDRICAL_SURFACE('',#2251,0.00626);
#264=CYLINDRICAL_SURFACE('',#2253,0.00626);
#265=CYLINDRICAL_SURFACE('',#2255,0.00626);
#266=CYLINDRICAL_SURFACE('',#2257,0.05);
#267=CYLINDRICAL_SURFACE('',#2259,0.05);
#268=CYLINDRICAL_SURFACE('',#2261,0.05);
#269=CYLINDRICAL_SURFACE('',#2263,0.05);
#270=CYLINDRICAL_SURFACE('',#2265,0.05);
#271=CYLINDRICAL_SURFACE('',#2267,0.05);
#272=CYLINDRICAL_SURFACE('',#2269,0.05);
#273=CYLINDRICAL_SURFACE('',#2271,0.05);
#274=CYLINDRICAL_SURFACE('',#2273,0.05);
#275=CYLINDRICAL_SURFACE('',#2275,0.05);
#276=CYLINDRICAL_SURFACE('',#2304,0.02842);
#277=CYLINDRICAL_SURFACE('',#2309,0.001);
#278=CYLINDRICAL_SURFACE('',#2311,0.001);
#279=CYLINDRICAL_SURFACE('',#2322,0.001);
#280=CYLINDRICAL_SURFACE('',#2324,0.001);
#281=CYLINDRICAL_SURFACE('',#2334,0.001);
#282=CYLINDRICAL_SURFACE('',#2336,0.001);
#283=CYLINDRICAL_SURFACE('',#2346,0.001);
#284=CYLINDRICAL_SURFACE('',#2348,0.001);
#285=CYLINDRICAL_SURFACE('',#2358,0.001);
#286=CYLINDRICAL_SURFACE('',#2360,0.001);
#287=CYLINDRICAL_SURFACE('',#2370,0.001);
#288=CYLINDRICAL_SURFACE('',#2372,0.001);
#289=CYLINDRICAL_SURFACE('',#2382,0.001);
#290=CYLINDRICAL_SURFACE('',#2384,0.001);
#291=CYLINDRICAL_SURFACE('',#2394,0.001);
#292=CYLINDRICAL_SURFACE('',#2396,0.001);
#293=CYLINDRICAL_SURFACE('',#2406,0.001);
#294=CYLINDRICAL_SURFACE('',#2408,0.001);
#295=CYLINDRICAL_SURFACE('',#2418,0.001);
#296=CYLINDRICAL_SURFACE('',#2420,0.001);
#297=ORIENTED_EDGE('',*,*,#869,.T.);
#298=ORIENTED_EDGE('',*,*,#870,.T.);
#299=ORIENTED_EDGE('',*,*,#871,.T.);
#300=ORIENTED_EDGE('',*,*,#872,.T.);
#301=ORIENTED_EDGE('',*,*,#873,.T.);
#302=ORIENTED_EDGE('',*,*,#874,.T.);
#303=ORIENTED_EDGE('',*,*,#875,.T.);
#304=ORIENTED_EDGE('',*,*,#876,.T.);
#305=ORIENTED_EDGE('',*,*,#877,.T.);
#306=ORIENTED_EDGE('',*,*,#878,.T.);
#307=ORIENTED_EDGE('',*,*,#879,.T.);
#308=ORIENTED_EDGE('',*,*,#880,.T.);
#309=ORIENTED_EDGE('',*,*,#881,.T.);
#310=ORIENTED_EDGE('',*,*,#882,.T.);
#311=ORIENTED_EDGE('',*,*,#883,.T.);
#312=ORIENTED_EDGE('',*,*,#884,.T.);
#313=ORIENTED_EDGE('',*,*,#885,.T.);
#314=ORIENTED_EDGE('',*,*,#886,.T.);
#315=ORIENTED_EDGE('',*,*,#887,.T.);
#316=ORIENTED_EDGE('',*,*,#888,.T.);
#317=ORIENTED_EDGE('',*,*,#889,.T.);
#318=ORIENTED_EDGE('',*,*,#890,.T.);
#319=ORIENTED_EDGE('',*,*,#891,.T.);
#320=ORIENTED_EDGE('',*,*,#892,.T.);
#321=ORIENTED_EDGE('',*,*,#893,.T.);
#322=ORIENTED_EDGE('',*,*,#894,.T.);
#323=ORIENTED_EDGE('',*,*,#895,.T.);
#324=ORIENTED_EDGE('',*,*,#896,.T.);
#325=ORIENTED_EDGE('',*,*,#897,.T.);
#326=ORIENTED_EDGE('',*,*,#898,.T.);
#327=ORIENTED_EDGE('',*,*,#899,.T.);
#328=ORIENTED_EDGE('',*,*,#900,.T.);
#329=ORIENTED_EDGE('',*,*,#901,.T.);
#330=ORIENTED_EDGE('',*,*,#902,.T.);
#331=ORIENTED_EDGE('',*,*,#903,.T.);
#332=ORIENTED_EDGE('',*,*,#904,.T.);
#333=ORIENTED_EDGE('',*,*,#905,.T.);
#334=ORIENTED_EDGE('',*,*,#906,.T.);
#335=ORIENTED_EDGE('',*,*,#907,.T.);
#336=ORIENTED_EDGE('',*,*,#908,.T.);
#337=ORIENTED_EDGE('',*,*,#909,.T.);
#338=ORIENTED_EDGE('',*,*,#910,.T.);
#339=ORIENTED_EDGE('',*,*,#911,.T.);
#340=ORIENTED_EDGE('',*,*,#912,.T.);
#341=ORIENTED_EDGE('',*,*,#913,.T.);
#342=ORIENTED_EDGE('',*,*,#914,.T.);
#343=ORIENTED_EDGE('',*,*,#915,.T.);
#344=ORIENTED_EDGE('',*,*,#888,.F.);
#345=ORIENTED_EDGE('',*,*,#916,.T.);
#346=ORIENTED_EDGE('',*,*,#890,.F.);
#347=ORIENTED_EDGE('',*,*,#917,.T.);
#348=ORIENTED_EDGE('',*,*,#918,.T.);
#349=ORIENTED_EDGE('',*,*,#919,.T.);
#350=ORIENTED_EDGE('',*,*,#920,.T.);
#351=ORIENTED_EDGE('',*,*,#921,.T.);
#352=ORIENTED_EDGE('',*,*,#922,.T.);
#353=ORIENTED_EDGE('',*,*,#923,.T.);
#354=ORIENTED_EDGE('',*,*,#924,.T.);
#355=ORIENTED_EDGE('',*,*,#918,.F.);
#356=ORIENTED_EDGE('',*,*,#925,.T.);
#357=ORIENTED_EDGE('',*,*,#914,.F.);
#358=ORIENTED_EDGE('',*,*,#926,.T.);
#359=ORIENTED_EDGE('',*,*,#902,.F.);
#360=ORIENTED_EDGE('',*,*,#869,.F.);
#361=ORIENTED_EDGE('',*,*,#871,.F.);
#362=ORIENTED_EDGE('',*,*,#903,.F.);
#363=ORIENTED_EDGE('',*,*,#917,.F.);
#364=ORIENTED_EDGE('',*,*,#889,.F.);
#365=ORIENTED_EDGE('',*,*,#915,.F.);
#366=ORIENTED_EDGE('',*,*,#925,.F.);
#367=ORIENTED_EDGE('',*,*,#872,.F.);
#368=ORIENTED_EDGE('',*,*,#870,.F.);
#369=ORIENTED_EDGE('',*,*,#916,.F.);
#370=ORIENTED_EDGE('',*,*,#891,.F.);
#371=ORIENTED_EDGE('',*,*,#919,.F.);
#372=ORIENTED_EDGE('',*,*,#926,.F.);
#373=ORIENTED_EDGE('',*,*,#873,.F.);
#374=ORIENTED_EDGE('',*,*,#920,.F.);
#375=ORIENTED_EDGE('',*,*,#875,.F.);
#376=ORIENTED_EDGE('',*,*,#921,.F.);
#377=ORIENTED_EDGE('',*,*,#877,.F.);
#378=ORIENTED_EDGE('',*,*,#922,.F.);
#379=ORIENTED_EDGE('',*,*,#879,.F.);
#380=ORIENTED_EDGE('',*,*,#923,.F.);
#381=ORIENTED_EDGE('',*,*,#881,.F.);
#382=ORIENTED_EDGE('',*,*,#924,.F.);
#383=ORIENTED_EDGE('',*,*,#912,.F.);
#384=ORIENTED_EDGE('',*,*,#883,.F.);
#385=ORIENTED_EDGE('',*,*,#892,.F.);
#386=ORIENTED_EDGE('',*,*,#913,.F.);
#387=ORIENTED_EDGE('',*,*,#893,.F.);
#388=ORIENTED_EDGE('',*,*,#882,.F.);
#389=ORIENTED_EDGE('',*,*,#894,.F.);
#390=ORIENTED_EDGE('',*,*,#880,.F.);
#391=ORIENTED_EDGE('',*,*,#895,.F.);
#392=ORIENTED_EDGE('',*,*,#878,.F.);
#393=ORIENTED_EDGE('',*,*,#896,.F.);
#394=ORIENTED_EDGE('',*,*,#876,.F.);
#395=ORIENTED_EDGE('',*,*,#897,.F.);
#396=ORIENTED_EDGE('',*,*,#874,.F.);
#397=ORIENTED_EDGE('',*,*,#910,.F.);
#398=ORIENTED_EDGE('',*,*,#884,.F.);
#399=ORIENTED_EDGE('',*,*,#898,.F.);
#400=ORIENTED_EDGE('',*,*,#911,.F.);
#401=ORIENTED_EDGE('',*,*,#908,.F.);
#402=ORIENTED_EDGE('',*,*,#885,.F.);
#403=ORIENTED_EDGE('',*,*,#899,.F.);
#404=ORIENTED_EDGE('',*,*,#909,.F.);
#405=ORIENTED_EDGE('',*,*,#906,.F.);
#406=ORIENTED_EDGE('',*,*,#886,.F.);
#407=ORIENTED_EDGE('',*,*,#900,.F.);
#408=ORIENTED_EDGE('',*,*,#907,.F.);
#409=ORIENTED_EDGE('',*,*,#904,.F.);
#410=ORIENTED_EDGE('',*,*,#887,.F.);
#411=ORIENTED_EDGE('',*,*,#901,.F.);
#412=ORIENTED_EDGE('',*,*,#905,.F.);
#413=ORIENTED_EDGE('',*,*,#927,.T.);
#414=ORIENTED_EDGE('',*,*,#928,.T.);
#415=ORIENTED_EDGE('',*,*,#929,.T.);
#416=ORIENTED_EDGE('',*,*,#930,.F.);
#417=ORIENTED_EDGE('',*,*,#931,.T.);
#418=ORIENTED_EDGE('',*,*,#932,.T.);
#419=ORIENTED_EDGE('',*,*,#933,.T.);
#420=ORIENTED_EDGE('',*,*,#934,.T.);
#421=ORIENTED_EDGE('',*,*,#935,.T.);
#422=ORIENTED_EDGE('',*,*,#936,.T.);
#423=ORIENTED_EDGE('',*,*,#937,.T.);
#424=ORIENTED_EDGE('',*,*,#938,.T.);
#425=ORIENTED_EDGE('',*,*,#939,.T.);
#426=ORIENTED_EDGE('',*,*,#940,.T.);
#427=ORIENTED_EDGE('',*,*,#941,.T.);
#428=ORIENTED_EDGE('',*,*,#942,.T.);
#429=ORIENTED_EDGE('',*,*,#943,.T.);
#430=ORIENTED_EDGE('',*,*,#944,.T.);
#431=ORIENTED_EDGE('',*,*,#945,.T.);
#432=ORIENTED_EDGE('',*,*,#946,.T.);
#433=ORIENTED_EDGE('',*,*,#947,.T.);
#434=ORIENTED_EDGE('',*,*,#948,.T.);
#435=ORIENTED_EDGE('',*,*,#949,.T.);
#436=ORIENTED_EDGE('',*,*,#950,.T.);
#437=ORIENTED_EDGE('',*,*,#951,.T.);
#438=ORIENTED_EDGE('',*,*,#952,.T.);
#439=ORIENTED_EDGE('',*,*,#953,.T.);
#440=ORIENTED_EDGE('',*,*,#954,.F.);
#441=ORIENTED_EDGE('',*,*,#955,.F.);
#442=ORIENTED_EDGE('',*,*,#956,.T.);
#443=ORIENTED_EDGE('',*,*,#957,.F.);
#444=ORIENTED_EDGE('',*,*,#958,.T.);
#445=ORIENTED_EDGE('',*,*,#959,.T.);
#446=ORIENTED_EDGE('',*,*,#960,.T.);
#447=ORIENTED_EDGE('',*,*,#961,.T.);
#448=ORIENTED_EDGE('',*,*,#962,.T.);
#449=ORIENTED_EDGE('',*,*,#963,.T.);
#450=ORIENTED_EDGE('',*,*,#964,.T.);
#451=ORIENTED_EDGE('',*,*,#965,.T.);
#452=ORIENTED_EDGE('',*,*,#966,.T.);
#453=ORIENTED_EDGE('',*,*,#967,.T.);
#454=ORIENTED_EDGE('',*,*,#968,.T.);
#455=ORIENTED_EDGE('',*,*,#969,.T.);
#456=ORIENTED_EDGE('',*,*,#970,.T.);
#457=ORIENTED_EDGE('',*,*,#971,.T.);
#458=ORIENTED_EDGE('',*,*,#972,.T.);
#459=ORIENTED_EDGE('',*,*,#973,.T.);
#460=ORIENTED_EDGE('',*,*,#974,.T.);
#461=ORIENTED_EDGE('',*,*,#975,.T.);
#462=ORIENTED_EDGE('',*,*,#976,.T.);
#463=ORIENTED_EDGE('',*,*,#977,.T.);
#464=ORIENTED_EDGE('',*,*,#978,.T.);
#465=ORIENTED_EDGE('',*,*,#979,.T.);
#466=ORIENTED_EDGE('',*,*,#980,.T.);
#467=ORIENTED_EDGE('',*,*,#981,.T.);
#468=ORIENTED_EDGE('',*,*,#982,.T.);
#469=ORIENTED_EDGE('',*,*,#983,.T.);
#470=ORIENTED_EDGE('',*,*,#984,.T.);
#471=ORIENTED_EDGE('',*,*,#985,.T.);
#472=ORIENTED_EDGE('',*,*,#986,.T.);
#473=ORIENTED_EDGE('',*,*,#987,.T.);
#474=ORIENTED_EDGE('',*,*,#988,.T.);
#475=ORIENTED_EDGE('',*,*,#989,.T.);
#476=ORIENTED_EDGE('',*,*,#990,.T.);
#477=ORIENTED_EDGE('',*,*,#991,.T.);
#478=ORIENTED_EDGE('',*,*,#992,.T.);
#479=ORIENTED_EDGE('',*,*,#993,.T.);
#480=ORIENTED_EDGE('',*,*,#994,.T.);
#481=ORIENTED_EDGE('',*,*,#995,.T.);
#482=ORIENTED_EDGE('',*,*,#996,.T.);
#483=ORIENTED_EDGE('',*,*,#997,.T.);
#484=ORIENTED_EDGE('',*,*,#998,.T.);
#485=ORIENTED_EDGE('',*,*,#999,.T.);
#486=ORIENTED_EDGE('',*,*,#952,.F.);
#487=ORIENTED_EDGE('',*,*,#1000,.T.);
#488=ORIENTED_EDGE('',*,*,#1001,.T.);
#489=ORIENTED_EDGE('',*,*,#1002,.T.);
#490=ORIENTED_EDGE('',*,*,#950,.F.);
#491=ORIENTED_EDGE('',*,*,#1003,.T.);
#492=ORIENTED_EDGE('',*,*,#1004,.T.);
#493=ORIENTED_EDGE('',*,*,#1005,.T.);
#494=ORIENTED_EDGE('',*,*,#1006,.T.);
#495=ORIENTED_EDGE('',*,*,#1007,.T.);
#496=ORIENTED_EDGE('',*,*,#948,.F.);
#497=ORIENTED_EDGE('',*,*,#1008,.T.);
#498=ORIENTED_EDGE('',*,*,#1009,.T.);
#499=ORIENTED_EDGE('',*,*,#1010,.T.);
#500=ORIENTED_EDGE('',*,*,#1011,.T.);
#501=ORIENTED_EDGE('',*,*,#1012,.T.);
#502=ORIENTED_EDGE('',*,*,#946,.F.);
#503=ORIENTED_EDGE('',*,*,#1013,.T.);
#504=ORIENTED_EDGE('',*,*,#1014,.T.);
#505=ORIENTED_EDGE('',*,*,#1015,.T.);
#506=ORIENTED_EDGE('',*,*,#1016,.T.);
#507=ORIENTED_EDGE('',*,*,#1017,.T.);
#508=ORIENTED_EDGE('',*,*,#944,.F.);
#509=ORIENTED_EDGE('',*,*,#1018,.T.);
#510=ORIENTED_EDGE('',*,*,#1019,.T.);
#511=ORIENTED_EDGE('',*,*,#1020,.T.);
#512=ORIENTED_EDGE('',*,*,#1021,.T.);
#513=ORIENTED_EDGE('',*,*,#1022,.T.);
#514=ORIENTED_EDGE('',*,*,#942,.F.);
#515=ORIENTED_EDGE('',*,*,#1023,.T.);
#516=ORIENTED_EDGE('',*,*,#1024,.T.);
#517=ORIENTED_EDGE('',*,*,#1025,.T.);
#518=ORIENTED_EDGE('',*,*,#1026,.T.);
#519=ORIENTED_EDGE('',*,*,#1027,.T.);
#520=ORIENTED_EDGE('',*,*,#940,.F.);
#521=ORIENTED_EDGE('',*,*,#1028,.T.);
#522=ORIENTED_EDGE('',*,*,#1029,.T.);
#523=ORIENTED_EDGE('',*,*,#1030,.T.);
#524=ORIENTED_EDGE('',*,*,#1031,.T.);
#525=ORIENTED_EDGE('',*,*,#1032,.T.);
#526=ORIENTED_EDGE('',*,*,#938,.F.);
#527=ORIENTED_EDGE('',*,*,#1033,.T.);
#528=ORIENTED_EDGE('',*,*,#1034,.T.);
#529=ORIENTED_EDGE('',*,*,#1035,.T.);
#530=ORIENTED_EDGE('',*,*,#1036,.T.);
#531=ORIENTED_EDGE('',*,*,#1037,.T.);
#532=ORIENTED_EDGE('',*,*,#936,.F.);
#533=ORIENTED_EDGE('',*,*,#1038,.T.);
#534=ORIENTED_EDGE('',*,*,#1039,.T.);
#535=ORIENTED_EDGE('',*,*,#1040,.T.);
#536=ORIENTED_EDGE('',*,*,#1041,.T.);
#537=ORIENTED_EDGE('',*,*,#1042,.T.);
#538=ORIENTED_EDGE('',*,*,#1043,.T.);
#539=ORIENTED_EDGE('',*,*,#1044,.T.);
#540=ORIENTED_EDGE('',*,*,#934,.F.);
#541=ORIENTED_EDGE('',*,*,#1045,.T.);
#542=ORIENTED_EDGE('',*,*,#1046,.T.);
#543=ORIENTED_EDGE('',*,*,#1047,.T.);
#544=ORIENTED_EDGE('',*,*,#1048,.T.);
#545=ORIENTED_EDGE('',*,*,#1049,.T.);
#546=ORIENTED_EDGE('',*,*,#1050,.T.);
#547=ORIENTED_EDGE('',*,*,#1051,.T.);
#548=ORIENTED_EDGE('',*,*,#1052,.T.);
#549=ORIENTED_EDGE('',*,*,#1053,.T.);
#550=ORIENTED_EDGE('',*,*,#1054,.T.);
#551=ORIENTED_EDGE('',*,*,#1055,.T.);
#552=ORIENTED_EDGE('',*,*,#1056,.T.);
#553=ORIENTED_EDGE('',*,*,#1057,.T.);
#554=ORIENTED_EDGE('',*,*,#1058,.T.);
#555=ORIENTED_EDGE('',*,*,#1059,.T.);
#556=ORIENTED_EDGE('',*,*,#1060,.T.);
#557=ORIENTED_EDGE('',*,*,#1061,.T.);
#558=ORIENTED_EDGE('',*,*,#1062,.T.);
#559=ORIENTED_EDGE('',*,*,#1063,.T.);
#560=ORIENTED_EDGE('',*,*,#1064,.T.);
#561=ORIENTED_EDGE('',*,*,#1065,.T.);
#562=ORIENTED_EDGE('',*,*,#1066,.T.);
#563=ORIENTED_EDGE('',*,*,#1067,.T.);
#564=ORIENTED_EDGE('',*,*,#1068,.T.);
#565=ORIENTED_EDGE('',*,*,#957,.T.);
#566=ORIENTED_EDGE('',*,*,#1069,.F.);
#567=ORIENTED_EDGE('',*,*,#929,.F.);
#568=ORIENTED_EDGE('',*,*,#1070,.T.);
#569=ORIENTED_EDGE('',*,*,#955,.T.);
#570=ORIENTED_EDGE('',*,*,#1071,.T.);
#571=ORIENTED_EDGE('',*,*,#927,.F.);
#572=ORIENTED_EDGE('',*,*,#1072,.F.);
#573=ORIENTED_EDGE('',*,*,#954,.T.);
#574=ORIENTED_EDGE('',*,*,#1070,.F.);
#575=ORIENTED_EDGE('',*,*,#928,.F.);
#576=ORIENTED_EDGE('',*,*,#1071,.F.);
#577=ORIENTED_EDGE('',*,*,#1072,.T.);
#578=ORIENTED_EDGE('',*,*,#930,.T.);
#579=ORIENTED_EDGE('',*,*,#1069,.T.);
#580=ORIENTED_EDGE('',*,*,#956,.F.);
#581=ORIENTED_EDGE('',*,*,#933,.F.);
#582=ORIENTED_EDGE('',*,*,#931,.F.);
#583=ORIENTED_EDGE('',*,*,#1073,.T.);
#584=ORIENTED_EDGE('',*,*,#1074,.F.);
#585=ORIENTED_EDGE('',*,*,#932,.F.);
#586=ORIENTED_EDGE('',*,*,#1074,.T.);
#587=ORIENTED_EDGE('',*,*,#1048,.F.);
#588=ORIENTED_EDGE('',*,*,#1073,.F.);
#589=ORIENTED_EDGE('',*,*,#1075,.F.);
#590=ORIENTED_EDGE('',*,*,#998,.F.);
#591=ORIENTED_EDGE('',*,*,#1076,.F.);
#592=ORIENTED_EDGE('',*,*,#994,.F.);
#593=ORIENTED_EDGE('',*,*,#1077,.F.);
#594=ORIENTED_EDGE('',*,*,#1001,.F.);
#595=ORIENTED_EDGE('',*,*,#1078,.F.);
#596=ORIENTED_EDGE('',*,*,#960,.F.);
#597=ORIENTED_EDGE('',*,*,#1079,.F.);
#598=ORIENTED_EDGE('',*,*,#1002,.F.);
#599=ORIENTED_EDGE('',*,*,#1080,.F.);
#600=ORIENTED_EDGE('',*,*,#1059,.F.);
#601=ORIENTED_EDGE('',*,*,#1076,.T.);
#602=ORIENTED_EDGE('',*,*,#1079,.T.);
#603=ORIENTED_EDGE('',*,*,#1081,.F.);
#604=ORIENTED_EDGE('',*,*,#1075,.T.);
#605=ORIENTED_EDGE('',*,*,#997,.F.);
#606=ORIENTED_EDGE('',*,*,#1082,.F.);
#607=ORIENTED_EDGE('',*,*,#1045,.F.);
#608=ORIENTED_EDGE('',*,*,#953,.F.);
#609=ORIENTED_EDGE('',*,*,#999,.F.);
#610=ORIENTED_EDGE('',*,*,#951,.F.);
#611=ORIENTED_EDGE('',*,*,#1007,.F.);
#612=ORIENTED_EDGE('',*,*,#1083,.F.);
#613=ORIENTED_EDGE('',*,*,#961,.F.);
#614=ORIENTED_EDGE('',*,*,#1078,.T.);
#615=ORIENTED_EDGE('',*,*,#1000,.F.);
#616=ORIENTED_EDGE('',*,*,#1080,.T.);
#617=ORIENTED_EDGE('',*,*,#1077,.T.);
#618=ORIENTED_EDGE('',*,*,#1084,.F.);
#619=ORIENTED_EDGE('',*,*,#1081,.T.);
#620=ORIENTED_EDGE('',*,*,#1058,.F.);
#621=ORIENTED_EDGE('',*,*,#1085,.F.);
#622=ORIENTED_EDGE('',*,*,#995,.F.);
#623=ORIENTED_EDGE('',*,*,#1082,.T.);
#624=ORIENTED_EDGE('',*,*,#996,.F.);
#625=ORIENTED_EDGE('',*,*,#1086,.F.);
#626=ORIENTED_EDGE('',*,*,#1046,.F.);
#627=ORIENTED_EDGE('',*,*,#1083,.T.);
#628=ORIENTED_EDGE('',*,*,#1006,.F.);
#629=ORIENTED_EDGE('',*,*,#1087,.F.);
#630=ORIENTED_EDGE('',*,*,#958,.F.);
#631=ORIENTED_EDGE('',*,*,#1084,.T.);
#632=ORIENTED_EDGE('',*,*,#959,.F.);
#633=ORIENTED_EDGE('',*,*,#1088,.F.);
#634=ORIENTED_EDGE('',*,*,#1060,.F.);
#635=ORIENTED_EDGE('',*,*,#1086,.T.);
#636=ORIENTED_EDGE('',*,*,#1085,.T.);
#637=ORIENTED_EDGE('',*,*,#1089,.F.);
#638=ORIENTED_EDGE('',*,*,#1088,.T.);
#639=ORIENTED_EDGE('',*,*,#1087,.T.);
#640=ORIENTED_EDGE('',*,*,#1090,.F.);
#641=ORIENTED_EDGE('',*,*,#1089,.T.);
#642=ORIENTED_EDGE('',*,*,#1057,.F.);
#643=ORIENTED_EDGE('',*,*,#1091,.F.);
#644=ORIENTED_EDGE('',*,*,#1047,.F.);
#645=ORIENTED_EDGE('',*,*,#1092,.F.);
#646=ORIENTED_EDGE('',*,*,#1043,.F.);
#647=ORIENTED_EDGE('',*,*,#1093,.F.);
#648=ORIENTED_EDGE('',*,*,#990,.F.);
#649=ORIENTED_EDGE('',*,*,#1094,.F.);
#650=ORIENTED_EDGE('',*,*,#1004,.F.);
#651=ORIENTED_EDGE('',*,*,#1095,.F.);
#652=ORIENTED_EDGE('',*,*,#964,.F.);
#653=ORIENTED_EDGE('',*,*,#1090,.T.);
#654=ORIENTED_EDGE('',*,*,#1005,.F.);
#655=ORIENTED_EDGE('',*,*,#1096,.F.);
#656=ORIENTED_EDGE('',*,*,#1061,.F.);
#657=ORIENTED_EDGE('',*,*,#1093,.T.);
#658=ORIENTED_EDGE('',*,*,#1091,.T.);
#659=ORIENTED_EDGE('',*,*,#1097,.F.);
#660=ORIENTED_EDGE('',*,*,#1092,.T.);
#661=ORIENTED_EDGE('',*,*,#993,.F.);
#662=ORIENTED_EDGE('',*,*,#1098,.F.);
#663=ORIENTED_EDGE('',*,*,#1038,.F.);
#664=ORIENTED_EDGE('',*,*,#935,.F.);
#665=ORIENTED_EDGE('',*,*,#1044,.F.);
#666=ORIENTED_EDGE('',*,*,#949,.F.);
#667=ORIENTED_EDGE('',*,*,#1012,.F.);
#668=ORIENTED_EDGE('',*,*,#1099,.F.);
#669=ORIENTED_EDGE('',*,*,#965,.F.);
#670=ORIENTED_EDGE('',*,*,#1095,.T.);
#671=ORIENTED_EDGE('',*,*,#1003,.F.);
#672=ORIENTED_EDGE('',*,*,#1096,.T.);
#673=ORIENTED_EDGE('',*,*,#1094,.T.);
#674=ORIENTED_EDGE('',*,*,#1100,.F.);
#675=ORIENTED_EDGE('',*,*,#1097,.T.);
#676=ORIENTED_EDGE('',*,*,#1056,.F.);
#677=ORIENTED_EDGE('',*,*,#1101,.F.);
#678=ORIENTED_EDGE('',*,*,#991,.F.);
#679=ORIENTED_EDGE('',*,*,#1098,.T.);
#680=ORIENTED_EDGE('',*,*,#992,.F.);
#681=ORIENTED_EDGE('',*,*,#1102,.F.);
#682=ORIENTED_EDGE('',*,*,#1039,.F.);
#683=ORIENTED_EDGE('',*,*,#1099,.T.);
#684=ORIENTED_EDGE('',*,*,#1011,.F.);
#685=ORIENTED_EDGE('',*,*,#1103,.F.);
#686=ORIENTED_EDGE('',*,*,#962,.F.);
#687=ORIENTED_EDGE('',*,*,#1100,.T.);
#688=ORIENTED_EDGE('',*,*,#963,.F.);
#689=ORIENTED_EDGE('',*,*,#1104,.F.);
#690=ORIENTED_EDGE('',*,*,#1062,.F.);
#691=ORIENTED_EDGE('',*,*,#1102,.T.);
#692=ORIENTED_EDGE('',*,*,#1101,.T.);
#693=ORIENTED_EDGE('',*,*,#1105,.F.);
#694=ORIENTED_EDGE('',*,*,#1104,.T.);
#695=ORIENTED_EDGE('',*,*,#1103,.T.);
#696=ORIENTED_EDGE('',*,*,#1106,.F.);
#697=ORIENTED_EDGE('',*,*,#1105,.T.);
#698=ORIENTED_EDGE('',*,*,#1055,.F.);
#699=ORIENTED_EDGE('',*,*,#1107,.F.);
#700=ORIENTED_EDGE('',*,*,#1040,.F.);
#701=ORIENTED_EDGE('',*,*,#1108,.F.);
#702=ORIENTED_EDGE('',*,*,#1041,.F.);
#703=ORIENTED_EDGE('',*,*,#1109,.F.);
#704=ORIENTED_EDGE('',*,*,#986,.F.);
#705=ORIENTED_EDGE('',*,*,#1110,.F.);
#706=ORIENTED_EDGE('',*,*,#1009,.F.);
#707=ORIENTED_EDGE('',*,*,#1111,.F.);
#708=ORIENTED_EDGE('',*,*,#968,.F.);
#709=ORIENTED_EDGE('',*,*,#1106,.T.);
#710=ORIENTED_EDGE('',*,*,#1010,.F.);
#711=ORIENTED_EDGE('',*,*,#1112,.F.);
#712=ORIENTED_EDGE('',*,*,#1063,.F.);
#713=ORIENTED_EDGE('',*,*,#1109,.T.);
#714=ORIENTED_EDGE('',*,*,#1107,.T.);
#715=ORIENTED_EDGE('',*,*,#1113,.F.);
#716=ORIENTED_EDGE('',*,*,#1108,.T.);
#717=ORIENTED_EDGE('',*,*,#989,.F.);
#718=ORIENTED_EDGE('',*,*,#1114,.F.);
#719=ORIENTED_EDGE('',*,*,#1033,.F.);
#720=ORIENTED_EDGE('',*,*,#937,.F.);
#721=ORIENTED_EDGE('',*,*,#1042,.F.);
#722=ORIENTED_EDGE('',*,*,#947,.F.);
#723=ORIENTED_EDGE('',*,*,#1017,.F.);
#724=ORIENTED_EDGE('',*,*,#1115,.F.);
#725=ORIENTED_EDGE('',*,*,#969,.F.);
#726=ORIENTED_EDGE('',*,*,#1111,.T.);
#727=ORIENTED_EDGE('',*,*,#1008,.F.);
#728=ORIENTED_EDGE('',*,*,#1112,.T.);
#729=ORIENTED_EDGE('',*,*,#1110,.T.);
#730=ORIENTED_EDGE('',*,*,#1116,.F.);
#731=ORIENTED_EDGE('',*,*,#1113,.T.);
#732=ORIENTED_EDGE('',*,*,#1054,.F.);
#733=ORIENTED_EDGE('',*,*,#1117,.F.);
#734=ORIENTED_EDGE('',*,*,#987,.F.);
#735=ORIENTED_EDGE('',*,*,#1114,.T.);
#736=ORIENTED_EDGE('',*,*,#988,.F.);
#737=ORIENTED_EDGE('',*,*,#1118,.F.);
#738=ORIENTED_EDGE('',*,*,#1034,.F.);
#739=ORIENTED_EDGE('',*,*,#1115,.T.);
#740=ORIENTED_EDGE('',*,*,#1016,.F.);
#741=ORIENTED_EDGE('',*,*,#1119,.F.);
#742=ORIENTED_EDGE('',*,*,#966,.F.);
#743=ORIENTED_EDGE('',*,*,#1116,.T.);
#744=ORIENTED_EDGE('',*,*,#967,.F.);
#745=ORIENTED_EDGE('',*,*,#1120,.F.);
#746=ORIENTED_EDGE('',*,*,#1064,.F.);
#747=ORIENTED_EDGE('',*,*,#1118,.T.);
#748=ORIENTED_EDGE('',*,*,#1117,.T.);
#749=ORIENTED_EDGE('',*,*,#1121,.F.);
#750=ORIENTED_EDGE('',*,*,#1120,.T.);
#751=ORIENTED_EDGE('',*,*,#1119,.T.);
#752=ORIENTED_EDGE('',*,*,#1122,.F.);
#753=ORIENTED_EDGE('',*,*,#1121,.T.);
#754=ORIENTED_EDGE('',*,*,#1053,.F.);
#755=ORIENTED_EDGE('',*,*,#1123,.F.);
#756=ORIENTED_EDGE('',*,*,#1035,.F.);
#757=ORIENTED_EDGE('',*,*,#1124,.F.);
#758=ORIENTED_EDGE('',*,*,#1036,.F.);
#759=ORIENTED_EDGE('',*,*,#1125,.F.);
#760=ORIENTED_EDGE('',*,*,#982,.F.);
#761=ORIENTED_EDGE('',*,*,#1126,.F.);
#762=ORIENTED_EDGE('',*,*,#1014,.F.);
#763=ORIENTED_EDGE('',*,*,#1127,.F.);
#764=ORIENTED_EDGE('',*,*,#972,.F.);
#765=ORIENTED_EDGE('',*,*,#1122,.T.);
#766=ORIENTED_EDGE('',*,*,#1015,.F.);
#767=ORIENTED_EDGE('',*,*,#1128,.F.);
#768=ORIENTED_EDGE('',*,*,#1065,.F.);
#769=ORIENTED_EDGE('',*,*,#1125,.T.);
#770=ORIENTED_EDGE('',*,*,#1123,.T.);
#771=ORIENTED_EDGE('',*,*,#1129,.F.);
#772=ORIENTED_EDGE('',*,*,#1124,.T.);
#773=ORIENTED_EDGE('',*,*,#985,.F.);
#774=ORIENTED_EDGE('',*,*,#1130,.F.);
#775=ORIENTED_EDGE('',*,*,#1028,.F.);
#776=ORIENTED_EDGE('',*,*,#939,.F.);
#777=ORIENTED_EDGE('',*,*,#1037,.F.);
#778=ORIENTED_EDGE('',*,*,#945,.F.);
#779=ORIENTED_EDGE('',*,*,#1022,.F.);
#780=ORIENTED_EDGE('',*,*,#1131,.F.);
#781=ORIENTED_EDGE('',*,*,#973,.F.);
#782=ORIENTED_EDGE('',*,*,#1127,.T.);
#783=ORIENTED_EDGE('',*,*,#1013,.F.);
#784=ORIENTED_EDGE('',*,*,#1128,.T.);
#785=ORIENTED_EDGE('',*,*,#1126,.T.);
#786=ORIENTED_EDGE('',*,*,#1132,.F.);
#787=ORIENTED_EDGE('',*,*,#1129,.T.);
#788=ORIENTED_EDGE('',*,*,#1052,.F.);
#789=ORIENTED_EDGE('',*,*,#1133,.F.);
#790=ORIENTED_EDGE('',*,*,#983,.F.);
#791=ORIENTED_EDGE('',*,*,#1130,.T.);
#792=ORIENTED_EDGE('',*,*,#984,.F.);
#793=ORIENTED_EDGE('',*,*,#1134,.F.);
#794=ORIENTED_EDGE('',*,*,#1029,.F.);
#795=ORIENTED_EDGE('',*,*,#1131,.T.);
#796=ORIENTED_EDGE('',*,*,#1021,.F.);
#797=ORIENTED_EDGE('',*,*,#1135,.F.);
#798=ORIENTED_EDGE('',*,*,#970,.F.);
#799=ORIENTED_EDGE('',*,*,#1132,.T.);
#800=ORIENTED_EDGE('',*,*,#971,.F.);
#801=ORIENTED_EDGE('',*,*,#1136,.F.);
#802=ORIENTED_EDGE('',*,*,#1066,.F.);
#803=ORIENTED_EDGE('',*,*,#1134,.T.);
#804=ORIENTED_EDGE('',*,*,#1133,.T.);
#805=ORIENTED_EDGE('',*,*,#1137,.F.);
#806=ORIENTED_EDGE('',*,*,#1136,.T.);
#807=ORIENTED_EDGE('',*,*,#1135,.T.);
#808=ORIENTED_EDGE('',*,*,#1138,.F.);
#809=ORIENTED_EDGE('',*,*,#1137,.T.);
#810=ORIENTED_EDGE('',*,*,#1051,.F.);
#811=ORIENTED_EDGE('',*,*,#1139,.F.);
#812=ORIENTED_EDGE('',*,*,#1030,.F.);
#813=ORIENTED_EDGE('',*,*,#1140,.F.);
#814=ORIENTED_EDGE('',*,*,#1031,.F.);
#815=ORIENTED_EDGE('',*,*,#1141,.F.);
#816=ORIENTED_EDGE('',*,*,#978,.F.);
#817=ORIENTED_EDGE('',*,*,#1142,.F.);
#818=ORIENTED_EDGE('',*,*,#1019,.F.);
#819=ORIENTED_EDGE('',*,*,#1143,.F.);
#820=ORIENTED_EDGE('',*,*,#976,.F.);
#821=ORIENTED_EDGE('',*,*,#1138,.T.);
#822=ORIENTED_EDGE('',*,*,#1020,.F.);
#823=ORIENTED_EDGE('',*,*,#1144,.F.);
#824=ORIENTED_EDGE('',*,*,#1067,.F.);
#825=ORIENTED_EDGE('',*,*,#1141,.T.);
#826=ORIENTED_EDGE('',*,*,#1139,.T.);
#827=ORIENTED_EDGE('',*,*,#1145,.F.);
#828=ORIENTED_EDGE('',*,*,#1140,.T.);
#829=ORIENTED_EDGE('',*,*,#981,.F.);
#830=ORIENTED_EDGE('',*,*,#1146,.F.);
#831=ORIENTED_EDGE('',*,*,#1023,.F.);
#832=ORIENTED_EDGE('',*,*,#941,.F.);
#833=ORIENTED_EDGE('',*,*,#1032,.F.);
#834=ORIENTED_EDGE('',*,*,#943,.F.);
#835=ORIENTED_EDGE('',*,*,#1027,.F.);
#836=ORIENTED_EDGE('',*,*,#1147,.F.);
#837=ORIENTED_EDGE('',*,*,#977,.F.);
#838=ORIENTED_EDGE('',*,*,#1143,.T.);
#839=ORIENTED_EDGE('',*,*,#1018,.F.);
#840=ORIENTED_EDGE('',*,*,#1144,.T.);
#841=ORIENTED_EDGE('',*,*,#1142,.T.);
#842=ORIENTED_EDGE('',*,*,#1148,.F.);
#843=ORIENTED_EDGE('',*,*,#1145,.T.);
#844=ORIENTED_EDGE('',*,*,#1050,.F.);
#845=ORIENTED_EDGE('',*,*,#1149,.F.);
#846=ORIENTED_EDGE('',*,*,#979,.F.);
#847=ORIENTED_EDGE('',*,*,#1146,.T.);
#848=ORIENTED_EDGE('',*,*,#980,.F.);
#849=ORIENTED_EDGE('',*,*,#1150,.F.);
#850=ORIENTED_EDGE('',*,*,#1024,.F.);
#851=ORIENTED_EDGE('',*,*,#1147,.T.);
#852=ORIENTED_EDGE('',*,*,#1026,.F.);
#853=ORIENTED_EDGE('',*,*,#1151,.F.);
#854=ORIENTED_EDGE('',*,*,#974,.F.);
#855=ORIENTED_EDGE('',*,*,#1148,.T.);
#856=ORIENTED_EDGE('',*,*,#975,.F.);
#857=ORIENTED_EDGE('',*,*,#1152,.F.);
#858=ORIENTED_EDGE('',*,*,#1068,.F.);
#859=ORIENTED_EDGE('',*,*,#1150,.T.);
#860=ORIENTED_EDGE('',*,*,#1149,.T.);
#861=ORIENTED_EDGE('',*,*,#1153,.F.);
#862=ORIENTED_EDGE('',*,*,#1152,.T.);
#863=ORIENTED_EDGE('',*,*,#1151,.T.);
#864=ORIENTED_EDGE('',*,*,#1154,.F.);
#865=ORIENTED_EDGE('',*,*,#1153,.T.);
#866=ORIENTED_EDGE('',*,*,#1049,.F.);
#867=ORIENTED_EDGE('',*,*,#1154,.T.);
#868=ORIENTED_EDGE('',*,*,#1025,.F.);
#869=EDGE_CURVE('',#1155,#1155,#1343,.T.);
#870=EDGE_CURVE('',#1156,#1156,#1344,.T.);
#871=EDGE_CURVE('',#1157,#1157,#1345,.F.);
#872=EDGE_CURVE('',#1158,#1158,#1346,.T.);
#873=EDGE_CURVE('',#1159,#1159,#1347,.T.);
#874=EDGE_CURVE('',#1160,#1160,#1348,.T.);
#875=EDGE_CURVE('',#1161,#1161,#1349,.T.);
#876=EDGE_CURVE('',#1162,#1162,#1350,.T.);
#877=EDGE_CURVE('',#1163,#1163,#1351,.T.);
#878=EDGE_CURVE('',#1164,#1164,#1352,.T.);
#879=EDGE_CURVE('',#1165,#1165,#1353,.T.);
#880=EDGE_CURVE('',#1166,#1166,#1354,.T.);
#881=EDGE_CURVE('',#1167,#1167,#1355,.T.);
#882=EDGE_CURVE('',#1168,#1168,#1356,.T.);
#883=EDGE_CURVE('',#1169,#1169,#1357,.T.);
#884=EDGE_CURVE('',#1170,#1170,#1358,.T.);
#885=EDGE_CURVE('',#1171,#1171,#1359,.T.);
#886=EDGE_CURVE('',#1172,#1172,#1360,.T.);
#887=EDGE_CURVE('',#1173,#1173,#1361,.T.);
#888=EDGE_CURVE('',#1174,#1175,#129,.T.);
#889=EDGE_CURVE('',#1175,#1176,#1362,.F.);
#890=EDGE_CURVE('',#1176,#1177,#130,.T.);
#891=EDGE_CURVE('',#1177,#1174,#1363,.T.);
#892=EDGE_CURVE('',#1178,#1178,#1364,.F.);
#893=EDGE_CURVE('',#1179,#1179,#1365,.F.);
#894=EDGE_CURVE('',#1180,#1180,#1366,.F.);
#895=EDGE_CURVE('',#1181,#1181,#1367,.F.);
#896=EDGE_CURVE('',#1182,#1182,#1368,.F.);
#897=EDGE_CURVE('',#1183,#1183,#1369,.F.);
#898=EDGE_CURVE('',#1184,#1184,#1370,.F.);
#899=EDGE_CURVE('',#1185,#1185,#1371,.F.);
#900=EDGE_CURVE('',#1186,#1186,#1372,.F.);
#901=EDGE_CURVE('',#1187,#1187,#1373,.F.);
#902=EDGE_CURVE('',#1188,#1188,#1374,.F.);
#903=EDGE_CURVE('',#1189,#1189,#1375,.T.);
#904=EDGE_CURVE('',#1190,#1190,#1376,.F.);
#905=EDGE_CURVE('',#1191,#1191,#1377,.T.);
#906=EDGE_CURVE('',#1192,#1192,#1378,.F.);
#907=EDGE_CURVE('',#1193,#1193,#1379,.T.);
#908=EDGE_CURVE('',#1194,#1194,#1380,.F.);
#909=EDGE_CURVE('',#1195,#1195,#1381,.T.);
#910=EDGE_CURVE('',#1196,#1196,#1382,.F.);
#911=EDGE_CURVE('',#1197,#1197,#1383,.T.);
#912=EDGE_CURVE('',#1198,#1198,#1384,.F.);
#913=EDGE_CURVE('',#1199,#1199,#1385,.T.);
#914=EDGE_CURVE('',#1200,#1201,#131,.T.);
#915=EDGE_CURVE('',#1201,#1175,#1386,.T.);
#916=EDGE_CURVE('',#1174,#1200,#1387,.T.);
#917=EDGE_CURVE('',#1176,#1202,#1388,.T.);
#918=EDGE_CURVE('',#1202,#1203,#132,.T.);
#919=EDGE_CURVE('',#1203,#1177,#1389,.T.);
#920=EDGE_CURVE('',#1204,#1204,#1390,.F.);
#921=EDGE_CURVE('',#1205,#1205,#1391,.F.);
#922=EDGE_CURVE('',#1206,#1206,#1392,.F.);
#923=EDGE_CURVE('',#1207,#1207,#1393,.F.);
#924=EDGE_CURVE('',#1208,#1208,#1394,.F.);
#925=EDGE_CURVE('',#1202,#1201,#1395,.T.);
#926=EDGE_CURVE('',#1200,#1203,#1396,.T.);
#927=EDGE_CURVE('',#1209,#1210,#133,.T.);
#928=EDGE_CURVE('',#1210,#1211,#1397,.T.);
#929=EDGE_CURVE('',#1211,#1212,#134,.F.);
#930=EDGE_CURVE('',#1209,#1212,#1398,.T.);
#931=EDGE_CURVE('',#1213,#1213,#1399,.F.);
#932=EDGE_CURVE('',#1214,#1214,#1400,.T.);
#933=EDGE_CURVE('',#1215,#1215,#1401,.T.);
#934=EDGE_CURVE('',#1216,#1217,#1402,.T.);
#935=EDGE_CURVE('',#1217,#1218,#40,.T.);
#936=EDGE_CURVE('',#1218,#1219,#1403,.T.);
#937=EDGE_CURVE('',#1219,#1220,#41,.T.);
#938=EDGE_CURVE('',#1220,#1221,#1404,.T.);
#939=EDGE_CURVE('',#1221,#1222,#42,.T.);
#940=EDGE_CURVE('',#1222,#1223,#1405,.T.);
#941=EDGE_CURVE('',#1223,#1224,#43,.T.);
#942=EDGE_CURVE('',#1224,#1225,#1406,.T.);
#943=EDGE_CURVE('',#1225,#1226,#44,.T.);
#944=EDGE_CURVE('',#1226,#1227,#1407,.T.);
#945=EDGE_CURVE('',#1227,#1228,#45,.T.);
#946=EDGE_CURVE('',#1228,#1229,#1408,.T.);
#947=EDGE_CURVE('',#1229,#1230,#46,.T.);
#948=EDGE_CURVE('',#1230,#1231,#1409,.T.);
#949=EDGE_CURVE('',#1231,#1232,#47,.T.);
#950=EDGE_CURVE('',#1232,#1233,#1410,.T.);
#951=EDGE_CURVE('',#1233,#1234,#48,.T.);
#952=EDGE_CURVE('',#1234,#1235,#1411,.T.);
#953=EDGE_CURVE('',#1235,#1216,#49,.T.);
#954=EDGE_CURVE('',#1236,#1237,#1412,.T.);
#955=EDGE_CURVE('',#1238,#1236,#135,.T.);
#956=EDGE_CURVE('',#1238,#1239,#1413,.T.);
#957=EDGE_CURVE('',#1237,#1239,#136,.T.);
#958=EDGE_CURVE('',#1240,#1241,#137,.T.);
#959=EDGE_CURVE('',#1241,#1242,#1414,.T.);
#960=EDGE_CURVE('',#1242,#1243,#138,.F.);
#961=EDGE_CURVE('',#1243,#1240,#50,.T.);
#962=EDGE_CURVE('',#1244,#1245,#139,.T.);
#963=EDGE_CURVE('',#1245,#1246,#1415,.T.);
#964=EDGE_CURVE('',#1246,#1247,#140,.F.);
#965=EDGE_CURVE('',#1247,#1244,#51,.T.);
#966=EDGE_CURVE('',#1248,#1249,#141,.T.);
#967=EDGE_CURVE('',#1249,#1250,#1416,.T.);
#968=EDGE_CURVE('',#1250,#1251,#142,.F.);
#969=EDGE_CURVE('',#1251,#1248,#52,.T.);
#970=EDGE_CURVE('',#1252,#1253,#143,.T.);
#971=EDGE_CURVE('',#1253,#1254,#1417,.T.);
#972=EDGE_CURVE('',#1254,#1255,#144,.F.);
#973=EDGE_CURVE('',#1255,#1252,#53,.T.);
#974=EDGE_CURVE('',#1256,#1257,#145,.T.);
#975=EDGE_CURVE('',#1257,#1258,#1418,.T.);
#976=EDGE_CURVE('',#1258,#1259,#146,.F.);
#977=EDGE_CURVE('',#1259,#1256,#54,.T.);
#978=EDGE_CURVE('',#1260,#1261,#147,.T.);
#979=EDGE_CURVE('',#1261,#1262,#1419,.T.);
#980=EDGE_CURVE('',#1262,#1263,#148,.F.);
#981=EDGE_CURVE('',#1263,#1260,#55,.T.);
#982=EDGE_CURVE('',#1264,#1265,#149,.T.);
#983=EDGE_CURVE('',#1265,#1266,#1420,.T.);
#984=EDGE_CURVE('',#1266,#1267,#150,.F.);
#985=EDGE_CURVE('',#1267,#1264,#56,.T.);
#986=EDGE_CURVE('',#1268,#1269,#151,.T.);
#987=EDGE_CURVE('',#1269,#1270,#1421,.T.);
#988=EDGE_CURVE('',#1270,#1271,#152,.F.);
#989=EDGE_CURVE('',#1271,#1268,#57,.T.);
#990=EDGE_CURVE('',#1272,#1273,#153,.T.);
#991=EDGE_CURVE('',#1273,#1274,#1422,.T.);
#992=EDGE_CURVE('',#1274,#1275,#154,.F.);
#993=EDGE_CURVE('',#1275,#1272,#58,.T.);
#994=EDGE_CURVE('',#1276,#1277,#155,.T.);
#995=EDGE_CURVE('',#1277,#1278,#1423,.T.);
#996=EDGE_CURVE('',#1278,#1279,#156,.F.);
#997=EDGE_CURVE('',#1279,#1276,#59,.T.);
#998=EDGE_CURVE('',#1280,#1281,#157,.T.);
#999=EDGE_CURVE('',#1281,#1235,#60,.T.);
#1000=EDGE_CURVE('',#1234,#1282,#61,.T.);
#1001=EDGE_CURVE('',#1282,#1283,#158,.F.);
#1002=EDGE_CURVE('',#1283,#1280,#1424,.F.);
#1003=EDGE_CURVE('',#1232,#1284,#62,.T.);
#1004=EDGE_CURVE('',#1284,#1285,#159,.F.);
#1005=EDGE_CURVE('',#1285,#1286,#1425,.F.);
#1006=EDGE_CURVE('',#1286,#1287,#160,.T.);
#1007=EDGE_CURVE('',#1287,#1233,#63,.T.);
#1008=EDGE_CURVE('',#1230,#1288,#64,.T.);
#1009=EDGE_CURVE('',#1288,#1289,#161,.F.);
#1010=EDGE_CURVE('',#1289,#1290,#1426,.F.);
#1011=EDGE_CURVE('',#1290,#1291,#162,.T.);
#1012=EDGE_CURVE('',#1291,#1231,#65,.T.);
#1013=EDGE_CURVE('',#1228,#1292,#66,.T.);
#1014=EDGE_CURVE('',#1292,#1293,#163,.F.);
#1015=EDGE_CURVE('',#1293,#1294,#1427,.F.);
#1016=EDGE_CURVE('',#1294,#1295,#164,.T.);
#1017=EDGE_CURVE('',#1295,#1229,#67,.T.);
#1018=EDGE_CURVE('',#1226,#1296,#68,.T.);
#1019=EDGE_CURVE('',#1296,#1297,#165,.F.);
#1020=EDGE_CURVE('',#1297,#1298,#1428,.F.);
#1021=EDGE_CURVE('',#1298,#1299,#166,.T.);
#1022=EDGE_CURVE('',#1299,#1227,#69,.T.);
#1023=EDGE_CURVE('',#1224,#1300,#70,.T.);
#1024=EDGE_CURVE('',#1300,#1301,#167,.F.);
#1025=EDGE_CURVE('',#1301,#1302,#1429,.F.);
#1026=EDGE_CURVE('',#1302,#1303,#168,.T.);
#1027=EDGE_CURVE('',#1303,#1225,#71,.T.);
#1028=EDGE_CURVE('',#1222,#1304,#72,.T.);
#1029=EDGE_CURVE('',#1304,#1305,#169,.F.);
#1030=EDGE_CURVE('',#1305,#1306,#1430,.F.);
#1031=EDGE_CURVE('',#1306,#1307,#170,.T.);
#1032=EDGE_CURVE('',#1307,#1223,#73,.T.);
#1033=EDGE_CURVE('',#1220,#1308,#74,.T.);
#1034=EDGE_CURVE('',#1308,#1309,#171,.F.);
#1035=EDGE_CURVE('',#1309,#1310,#1431,.F.);
#1036=EDGE_CURVE('',#1310,#1311,#172,.T.);
#1037=EDGE_CURVE('',#1311,#1221,#75,.T.);
#1038=EDGE_CURVE('',#1218,#1312,#76,.T.);
#1039=EDGE_CURVE('',#1312,#1313,#173,.F.);
#1040=EDGE_CURVE('',#1313,#1314,#1432,.F.);
#1041=EDGE_CURVE('',#1314,#1315,#174,.T.);
#1042=EDGE_CURVE('',#1315,#1219,#77,.T.);
#1043=EDGE_CURVE('',#1316,#1317,#175,.T.);
#1044=EDGE_CURVE('',#1317,#1217,#78,.T.);
#1045=EDGE_CURVE('',#1216,#1318,#79,.T.);
#1046=EDGE_CURVE('',#1318,#1319,#176,.F.);
#1047=EDGE_CURVE('',#1319,#1316,#1433,.F.);
#1048=EDGE_CURVE('',#1320,#1320,#1434,.F.);
#1049=EDGE_CURVE('',#1321,#1322,#1435,.T.);
#1050=EDGE_CURVE('',#1322,#1323,#1436,.F.);
#1051=EDGE_CURVE('',#1323,#1324,#1437,.T.);
#1052=EDGE_CURVE('',#1324,#1325,#1438,.F.);
#1053=EDGE_CURVE('',#1325,#1326,#1439,.T.);
#1054=EDGE_CURVE('',#1326,#1327,#1440,.F.);
#1055=EDGE_CURVE('',#1327,#1328,#1441,.T.);
#1056=EDGE_CURVE('',#1328,#1329,#1442,.F.);
#1057=EDGE_CURVE('',#1329,#1330,#1443,.T.);
#1058=EDGE_CURVE('',#1330,#1331,#1444,.F.);
#1059=EDGE_CURVE('',#1331,#1332,#1445,.T.);
#1060=EDGE_CURVE('',#1332,#1333,#1446,.F.);
#1061=EDGE_CURVE('',#1333,#1334,#1447,.T.);
#1062=EDGE_CURVE('',#1334,#1335,#1448,.F.);
#1063=EDGE_CURVE('',#1335,#1336,#1449,.T.);
#1064=EDGE_CURVE('',#1336,#1337,#1450,.F.);
#1065=EDGE_CURVE('',#1337,#1338,#1451,.T.);
#1066=EDGE_CURVE('',#1338,#1339,#1452,.F.);
#1067=EDGE_CURVE('',#1339,#1340,#1453,.T.);
#1068=EDGE_CURVE('',#1340,#1321,#1454,.F.);
#1069=EDGE_CURVE('',#1212,#1239,#177,.T.);
#1070=EDGE_CURVE('',#1211,#1237,#178,.T.);
#1071=EDGE_CURVE('',#1236,#1210,#179,.T.);
#1072=EDGE_CURVE('',#1238,#1209,#180,.T.);
#1073=EDGE_CURVE('',#1341,#1341,#1455,.T.);
#1074=EDGE_CURVE('',#1342,#1342,#1456,.T.);
#1075=EDGE_CURVE('',#1281,#1276,#80,.T.);
#1076=EDGE_CURVE('',#1277,#1280,#1457,.T.);
#1077=EDGE_CURVE('',#1283,#1242,#1458,.T.);
#1078=EDGE_CURVE('',#1243,#1282,#81,.F.);
#1079=EDGE_CURVE('',#1280,#1331,#1459,.T.);
#1080=EDGE_CURVE('',#1332,#1283,#1460,.T.);
#1081=EDGE_CURVE('',#1277,#1331,#1461,.F.);
#1082=EDGE_CURVE('',#1318,#1279,#82,.T.);
#1083=EDGE_CURVE('',#1240,#1287,#83,.F.);
#1084=EDGE_CURVE('',#1332,#1242,#1462,.F.);
#1085=EDGE_CURVE('',#1278,#1330,#1463,.T.);
#1086=EDGE_CURVE('',#1319,#1278,#1464,.T.);
#1087=EDGE_CURVE('',#1241,#1286,#1465,.T.);
#1088=EDGE_CURVE('',#1333,#1241,#1466,.T.);
#1089=EDGE_CURVE('',#1319,#1330,#1467,.F.);
#1090=EDGE_CURVE('',#1333,#1286,#1468,.F.);
#1091=EDGE_CURVE('',#1316,#1329,#1469,.T.);
#1092=EDGE_CURVE('',#1317,#1272,#84,.T.);
#1093=EDGE_CURVE('',#1273,#1316,#1470,.T.);
#1094=EDGE_CURVE('',#1285,#1246,#1471,.T.);
#1095=EDGE_CURVE('',#1247,#1284,#85,.F.);
#1096=EDGE_CURVE('',#1334,#1285,#1472,.T.);
#1097=EDGE_CURVE('',#1273,#1329,#1473,.F.);
#1098=EDGE_CURVE('',#1312,#1275,#86,.T.);
#1099=EDGE_CURVE('',#1244,#1291,#87,.F.);
#1100=EDGE_CURVE('',#1334,#1246,#1474,.F.);
#1101=EDGE_CURVE('',#1274,#1328,#1475,.T.);
#1102=EDGE_CURVE('',#1313,#1274,#1476,.T.);
#1103=EDGE_CURVE('',#1245,#1290,#1477,.T.);
#1104=EDGE_CURVE('',#1335,#1245,#1478,.T.);
#1105=EDGE_CURVE('',#1313,#1328,#1479,.F.);
#1106=EDGE_CURVE('',#1335,#1290,#1480,.F.);
#1107=EDGE_CURVE('',#1314,#1327,#1481,.T.);
#1108=EDGE_CURVE('',#1315,#1268,#88,.T.);
#1109=EDGE_CURVE('',#1269,#1314,#1482,.T.);
#1110=EDGE_CURVE('',#1289,#1250,#1483,.T.);
#1111=EDGE_CURVE('',#1251,#1288,#89,.F.);
#1112=EDGE_CURVE('',#1336,#1289,#1484,.T.);
#1113=EDGE_CURVE('',#1269,#1327,#1485,.F.);
#1114=EDGE_CURVE('',#1308,#1271,#90,.T.);
#1115=EDGE_CURVE('',#1248,#1295,#91,.F.);
#1116=EDGE_CURVE('',#1336,#1250,#1486,.F.);
#1117=EDGE_CURVE('',#1270,#1326,#1487,.T.);
#1118=EDGE_CURVE('',#1309,#1270,#1488,.T.);
#1119=EDGE_CURVE('',#1249,#1294,#1489,.T.);
#1120=EDGE_CURVE('',#1337,#1249,#1490,.T.);
#1121=EDGE_CURVE('',#1309,#1326,#1491,.F.);
#1122=EDGE_CURVE('',#1337,#1294,#1492,.F.);
#1123=EDGE_CURVE('',#1310,#1325,#1493,.T.);
#1124=EDGE_CURVE('',#1311,#1264,#92,.T.);
#1125=EDGE_CURVE('',#1265,#1310,#1494,.T.);
#1126=EDGE_CURVE('',#1293,#1254,#1495,.T.);
#1127=EDGE_CURVE('',#1255,#1292,#93,.F.);
#1128=EDGE_CURVE('',#1338,#1293,#1496,.T.);
#1129=EDGE_CURVE('',#1265,#1325,#1497,.F.);
#1130=EDGE_CURVE('',#1304,#1267,#94,.T.);
#1131=EDGE_CURVE('',#1252,#1299,#95,.F.);
#1132=EDGE_CURVE('',#1338,#1254,#1498,.F.);
#1133=EDGE_CURVE('',#1266,#1324,#1499,.T.);
#1134=EDGE_CURVE('',#1305,#1266,#1500,.T.);
#1135=EDGE_CURVE('',#1253,#1298,#1501,.T.);
#1136=EDGE_CURVE('',#1339,#1253,#1502,.T.);
#1137=EDGE_CURVE('',#1305,#1324,#1503,.F.);
#1138=EDGE_CURVE('',#1339,#1298,#1504,.F.);
#1139=EDGE_CURVE('',#1306,#1323,#1505,.T.);
#1140=EDGE_CURVE('',#1307,#1260,#96,.T.);
#1141=EDGE_CURVE('',#1261,#1306,#1506,.T.);
#1142=EDGE_CURVE('',#1297,#1258,#1507,.T.);
#1143=EDGE_CURVE('',#1259,#1296,#97,.F.);
#1144=EDGE_CURVE('',#1340,#1297,#1508,.T.);
#1145=EDGE_CURVE('',#1261,#1323,#1509,.F.);
#1146=EDGE_CURVE('',#1300,#1263,#98,.T.);
#1147=EDGE_CURVE('',#1256,#1303,#99,.F.);
#1148=EDGE_CURVE('',#1340,#1258,#1510,.F.);
#1149=EDGE_CURVE('',#1262,#1322,#1511,.T.);
#1150=EDGE_CURVE('',#1301,#1262,#1512,.T.);
#1151=EDGE_CURVE('',#1257,#1302,#1513,.T.);
#1152=EDGE_CURVE('',#1321,#1257,#1514,.T.);
#1153=EDGE_CURVE('',#1301,#1322,#1515,.F.);
#1154=EDGE_CURVE('',#1321,#1302,#1516,.F.);
#1155=VERTEX_POINT('',#3100);
#1156=VERTEX_POINT('',#3102);
#1157=VERTEX_POINT('',#3105);
#1158=VERTEX_POINT('',#3107);
#1159=VERTEX_POINT('',#3110);
#1160=VERTEX_POINT('',#3112);
#1161=VERTEX_POINT('',#3115);
#1162=VERTEX_POINT('',#3117);
#1163=VERTEX_POINT('',#3120);
#1164=VERTEX_POINT('',#3122);
#1165=VERTEX_POINT('',#3125);
#1166=VERTEX_POINT('',#3127);
#1167=VERTEX_POINT('',#3130);
#1168=VERTEX_POINT('',#3132);
#1169=VERTEX_POINT('',#3135);
#1170=VERTEX_POINT('',#3137);
#1171=VERTEX_POINT('',#3139);
#1172=VERTEX_POINT('',#3141);
#1173=VERTEX_POINT('',#3143);
#1174=VERTEX_POINT('',#3145);
#1175=VERTEX_POINT('',#3146);
#1176=VERTEX_POINT('',#3148);
#1177=VERTEX_POINT('',#3150);
#1178=VERTEX_POINT('',#3154);
#1179=VERTEX_POINT('',#3156);
#1180=VERTEX_POINT('',#3158);
#1181=VERTEX_POINT('',#3160);
#1182=VERTEX_POINT('',#3162);
#1183=VERTEX_POINT('',#3164);
#1184=VERTEX_POINT('',#3166);
#1185=VERTEX_POINT('',#3168);
#1186=VERTEX_POINT('',#3170);
#1187=VERTEX_POINT('',#3172);
#1188=VERTEX_POINT('',#3174);
#1189=VERTEX_POINT('',#3176);
#1190=VERTEX_POINT('',#3179);
#1191=VERTEX_POINT('',#3181);
#1192=VERTEX_POINT('',#3184);
#1193=VERTEX_POINT('',#3186);
#1194=VERTEX_POINT('',#3189);
#1195=VERTEX_POINT('',#3191);
#1196=VERTEX_POINT('',#3194);
#1197=VERTEX_POINT('',#3196);
#1198=VERTEX_POINT('',#3199);
#1199=VERTEX_POINT('',#3201);
#1200=VERTEX_POINT('',#3204);
#1201=VERTEX_POINT('',#3205);
#1202=VERTEX_POINT('',#3210);
#1203=VERTEX_POINT('',#3212);
#1204=VERTEX_POINT('',#3216);
#1205=VERTEX_POINT('',#3218);
#1206=VERTEX_POINT('',#3220);
#1207=VERTEX_POINT('',#3222);
#1208=VERTEX_POINT('',#3224);
#1209=VERTEX_POINT('',#3254);
#1210=VERTEX_POINT('',#3255);
#1211=VERTEX_POINT('',#3257);
#1212=VERTEX_POINT('',#3259);
#1213=VERTEX_POINT('',#3262);
#1214=VERTEX_POINT('',#3264);
#1215=VERTEX_POINT('',#3267);
#1216=VERTEX_POINT('',#3269);
#1217=VERTEX_POINT('',#3270);
#1218=VERTEX_POINT('',#3292);
#1219=VERTEX_POINT('',#3294);
#1220=VERTEX_POINT('',#3316);
#1221=VERTEX_POINT('',#3318);
#1222=VERTEX_POINT('',#3340);
#1223=VERTEX_POINT('',#3342);
#1224=VERTEX_POINT('',#3364);
#1225=VERTEX_POINT('',#3366);
#1226=VERTEX_POINT('',#3388);
#1227=VERTEX_POINT('',#3390);
#1228=VERTEX_POINT('',#3412);
#1229=VERTEX_POINT('',#3414);
#1230=VERTEX_POINT('',#3436);
#1231=VERTEX_POINT('',#3438);
#1232=VERTEX_POINT('',#3460);
#1233=VERTEX_POINT('',#3462);
#1234=VERTEX_POINT('',#3484);
#1235=VERTEX_POINT('',#3486);
#1236=VERTEX_POINT('',#3509);
#1237=VERTEX_POINT('',#3510);
#1238=VERTEX_POINT('',#3512);
#1239=VERTEX_POINT('',#3514);
#1240=VERTEX_POINT('',#3518);
#1241=VERTEX_POINT('',#3519);
#1242=VERTEX_POINT('',#3521);
#1243=VERTEX_POINT('',#3523);
#1244=VERTEX_POINT('',#3547);
#1245=VERTEX_POINT('',#3548);
#1246=VERTEX_POINT('',#3550);
#1247=VERTEX_POINT('',#3552);
#1248=VERTEX_POINT('',#3576);
#1249=VERTEX_POINT('',#3577);
#1250=VERTEX_POINT('',#3579);
#1251=VERTEX_POINT('',#3581);
#1252=VERTEX_POINT('',#3605);
#1253=VERTEX_POINT('',#3606);
#1254=VERTEX_POINT('',#3608);
#1255=VERTEX_POINT('',#3610);
#1256=VERTEX_POINT('',#3634);
#1257=VERTEX_POINT('',#3635);
#1258=VERTEX_POINT('',#3637);
#1259=VERTEX_POINT('',#3639);
#1260=VERTEX_POINT('',#3663);
#1261=VERTEX_POINT('',#3664);
#1262=VERTEX_POINT('',#3666);
#1263=VERTEX_POINT('',#3668);
#1264=VERTEX_POINT('',#3692);
#1265=VERTEX_POINT('',#3693);
#1266=VERTEX_POINT('',#3695);
#1267=VERTEX_POINT('',#3697);
#1268=VERTEX_POINT('',#3721);
#1269=VERTEX_POINT('',#3722);
#1270=VERTEX_POINT('',#3724);
#1271=VERTEX_POINT('',#3726);
#1272=VERTEX_POINT('',#3750);
#1273=VERTEX_POINT('',#3751);
#1274=VERTEX_POINT('',#3753);
#1275=VERTEX_POINT('',#3755);
#1276=VERTEX_POINT('',#3779);
#1277=VERTEX_POINT('',#3780);
#1278=VERTEX_POINT('',#3782);
#1279=VERTEX_POINT('',#3784);
#1280=VERTEX_POINT('',#3808);
#1281=VERTEX_POINT('',#3809);
#1282=VERTEX_POINT('',#3818);
#1283=VERTEX_POINT('',#3820);
#1284=VERTEX_POINT('',#3827);
#1285=VERTEX_POINT('',#3829);
#1286=VERTEX_POINT('',#3831);
#1287=VERTEX_POINT('',#3833);
#1288=VERTEX_POINT('',#3843);
#1289=VERTEX_POINT('',#3845);
#1290=VERTEX_POINT('',#3847);
#1291=VERTEX_POINT('',#3849);
#1292=VERTEX_POINT('',#3859);
#1293=VERTEX_POINT('',#3861);
#1294=VERTEX_POINT('',#3863);
#1295=VERTEX_POINT('',#3865);
#1296=VERTEX_POINT('',#3875);
#1297=VERTEX_POINT('',#3877);
#1298=VERTEX_POINT('',#3879);
#1299=VERTEX_POINT('',#3881);
#1300=VERTEX_POINT('',#3891);
#1301=VERTEX_POINT('',#3893);
#1302=VERTEX_POINT('',#3895);
#1303=VERTEX_POINT('',#3897);
#1304=VERTEX_POINT('',#3907);
#1305=VERTEX_POINT('',#3909);
#1306=VERTEX_POINT('',#3911);
#1307=VERTEX_POINT('',#3913);
#1308=VERTEX_POINT('',#3923);
#1309=VERTEX_POINT('',#3925);
#1310=VERTEX_POINT('',#3927);
#1311=VERTEX_POINT('',#3929);
#1312=VERTEX_POINT('',#3939);
#1313=VERTEX_POINT('',#3941);
#1314=VERTEX_POINT('',#3943);
#1315=VERTEX_POINT('',#3945);
#1316=VERTEX_POINT('',#3952);
#1317=VERTEX_POINT('',#3953);
#1318=VERTEX_POINT('',#3962);
#1319=VERTEX_POINT('',#3964);
#1320=VERTEX_POINT('',#3968);
#1321=VERTEX_POINT('',#3970);
#1322=VERTEX_POINT('',#3971);
#1323=VERTEX_POINT('',#3973);
#1324=VERTEX_POINT('',#3975);
#1325=VERTEX_POINT('',#3977);
#1326=VERTEX_POINT('',#3979);
#1327=VERTEX_POINT('',#3981);
#1328=VERTEX_POINT('',#3983);
#1329=VERTEX_POINT('',#3985);
#1330=VERTEX_POINT('',#3987);
#1331=VERTEX_POINT('',#3989);
#1332=VERTEX_POINT('',#3991);
#1333=VERTEX_POINT('',#3993);
#1334=VERTEX_POINT('',#3995);
#1335=VERTEX_POINT('',#3997);
#1336=VERTEX_POINT('',#3999);
#1337=VERTEX_POINT('',#4001);
#1338=VERTEX_POINT('',#4003);
#1339=VERTEX_POINT('',#4005);
#1340=VERTEX_POINT('',#4007);
#1341=VERTEX_POINT('',#4020);
#1342=VERTEX_POINT('',#4022);
#1343=CIRCLE('',#2123,0.0312170086447345);
#1344=CIRCLE('',#2124,0.0388610086447345);
#1345=CIRCLE('',#2126,0.06524);
#1346=CIRCLE('',#2127,0.06524);
#1347=CIRCLE('',#2129,0.00626);
#1348=CIRCLE('',#2130,0.00626);
#1349=CIRCLE('',#2132,0.00626);
#1350=CIRCLE('',#2133,0.00626);
#1351=CIRCLE('',#2135,0.00626);
#1352=CIRCLE('',#2136,0.00626);
#1353=CIRCLE('',#2138,0.00626);
#1354=CIRCLE('',#2139,0.00626);
#1355=CIRCLE('',#2141,0.00626);
#1356=CIRCLE('',#2142,0.00626);
#1357=CIRCLE('',#2144,0.00826);
#1358=CIRCLE('',#2145,0.00826);
#1359=CIRCLE('',#2146,0.00826);
#1360=CIRCLE('',#2147,0.00826);
#1361=CIRCLE('',#2148,0.00826);
#1362=CIRCLE('',#2149,0.06324);
#1363=CIRCLE('',#2150,0.0407403759066481);
#1364=CIRCLE('',#2152,0.00826);
#1365=CIRCLE('',#2153,0.00826);
#1366=CIRCLE('',#2154,0.00826);
#1367=CIRCLE('',#2155,0.00826);
#1368=CIRCLE('',#2156,0.00826);
#1369=CIRCLE('',#2157,0.00826);
#1370=CIRCLE('',#2158,0.00826);
#1371=CIRCLE('',#2159,0.00826);
#1372=CIRCLE('',#2160,0.00826);
#1373=CIRCLE('',#2161,0.00826);
#1374=CIRCLE('',#2162,0.0330963759066481);
#1375=CIRCLE('',#2163,0.06324);
#1376=CIRCLE('',#2165,0.00626);
#1377=CIRCLE('',#2166,0.00626);
#1378=CIRCLE('',#2168,0.00626);
#1379=CIRCLE('',#2169,0.00626);
#1380=CIRCLE('',#2171,0.00626);
#1381=CIRCLE('',#2172,0.00626);
#1382=CIRCLE('',#2174,0.00626);
#1383=CIRCLE('',#2175,0.00626);
#1384=CIRCLE('',#2177,0.00626);
#1385=CIRCLE('',#2178,0.00626);
#1386=CIRCLE('',#2180,0.002);
#1387=CIRCLE('',#2181,0.002);
#1388=CIRCLE('',#2183,0.002);
#1389=CIRCLE('',#2184,0.002);
#1390=CIRCLE('',#2186,0.00826);
#1391=CIRCLE('',#2187,0.00826);
#1392=CIRCLE('',#2188,0.00826);
#1393=CIRCLE('',#2189,0.00826);
#1394=CIRCLE('',#2190,0.00826);
#1395=CIRCLE('',#2191,0.0638644997998398);
#1396=CIRCLE('',#2192,0.0401158761068083);
#1397=CIRCLE('',#2219,0.015);
#1398=CIRCLE('',#2220,0.015);
#1399=CIRCLE('',#2221,0.015);
#1400=CIRCLE('',#2222,0.015);
#1401=CIRCLE('',#2224,0.0188793813327822);
#1402=CIRCLE('',#2225,0.05);
#1403=CIRCLE('',#2226,0.05);
#1404=CIRCLE('',#2227,0.05);
#1405=CIRCLE('',#2228,0.05);
#1406=CIRCLE('',#2229,0.05);
#1407=CIRCLE('',#2230,0.05);
#1408=CIRCLE('',#2231,0.05);
#1409=CIRCLE('',#2232,0.05);
#1410=CIRCLE('',#2233,0.05);
#1411=CIRCLE('',#2234,0.05);
#1412=CIRCLE('',#2235,0.0339850249584027);
#1413=CIRCLE('',#2236,0.0340214226289517);
#1414=CIRCLE('',#2238,0.00626);
#1415=CIRCLE('',#2240,0.00626);
#1416=CIRCLE('',#2242,0.00626);
#1417=CIRCLE('',#2244,0.00626);
#1418=CIRCLE('',#2246,0.00626);
#1419=CIRCLE('',#2248,0.00626);
#1420=CIRCLE('',#2250,0.00626);
#1421=CIRCLE('',#2252,0.00626);
#1422=CIRCLE('',#2254,0.00626);
#1423=CIRCLE('',#2256,0.00626);
#1424=CIRCLE('',#2258,0.05);
#1425=CIRCLE('',#2260,0.05);
#1426=CIRCLE('',#2262,0.05);
#1427=CIRCLE('',#2264,0.05);
#1428=CIRCLE('',#2266,0.05);
#1429=CIRCLE('',#2268,0.05);
#1430=CIRCLE('',#2270,0.05);
#1431=CIRCLE('',#2272,0.05);
#1432=CIRCLE('',#2274,0.05);
#1433=CIRCLE('',#2276,0.05);
#1434=CIRCLE('',#2278,0.02942);
#1435=CIRCLE('',#2279,0.049);
#1436=CIRCLE('',#2280,0.00726);
#1437=CIRCLE('',#2281,0.049);
#1438=CIRCLE('',#2282,0.00726);
#1439=CIRCLE('',#2283,0.049);
#1440=CIRCLE('',#2284,0.00726);
#1441=CIRCLE('',#2285,0.049);
#1442=CIRCLE('',#2286,0.00726);
#1443=CIRCLE('',#2287,0.049);
#1444=CIRCLE('',#2288,0.00726);
#1445=CIRCLE('',#2289,0.049);
#1446=CIRCLE('',#2290,0.00726);
#1447=CIRCLE('',#2291,0.049);
#1448=CIRCLE('',#2292,0.00726);
#1449=CIRCLE('',#2293,0.049);
#1450=CIRCLE('',#2294,0.00726);
#1451=CIRCLE('',#2295,0.049);
#1452=CIRCLE('',#2296,0.00726);
#1453=CIRCLE('',#2297,0.049);
#1454=CIRCLE('',#2298,0.00726);
#1455=CIRCLE('',#2305,0.02842);
#1456=CIRCLE('',#2306,0.02842);
#1457=CIRCLE('',#2310,0.001);
#1458=CIRCLE('',#2312,0.001);
#1459=CIRCLE('',#2314,0.001);
#1460=CIRCLE('',#2315,0.001);
#1461=CIRCLE('',#2317,0.001);
#1462=CIRCLE('',#2319,0.001);
#1463=CIRCLE('',#2321,0.001);
#1464=CIRCLE('',#2323,0.001);
#1465=CIRCLE('',#2325,0.001);
#1466=CIRCLE('',#2327,0.001);
#1467=CIRCLE('',#2329,0.001);
#1468=CIRCLE('',#2331,0.001);
#1469=CIRCLE('',#2333,0.001);
#1470=CIRCLE('',#2335,0.001);
#1471=CIRCLE('',#2337,0.001);
#1472=CIRCLE('',#2339,0.001);
#1473=CIRCLE('',#2341,0.001);
#1474=CIRCLE('',#2343,0.001);
#1475=CIRCLE('',#2345,0.001);
#1476=CIRCLE('',#2347,0.001);
#1477=CIRCLE('',#2349,0.001);
#1478=CIRCLE('',#2351,0.001);
#1479=CIRCLE('',#2353,0.001);
#1480=CIRCLE('',#2355,0.001);
#1481=CIRCLE('',#2357,0.001);
#1482=CIRCLE('',#2359,0.001);
#1483=CIRCLE('',#2361,0.001);
#1484=CIRCLE('',#2363,0.001);
#1485=CIRCLE('',#2365,0.001);
#1486=CIRCLE('',#2367,0.001);
#1487=CIRCLE('',#2369,0.001);
#1488=CIRCLE('',#2371,0.001);
#1489=CIRCLE('',#2373,0.001);
#1490=CIRCLE('',#2375,0.001);
#1491=CIRCLE('',#2377,0.001);
#1492=CIRCLE('',#2379,0.001);
#1493=CIRCLE('',#2381,0.001);
#1494=CIRCLE('',#2383,0.001);
#1495=CIRCLE('',#2385,0.001);
#1496=CIRCLE('',#2387,0.001);
#1497=CIRCLE('',#2389,0.001);
#1498=CIRCLE('',#2391,0.001);
#1499=CIRCLE('',#2393,0.001);
#1500=CIRCLE('',#2395,0.001);
#1501=CIRCLE('',#2397,0.001);
#1502=CIRCLE('',#2399,0.001);
#1503=CIRCLE('',#2401,0.001);
#1504=CIRCLE('',#2403,0.001);
#1505=CIRCLE('',#2405,0.001);
#1506=CIRCLE('',#2407,0.001);
#1507=CIRCLE('',#2409,0.001);
#1508=CIRCLE('',#2411,0.001);
#1509=CIRCLE('',#2413,0.001);
#1510=CIRCLE('',#2415,0.001);
#1511=CIRCLE('',#2417,0.001);
#1512=CIRCLE('',#2419,0.001);
#1513=CIRCLE('',#2421,0.001);
#1514=CIRCLE('',#2423,0.001);
#1515=CIRCLE('',#2425,0.001);
#1516=CIRCLE('',#2427,0.001);
#1517=EDGE_LOOP('',(#297));
#1518=EDGE_LOOP('',(#298));
#1519=EDGE_LOOP('',(#299));
#1520=EDGE_LOOP('',(#300));
#1521=EDGE_LOOP('',(#301));
#1522=EDGE_LOOP('',(#302));
#1523=EDGE_LOOP('',(#303));
#1524=EDGE_LOOP('',(#304));
#1525=EDGE_LOOP('',(#305));
#1526=EDGE_LOOP('',(#306));
#1527=EDGE_LOOP('',(#307));
#1528=EDGE_LOOP('',(#308));
#1529=EDGE_LOOP('',(#309));
#1530=EDGE_LOOP('',(#310));
#1531=EDGE_LOOP('',(#311));
#1532=EDGE_LOOP('',(#312));
#1533=EDGE_LOOP('',(#313));
#1534=EDGE_LOOP('',(#314));
#1535=EDGE_LOOP('',(#315));
#1536=EDGE_LOOP('',(#316,#317,#318,#319));
#1537=EDGE_LOOP('',(#320));
#1538=EDGE_LOOP('',(#321));
#1539=EDGE_LOOP('',(#322));
#1540=EDGE_LOOP('',(#323));
#1541=EDGE_LOOP('',(#324));
#1542=EDGE_LOOP('',(#325));
#1543=EDGE_LOOP('',(#326));
#1544=EDGE_LOOP('',(#327));
#1545=EDGE_LOOP('',(#328));
#1546=EDGE_LOOP('',(#329));
#1547=EDGE_LOOP('',(#330));
#1548=EDGE_LOOP('',(#331));
#1549=EDGE_LOOP('',(#332));
#1550=EDGE_LOOP('',(#333));
#1551=EDGE_LOOP('',(#334));
#1552=EDGE_LOOP('',(#335));
#1553=EDGE_LOOP('',(#336));
#1554=EDGE_LOOP('',(#337));
#1555=EDGE_LOOP('',(#338));
#1556=EDGE_LOOP('',(#339));
#1557=EDGE_LOOP('',(#340));
#1558=EDGE_LOOP('',(#341));
#1559=EDGE_LOOP('',(#342,#343,#344,#345));
#1560=EDGE_LOOP('',(#346,#347,#348,#349));
#1561=EDGE_LOOP('',(#350));
#1562=EDGE_LOOP('',(#351));
#1563=EDGE_LOOP('',(#352));
#1564=EDGE_LOOP('',(#353));
#1565=EDGE_LOOP('',(#354));
#1566=EDGE_LOOP('',(#355,#356,#357,#358));
#1567=EDGE_LOOP('',(#359));
#1568=EDGE_LOOP('',(#360));
#1569=EDGE_LOOP('',(#361));
#1570=EDGE_LOOP('',(#362));
#1571=EDGE_LOOP('',(#363,#364,#365,#366));
#1572=EDGE_LOOP('',(#367));
#1573=EDGE_LOOP('',(#368));
#1574=EDGE_LOOP('',(#369,#370,#371,#372));
#1575=EDGE_LOOP('',(#373));
#1576=EDGE_LOOP('',(#374));
#1577=EDGE_LOOP('',(#375));
#1578=EDGE_LOOP('',(#376));
#1579=EDGE_LOOP('',(#377));
#1580=EDGE_LOOP('',(#378));
#1581=EDGE_LOOP('',(#379));
#1582=EDGE_LOOP('',(#380));
#1583=EDGE_LOOP('',(#381));
#1584=EDGE_LOOP('',(#382));
#1585=EDGE_LOOP('',(#383));
#1586=EDGE_LOOP('',(#384));
#1587=EDGE_LOOP('',(#385));
#1588=EDGE_LOOP('',(#386));
#1589=EDGE_LOOP('',(#387));
#1590=EDGE_LOOP('',(#388));
#1591=EDGE_LOOP('',(#389));
#1592=EDGE_LOOP('',(#390));
#1593=EDGE_LOOP('',(#391));
#1594=EDGE_LOOP('',(#392));
#1595=EDGE_LOOP('',(#393));
#1596=EDGE_LOOP('',(#394));
#1597=EDGE_LOOP('',(#395));
#1598=EDGE_LOOP('',(#396));
#1599=EDGE_LOOP('',(#397));
#1600=EDGE_LOOP('',(#398));
#1601=EDGE_LOOP('',(#399));
#1602=EDGE_LOOP('',(#400));
#1603=EDGE_LOOP('',(#401));
#1604=EDGE_LOOP('',(#402));
#1605=EDGE_LOOP('',(#403));
#1606=EDGE_LOOP('',(#404));
#1607=EDGE_LOOP('',(#405));
#1608=EDGE_LOOP('',(#406));
#1609=EDGE_LOOP('',(#407));
#1610=EDGE_LOOP('',(#408));
#1611=EDGE_LOOP('',(#409));
#1612=EDGE_LOOP('',(#410));
#1613=EDGE_LOOP('',(#411));
#1614=EDGE_LOOP('',(#412));
#1615=EDGE_LOOP('',(#413,#414,#415,#416));
#1616=EDGE_LOOP('',(#417));
#1617=EDGE_LOOP('',(#418));
#1618=EDGE_LOOP('',(#419));
#1619=EDGE_LOOP('',(#420,#421,#422,#423,#424,#425,#426,#427,#428,#429,#430,
#431,#432,#433,#434,#435,#436,#437,#438,#439));
#1620=EDGE_LOOP('',(#440,#441,#442,#443));
#1621=EDGE_LOOP('',(#444,#445,#446,#447));
#1622=EDGE_LOOP('',(#448,#449,#450,#451));
#1623=EDGE_LOOP('',(#452,#453,#454,#455));
#1624=EDGE_LOOP('',(#456,#457,#458,#459));
#1625=EDGE_LOOP('',(#460,#461,#462,#463));
#1626=EDGE_LOOP('',(#464,#465,#466,#467));
#1627=EDGE_LOOP('',(#468,#469,#470,#471));
#1628=EDGE_LOOP('',(#472,#473,#474,#475));
#1629=EDGE_LOOP('',(#476,#477,#478,#479));
#1630=EDGE_LOOP('',(#480,#481,#482,#483));
#1631=EDGE_LOOP('',(#484,#485,#486,#487,#488,#489));
#1632=EDGE_LOOP('',(#490,#491,#492,#493,#494,#495));
#1633=EDGE_LOOP('',(#496,#497,#498,#499,#500,#501));
#1634=EDGE_LOOP('',(#502,#503,#504,#505,#506,#507));
#1635=EDGE_LOOP('',(#508,#509,#510,#511,#512,#513));
#1636=EDGE_LOOP('',(#514,#515,#516,#517,#518,#519));
#1637=EDGE_LOOP('',(#520,#521,#522,#523,#524,#525));
#1638=EDGE_LOOP('',(#526,#527,#528,#529,#530,#531));
#1639=EDGE_LOOP('',(#532,#533,#534,#535,#536,#537));
#1640=EDGE_LOOP('',(#538,#539,#540,#541,#542,#543));
#1641=EDGE_LOOP('',(#544));
#1642=EDGE_LOOP('',(#545,#546,#547,#548,#549,#550,#551,#552,#553,#554,#555,
#556,#557,#558,#559,#560,#561,#562,#563,#564));
#1643=EDGE_LOOP('',(#565,#566,#567,#568));
#1644=EDGE_LOOP('',(#569,#570,#571,#572));
#1645=EDGE_LOOP('',(#573,#574,#575,#576));
#1646=EDGE_LOOP('',(#577,#578,#579,#580));
#1647=EDGE_LOOP('',(#581));
#1648=EDGE_LOOP('',(#582));
#1649=EDGE_LOOP('',(#583));
#1650=EDGE_LOOP('',(#584));
#1651=EDGE_LOOP('',(#585));
#1652=EDGE_LOOP('',(#586));
#1653=EDGE_LOOP('',(#587));
#1654=EDGE_LOOP('',(#588));
#1655=EDGE_LOOP('',(#589,#590,#591,#592));
#1656=EDGE_LOOP('',(#593,#594,#595,#596));
#1657=EDGE_LOOP('',(#597,#598,#599,#600));
#1658=EDGE_LOOP('',(#601,#602,#603));
#1659=EDGE_LOOP('',(#604,#605,#606,#607,#608,#609));
#1660=EDGE_LOOP('',(#610,#611,#612,#613,#614,#615));
#1661=EDGE_LOOP('',(#616,#617,#618));
#1662=EDGE_LOOP('',(#619,#620,#621,#622));
#1663=EDGE_LOOP('',(#623,#624,#625,#626));
#1664=EDGE_LOOP('',(#627,#628,#629,#630));
#1665=EDGE_LOOP('',(#631,#632,#633,#634));
#1666=EDGE_LOOP('',(#635,#636,#637));
#1667=EDGE_LOOP('',(#638,#639,#640));
#1668=EDGE_LOOP('',(#641,#642,#643,#644));
#1669=EDGE_LOOP('',(#645,#646,#647,#648));
#1670=EDGE_LOOP('',(#649,#650,#651,#652));
#1671=EDGE_LOOP('',(#653,#654,#655,#656));
#1672=EDGE_LOOP('',(#657,#658,#659));
#1673=EDGE_LOOP('',(#660,#661,#662,#663,#664,#665));
#1674=EDGE_LOOP('',(#666,#667,#668,#669,#670,#671));
#1675=EDGE_LOOP('',(#672,#673,#674));
#1676=EDGE_LOOP('',(#675,#676,#677,#678));
#1677=EDGE_LOOP('',(#679,#680,#681,#682));
#1678=EDGE_LOOP('',(#683,#684,#685,#686));
#1679=EDGE_LOOP('',(#687,#688,#689,#690));
#1680=EDGE_LOOP('',(#691,#692,#693));
#1681=EDGE_LOOP('',(#694,#695,#696));
#1682=EDGE_LOOP('',(#697,#698,#699,#700));
#1683=EDGE_LOOP('',(#701,#702,#703,#704));
#1684=EDGE_LOOP('',(#705,#706,#707,#708));
#1685=EDGE_LOOP('',(#709,#710,#711,#712));
#1686=EDGE_LOOP('',(#713,#714,#715));
#1687=EDGE_LOOP('',(#716,#717,#718,#719,#720,#721));
#1688=EDGE_LOOP('',(#722,#723,#724,#725,#726,#727));
#1689=EDGE_LOOP('',(#728,#729,#730));
#1690=EDGE_LOOP('',(#731,#732,#733,#734));
#1691=EDGE_LOOP('',(#735,#736,#737,#738));
#1692=EDGE_LOOP('',(#739,#740,#741,#742));
#1693=EDGE_LOOP('',(#743,#744,#745,#746));
#1694=EDGE_LOOP('',(#747,#748,#749));
#1695=EDGE_LOOP('',(#750,#751,#752));
#1696=EDGE_LOOP('',(#753,#754,#755,#756));
#1697=EDGE_LOOP('',(#757,#758,#759,#760));
#1698=EDGE_LOOP('',(#761,#762,#763,#764));
#1699=EDGE_LOOP('',(#765,#766,#767,#768));
#1700=EDGE_LOOP('',(#769,#770,#771));
#1701=EDGE_LOOP('',(#772,#773,#774,#775,#776,#777));
#1702=EDGE_LOOP('',(#778,#779,#780,#781,#782,#783));
#1703=EDGE_LOOP('',(#784,#785,#786));
#1704=EDGE_LOOP('',(#787,#788,#789,#790));
#1705=EDGE_LOOP('',(#791,#792,#793,#794));
#1706=EDGE_LOOP('',(#795,#796,#797,#798));
#1707=EDGE_LOOP('',(#799,#800,#801,#802));
#1708=EDGE_LOOP('',(#803,#804,#805));
#1709=EDGE_LOOP('',(#806,#807,#808));
#1710=EDGE_LOOP('',(#809,#810,#811,#812));
#1711=EDGE_LOOP('',(#813,#814,#815,#816));
#1712=EDGE_LOOP('',(#817,#818,#819,#820));
#1713=EDGE_LOOP('',(#821,#822,#823,#824));
#1714=EDGE_LOOP('',(#825,#826,#827));
#1715=EDGE_LOOP('',(#828,#829,#830,#831,#832,#833));
#1716=EDGE_LOOP('',(#834,#835,#836,#837,#838,#839));
#1717=EDGE_LOOP('',(#840,#841,#842));
#1718=EDGE_LOOP('',(#843,#844,#845,#846));
#1719=EDGE_LOOP('',(#847,#848,#849,#850));
#1720=EDGE_LOOP('',(#851,#852,#853,#854));
#1721=EDGE_LOOP('',(#855,#856,#857,#858));
#1722=EDGE_LOOP('',(#859,#860,#861));
#1723=EDGE_LOOP('',(#862,#863,#864));
#1724=EDGE_LOOP('',(#865,#866,#867,#868));
#1725=FACE_BOUND('',#1517,.T.);
#1726=FACE_BOUND('',#1518,.T.);
#1727=FACE_BOUND('',#1519,.T.);
#1728=FACE_BOUND('',#1520,.T.);
#1729=FACE_BOUND('',#1521,.T.);
#1730=FACE_BOUND('',#1522,.T.);
#1731=FACE_BOUND('',#1523,.T.);
#1732=FACE_BOUND('',#1524,.T.);
#1733=FACE_BOUND('',#1525,.T.);
#1734=FACE_BOUND('',#1526,.T.);
#1735=FACE_BOUND('',#1527,.T.);
#1736=FACE_BOUND('',#1528,.T.);
#1737=FACE_BOUND('',#1529,.T.);
#1738=FACE_BOUND('',#1530,.T.);
#1739=FACE_BOUND('',#1531,.T.);
#1740=FACE_BOUND('',#1532,.T.);
#1741=FACE_BOUND('',#1533,.T.);
#1742=FACE_BOUND('',#1534,.T.);
#1743=FACE_BOUND('',#1535,.T.);
#1744=FACE_BOUND('',#1536,.T.);
#1745=FACE_BOUND('',#1537,.T.);
#1746=FACE_BOUND('',#1538,.T.);
#1747=FACE_BOUND('',#1539,.T.);
#1748=FACE_BOUND('',#1540,.T.);
#1749=FACE_BOUND('',#1541,.T.);
#1750=FACE_BOUND('',#1542,.T.);
#1751=FACE_BOUND('',#1543,.T.);
#1752=FACE_BOUND('',#1544,.T.);
#1753=FACE_BOUND('',#1545,.T.);
#1754=FACE_BOUND('',#1546,.T.);
#1755=FACE_BOUND('',#1547,.T.);
#1756=FACE_BOUND('',#1548,.T.);
#1757=FACE_BOUND('',#1549,.T.);
#1758=FACE_BOUND('',#1550,.T.);
#1759=FACE_BOUND('',#1551,.T.);
#1760=FACE_BOUND('',#1552,.T.);
#1761=FACE_BOUND('',#1553,.T.);
#1762=FACE_BOUND('',#1554,.T.);
#1763=FACE_BOUND('',#1555,.T.);
#1764=FACE_BOUND('',#1556,.T.);
#1765=FACE_BOUND('',#1557,.T.);
#1766=FACE_BOUND('',#1558,.T.);
#1767=FACE_BOUND('',#1559,.T.);
#1768=FACE_BOUND('',#1560,.T.);
#1769=FACE_BOUND('',#1561,.T.);
#1770=FACE_BOUND('',#1562,.T.);
#1771=FACE_BOUND('',#1563,.T.);
#1772=FACE_BOUND('',#1564,.T.);
#1773=FACE_BOUND('',#1565,.T.);
#1774=FACE_BOUND('',#1566,.T.);
#1775=FACE_BOUND('',#1567,.T.);
#1776=FACE_BOUND('',#1568,.T.);
#1777=FACE_BOUND('',#1569,.T.);
#1778=FACE_BOUND('',#1570,.T.);
#1779=FACE_BOUND('',#1571,.T.);
#1780=FACE_BOUND('',#1572,.T.);
#1781=FACE_BOUND('',#1573,.T.);
#1782=FACE_BOUND('',#1574,.T.);
#1783=FACE_BOUND('',#1575,.T.);
#1784=FACE_BOUND('',#1576,.T.);
#1785=FACE_BOUND('',#1577,.T.);
#1786=FACE_BOUND('',#1578,.T.);
#1787=FACE_BOUND('',#1579,.T.);
#1788=FACE_BOUND('',#1580,.T.);
#1789=FACE_BOUND('',#1581,.T.);
#1790=FACE_BOUND('',#1582,.T.);
#1791=FACE_BOUND('',#1583,.T.);
#1792=FACE_BOUND('',#1584,.T.);
#1793=FACE_BOUND('',#1585,.T.);
#1794=FACE_BOUND('',#1586,.T.);
#1795=FACE_BOUND('',#1587,.T.);
#1796=FACE_BOUND('',#1588,.T.);
#1797=FACE_BOUND('',#1589,.T.);
#1798=FACE_BOUND('',#1590,.T.);
#1799=FACE_BOUND('',#1591,.T.);
#1800=FACE_BOUND('',#1592,.T.);
#1801=FACE_BOUND('',#1593,.T.);
#1802=FACE_BOUND('',#1594,.T.);
#1803=FACE_BOUND('',#1595,.T.);
#1804=FACE_BOUND('',#1596,.T.);
#1805=FACE_BOUND('',#1597,.T.);
#1806=FACE_BOUND('',#1598,.T.);
#1807=FACE_BOUND('',#1599,.T.);
#1808=FACE_BOUND('',#1600,.T.);
#1809=FACE_BOUND('',#1601,.T.);
#1810=FACE_BOUND('',#1602,.T.);
#1811=FACE_BOUND('',#1603,.T.);
#1812=FACE_BOUND('',#1604,.T.);
#1813=FACE_BOUND('',#1605,.T.);
#1814=FACE_BOUND('',#1606,.T.);
#1815=FACE_BOUND('',#1607,.T.);
#1816=FACE_BOUND('',#1608,.T.);
#1817=FACE_BOUND('',#1609,.T.);
#1818=FACE_BOUND('',#1610,.T.);
#1819=FACE_BOUND('',#1611,.T.);
#1820=FACE_BOUND('',#1612,.T.);
#1821=FACE_BOUND('',#1613,.T.);
#1822=FACE_BOUND('',#1614,.T.);
#1823=FACE_BOUND('',#1615,.T.);
#1824=FACE_BOUND('',#1616,.T.);
#1825=FACE_BOUND('',#1617,.T.);
#1826=FACE_BOUND('',#1618,.T.);
#1827=FACE_BOUND('',#1619,.T.);
#1828=FACE_BOUND('',#1620,.T.);
#1829=FACE_BOUND('',#1621,.T.);
#1830=FACE_BOUND('',#1622,.T.);
#1831=FACE_BOUND('',#1623,.T.);
#1832=FACE_BOUND('',#1624,.T.);
#1833=FACE_BOUND('',#1625,.T.);
#1834=FACE_BOUND('',#1626,.T.);
#1835=FACE_BOUND('',#1627,.T.);
#1836=FACE_BOUND('',#1628,.T.);
#1837=FACE_BOUND('',#1629,.T.);
#1838=FACE_BOUND('',#1630,.T.);
#1839=FACE_BOUND('',#1631,.T.);
#1840=FACE_BOUND('',#1632,.T.);
#1841=FACE_BOUND('',#1633,.T.);
#1842=FACE_BOUND('',#1634,.T.);
#1843=FACE_BOUND('',#1635,.T.);
#1844=FACE_BOUND('',#1636,.T.);
#1845=FACE_BOUND('',#1637,.T.);
#1846=FACE_BOUND('',#1638,.T.);
#1847=FACE_BOUND('',#1639,.T.);
#1848=FACE_BOUND('',#1640,.T.);
#1849=FACE_BOUND('',#1641,.T.);
#1850=FACE_BOUND('',#1642,.T.);
#1851=FACE_BOUND('',#1643,.T.);
#1852=FACE_BOUND('',#1644,.T.);
#1853=FACE_BOUND('',#1645,.T.);
#1854=FACE_BOUND('',#1646,.T.);
#1855=FACE_BOUND('',#1647,.T.);
#1856=FACE_BOUND('',#1648,.T.);
#1857=FACE_BOUND('',#1649,.T.);
#1858=FACE_BOUND('',#1650,.T.);
#1859=FACE_BOUND('',#1651,.T.);
#1860=FACE_BOUND('',#1652,.T.);
#1861=FACE_BOUND('',#1653,.T.);
#1862=FACE_BOUND('',#1654,.T.);
#1863=FACE_BOUND('',#1655,.T.);
#1864=FACE_BOUND('',#1656,.T.);
#1865=FACE_BOUND('',#1657,.T.);
#1866=FACE_BOUND('',#1658,.T.);
#1867=FACE_BOUND('',#1659,.T.);
#1868=FACE_BOUND('',#1660,.T.);
#1869=FACE_BOUND('',#1661,.T.);
#1870=FACE_BOUND('',#1662,.T.);
#1871=FACE_BOUND('',#1663,.T.);
#1872=FACE_BOUND('',#1664,.T.);
#1873=FACE_BOUND('',#1665,.T.);
#1874=FACE_BOUND('',#1666,.T.);
#1875=FACE_BOUND('',#1667,.T.);
#1876=FACE_BOUND('',#1668,.T.);
#1877=FACE_BOUND('',#1669,.T.);
#1878=FACE_BOUND('',#1670,.T.);
#1879=FACE_BOUND('',#1671,.T.);
#1880=FACE_BOUND('',#1672,.T.);
#1881=FACE_BOUND('',#1673,.T.);
#1882=FACE_BOUND('',#1674,.T.);
#1883=FACE_BOUND('',#1675,.T.);
#1884=FACE_BOUND('',#1676,.T.);
#1885=FACE_BOUND('',#1677,.T.);
#1886=FACE_BOUND('',#1678,.T.);
#1887=FACE_BOUND('',#1679,.T.);
#1888=FACE_BOUND('',#1680,.T.);
#1889=FACE_BOUND('',#1681,.T.);
#1890=FACE_BOUND('',#1682,.T.);
#1891=FACE_BOUND('',#1683,.T.);
#1892=FACE_BOUND('',#1684,.T.);
#1893=FACE_BOUND('',#1685,.T.);
#1894=FACE_BOUND('',#1686,.T.);
#1895=FACE_BOUND('',#1687,.T.);
#1896=FACE_BOUND('',#1688,.T.);
#1897=FACE_BOUND('',#1689,.T.);
#1898=FACE_BOUND('',#1690,.T.);
#1899=FACE_BOUND('',#1691,.T.);
#1900=FACE_BOUND('',#1692,.T.);
#1901=FACE_BOUND('',#1693,.T.);
#1902=FACE_BOUND('',#1694,.T.);
#1903=FACE_BOUND('',#1695,.T.);
#1904=FACE_BOUND('',#1696,.T.);
#1905=FACE_BOUND('',#1697,.T.);
#1906=FACE_BOUND('',#1698,.T.);
#1907=FACE_BOUND('',#1699,.T.);
#1908=FACE_BOUND('',#1700,.T.);
#1909=FACE_BOUND('',#1701,.T.);
#1910=FACE_BOUND('',#1702,.T.);
#1911=FACE_BOUND('',#1703,.T.);
#1912=FACE_BOUND('',#1704,.T.);
#1913=FACE_BOUND('',#1705,.T.);
#1914=FACE_BOUND('',#1706,.T.);
#1915=FACE_BOUND('',#1707,.T.);
#1916=FACE_BOUND('',#1708,.T.);
#1917=FACE_BOUND('',#1709,.T.);
#1918=FACE_BOUND('',#1710,.T.);
#1919=FACE_BOUND('',#1711,.T.);
#1920=FACE_BOUND('',#1712,.T.);
#1921=FACE_BOUND('',#1713,.T.);
#1922=FACE_BOUND('',#1714,.T.);
#1923=FACE_BOUND('',#1715,.T.);
#1924=FACE_BOUND('',#1716,.T.);
#1925=FACE_BOUND('',#1717,.T.);
#1926=FACE_BOUND('',#1718,.T.);
#1927=FACE_BOUND('',#1719,.T.);
#1928=FACE_BOUND('',#1720,.T.);
#1929=FACE_BOUND('',#1721,.T.);
#1930=FACE_BOUND('',#1722,.T.);
#1931=FACE_BOUND('',#1723,.T.);
#1932=FACE_BOUND('',#1724,.T.);
#1933=CONICAL_SURFACE('',#2122,0.03934,0.349092133951802);
#1934=CONICAL_SURFACE('',#2197,0.00826,0.785398163397448);
#1935=CONICAL_SURFACE('',#2198,0.00826,0.785398163397448);
#1936=CONICAL_SURFACE('',#2199,0.00826,0.785398163397448);
#1937=CONICAL_SURFACE('',#2200,0.00826,0.785398163397448);
#1938=CONICAL_SURFACE('',#2201,0.00826,0.785398163397448);
#1939=CONICAL_SURFACE('',#2202,0.00826,0.785398163397448);
#1940=CONICAL_SURFACE('',#2203,0.00626,0.785398163397448);
#1941=CONICAL_SURFACE('',#2204,0.00626,0.785398163397448);
#1942=CONICAL_SURFACE('',#2205,0.00626,0.785398163397448);
#1943=CONICAL_SURFACE('',#2206,0.00626,0.785398163397448);
#1944=CONICAL_SURFACE('',#2207,0.00626,0.785398163397448);
#1945=CONICAL_SURFACE('',#2208,0.00626,0.785398163397448);
#1946=CONICAL_SURFACE('',#2209,0.00826,0.785398163397445);
#1947=CONICAL_SURFACE('',#2210,0.00626,0.78539816339745);
#1948=CONICAL_SURFACE('',#2211,0.00826,0.785398163397445);
#1949=CONICAL_SURFACE('',#2212,0.00626,0.785398163397449);
#1950=CONICAL_SURFACE('',#2213,0.00826,0.785398163397448);
#1951=CONICAL_SURFACE('',#2214,0.00626,0.785398163397448);
#1952=CONICAL_SURFACE('',#2215,0.00826,0.785398163397448);
#1953=CONICAL_SURFACE('',#2216,0.00626,0.785398163397448);
#1954=CONICAL_SURFACE('',#2223,0.05,0.349071564622145);
#1955=CONICAL_SURFACE('',#2303,0.015,1.39626054448382);
#1956=ADVANCED_FACE('',(#1725,#1726),#1933,.F.);
#1957=ADVANCED_FACE('',(#1727,#1728),#244,.T.);
#1958=ADVANCED_FACE('',(#1729,#1730),#245,.F.);
#1959=ADVANCED_FACE('',(#1731,#1732),#246,.F.);
#1960=ADVANCED_FACE('',(#1733,#1734),#247,.F.);
#1961=ADVANCED_FACE('',(#1735,#1736),#248,.F.);
#1962=ADVANCED_FACE('',(#1737,#1738),#249,.F.);
#1963=ADVANCED_FACE('',(#1739,#1740,#1741,#1742,#1743,#1744),#233,.F.);
#1964=ADVANCED_FACE('',(#1745,#1746,#1747,#1748,#1749,#1750,#1751,#1752,
#1753,#1754,#1755,#1756),#234,.T.);
#1965=ADVANCED_FACE('',(#1757,#1758),#250,.F.);
#1966=ADVANCED_FACE('',(#1759,#1760),#251,.F.);
#1967=ADVANCED_FACE('',(#1761,#1762),#252,.F.);
#1968=ADVANCED_FACE('',(#1763,#1764),#253,.F.);
#1969=ADVANCED_FACE('',(#1765,#1766),#254,.F.);
#1970=ADVANCED_FACE('',(#1767),#235,.T.);
#1971=ADVANCED_FACE('',(#1768),#236,.T.);
#1972=ADVANCED_FACE('',(#1769,#1770,#1771,#1772,#1773,#1774),#237,.T.);
#1973=ADVANCED_FACE('',(#1775,#1776),#104,.T.);
#1974=ADVANCED_FACE('',(#1777,#1778),#105,.T.);
#1975=ADVANCED_FACE('',(#1779,#1780),#106,.T.);
#1976=ADVANCED_FACE('',(#1781,#1782),#107,.T.);
#1977=ADVANCED_FACE('',(#1783,#1784),#1934,.F.);
#1978=ADVANCED_FACE('',(#1785,#1786),#1935,.F.);
#1979=ADVANCED_FACE('',(#1787,#1788),#1936,.F.);
#1980=ADVANCED_FACE('',(#1789,#1790),#1937,.F.);
#1981=ADVANCED_FACE('',(#1791,#1792),#1938,.F.);
#1982=ADVANCED_FACE('',(#1793,#1794),#1939,.F.);
#1983=ADVANCED_FACE('',(#1795,#1796),#1940,.F.);
#1984=ADVANCED_FACE('',(#1797,#1798),#1941,.F.);
#1985=ADVANCED_FACE('',(#1799,#1800),#1942,.F.);
#1986=ADVANCED_FACE('',(#1801,#1802),#1943,.F.);
#1987=ADVANCED_FACE('',(#1803,#1804),#1944,.F.);
#1988=ADVANCED_FACE('',(#1805,#1806),#1945,.F.);
#1989=ADVANCED_FACE('',(#1807,#1808),#1946,.F.);
#1990=ADVANCED_FACE('',(#1809,#1810),#1947,.F.);
#1991=ADVANCED_FACE('',(#1811,#1812),#1948,.F.);
#1992=ADVANCED_FACE('',(#1813,#1814),#1949,.F.);
#1993=ADVANCED_FACE('',(#1815,#1816),#1950,.F.);
#1994=ADVANCED_FACE('',(#1817,#1818),#1951,.F.);
#1995=ADVANCED_FACE('',(#1819,#1820),#1952,.F.);
#1996=ADVANCED_FACE('',(#1821,#1822),#1953,.F.);
#1997=ADVANCED_FACE('',(#1823,#1824,#1825),#255,.F.);
#1998=ADVANCED_FACE('',(#1826,#1827,#1828),#1954,.T.);
#1999=ADVANCED_FACE('',(#1829),#256,.F.);
#2000=ADVANCED_FACE('',(#1830),#257,.F.);
#2001=ADVANCED_FACE('',(#1831),#258,.F.);
#2002=ADVANCED_FACE('',(#1832),#259,.F.);
#2003=ADVANCED_FACE('',(#1833),#260,.F.);
#2004=ADVANCED_FACE('',(#1834),#261,.F.);
#2005=ADVANCED_FACE('',(#1835),#262,.F.);
#2006=ADVANCED_FACE('',(#1836),#263,.F.);
#2007=ADVANCED_FACE('',(#1837),#264,.F.);
#2008=ADVANCED_FACE('',(#1838),#265,.F.);
#2009=ADVANCED_FACE('',(#1839),#266,.T.);
#2010=ADVANCED_FACE('',(#1840),#267,.T.);
#2011=ADVANCED_FACE('',(#1841),#268,.T.);
#2012=ADVANCED_FACE('',(#1842),#269,.T.);
#2013=ADVANCED_FACE('',(#1843),#270,.T.);
#2014=ADVANCED_FACE('',(#1844),#271,.T.);
#2015=ADVANCED_FACE('',(#1845),#272,.T.);
#2016=ADVANCED_FACE('',(#1846),#273,.T.);
#2017=ADVANCED_FACE('',(#1847),#274,.T.);
#2018=ADVANCED_FACE('',(#1848),#275,.T.);
#2019=ADVANCED_FACE('',(#1849,#1850),#238,.T.);
#2020=ADVANCED_FACE('',(#1851),#239,.T.);
#2021=ADVANCED_FACE('',(#1852),#240,.T.);
#2022=ADVANCED_FACE('',(#1853),#241,.T.);
#2023=ADVANCED_FACE('',(#1854),#242,.F.);
#2024=ADVANCED_FACE('',(#1855,#1856),#1955,.F.);
#2025=ADVANCED_FACE('',(#1857,#1858),#276,.F.);
#2026=ADVANCED_FACE('',(#1859,#1860),#243,.T.);
#2027=ADVANCED_FACE('',(#1861,#1862),#108,.T.);
#2028=ADVANCED_FACE('',(#1863),#277,.T.);
#2029=ADVANCED_FACE('',(#1864),#278,.T.);
#2030=ADVANCED_FACE('',(#1865),#109,.T.);
#2031=ADVANCED_FACE('',(#1866),#20,.T.);
#2032=ADVANCED_FACE('',(#1867),#10,.T.);
#2033=ADVANCED_FACE('',(#1868),#11,.T.);
#2034=ADVANCED_FACE('',(#1869),#21,.T.);
#2035=ADVANCED_FACE('',(#1870),#110,.T.);
#2036=ADVANCED_FACE('',(#1871),#279,.T.);
#2037=ADVANCED_FACE('',(#1872),#280,.T.);
#2038=ADVANCED_FACE('',(#1873),#111,.T.);
#2039=ADVANCED_FACE('',(#1874),#22,.T.);
#2040=ADVANCED_FACE('',(#1875),#23,.T.);
#2041=ADVANCED_FACE('',(#1876),#112,.T.);
#2042=ADVANCED_FACE('',(#1877),#281,.T.);
#2043=ADVANCED_FACE('',(#1878),#282,.T.);
#2044=ADVANCED_FACE('',(#1879),#113,.T.);
#2045=ADVANCED_FACE('',(#1880),#24,.T.);
#2046=ADVANCED_FACE('',(#1881),#12,.T.);
#2047=ADVANCED_FACE('',(#1882),#13,.T.);
#2048=ADVANCED_FACE('',(#1883),#25,.T.);
#2049=ADVANCED_FACE('',(#1884),#114,.T.);
#2050=ADVANCED_FACE('',(#1885),#283,.T.);
#2051=ADVANCED_FACE('',(#1886),#284,.T.);
#2052=ADVANCED_FACE('',(#1887),#115,.T.);
#2053=ADVANCED_FACE('',(#1888),#26,.T.);
#2054=ADVANCED_FACE('',(#1889),#27,.T.);
#2055=ADVANCED_FACE('',(#1890),#116,.T.);
#2056=ADVANCED_FACE('',(#1891),#285,.T.);
#2057=ADVANCED_FACE('',(#1892),#286,.T.);
#2058=ADVANCED_FACE('',(#1893),#117,.T.);
#2059=ADVANCED_FACE('',(#1894),#28,.T.);
#2060=ADVANCED_FACE('',(#1895),#14,.T.);
#2061=ADVANCED_FACE('',(#1896),#15,.T.);
#2062=ADVANCED_FACE('',(#1897),#29,.T.);
#2063=ADVANCED_FACE('',(#1898),#118,.T.);
#2064=ADVANCED_FACE('',(#1899),#287,.T.);
#2065=ADVANCED_FACE('',(#1900),#288,.T.);
#2066=ADVANCED_FACE('',(#1901),#119,.T.);
#2067=ADVANCED_FACE('',(#1902),#30,.T.);
#2068=ADVANCED_FACE('',(#1903),#31,.T.);
#2069=ADVANCED_FACE('',(#1904),#120,.T.);
#2070=ADVANCED_FACE('',(#1905),#289,.T.);
#2071=ADVANCED_FACE('',(#1906),#290,.T.);
#2072=ADVANCED_FACE('',(#1907),#121,.T.);
#2073=ADVANCED_FACE('',(#1908),#32,.T.);
#2074=ADVANCED_FACE('',(#1909),#16,.T.);
#2075=ADVANCED_FACE('',(#1910),#17,.T.);
#2076=ADVANCED_FACE('',(#1911),#33,.T.);
#2077=ADVANCED_FACE('',(#1912),#122,.T.);
#2078=ADVANCED_FACE('',(#1913),#291,.T.);
#2079=ADVANCED_FACE('',(#1914),#292,.T.);
#2080=ADVANCED_FACE('',(#1915),#123,.T.);
#2081=ADVANCED_FACE('',(#1916),#34,.T.);
#2082=ADVANCED_FACE('',(#1917),#35,.T.);
#2083=ADVANCED_FACE('',(#1918),#124,.T.);
#2084=ADVANCED_FACE('',(#1919),#293,.T.);
#2085=ADVANCED_FACE('',(#1920),#294,.T.);
#2086=ADVANCED_FACE('',(#1921),#125,.T.);
#2087=ADVANCED_FACE('',(#1922),#36,.T.);
#2088=ADVANCED_FACE('',(#1923),#18,.T.);
#2089=ADVANCED_FACE('',(#1924),#19,.T.);
#2090=ADVANCED_FACE('',(#1925),#37,.T.);
#2091=ADVANCED_FACE('',(#1926),#126,.T.);
#2092=ADVANCED_FACE('',(#1927),#295,.T.);
#2093=ADVANCED_FACE('',(#1928),#296,.T.);
#2094=ADVANCED_FACE('',(#1929),#127,.T.);
#2095=ADVANCED_FACE('',(#1930),#38,.T.);
#2096=ADVANCED_FACE('',(#1931),#39,.T.);
#2097=ADVANCED_FACE('',(#1932),#128,.T.);
#2098=CLOSED_SHELL('',(#1956,#1957,#1958,#1959,#1960,#1961,#1962,#1963,
#1964,#1965,#1966,#1967,#1968,#1969,#1970,#1971,#1972,#1973,#1974,#1975,
#1976,#1977,#1978,#1979,#1980,#1981,#1982,#1983,#1984,#1985,#1986,#1987,
#1988,#1989,#1990,#1991,#1992,#1993,#1994,#1995,#1996));
#2099=CLOSED_SHELL('',(#1997,#1998,#1999,#2000,#2001,#2002,#2003,#2004,
#2005,#2006,#2007,#2008,#2009,#2010,#2011,#2012,#2013,#2014,#2015,#2016,
#2017,#2018,#2019,#2020,#2021,#2022,#2023,#2024,#2025,#2026,#2027,#2028,
#2029,#2030,#2031,#2032,#2033,#2034,#2035,#2036,#2037,#2038,#2039,#2040,
#2041,#2042,#2043,#2044,#2045,#2046,#2047,#2048,#2049,#2050,#2051,#2052,
#2053,#2054,#2055,#2056,#2057,#2058,#2059,#2060,#2061,#2062,#2063,#2064,
#2065,#2066,#2067,#2068,#2069,#2070,#2071,#2072,#2073,#2074,#2075,#2076,
#2077,#2078,#2079,#2080,#2081,#2082,#2083,#2084,#2085,#2086,#2087,#2088,
#2089,#2090,#2091,#2092,#2093,#2094,#2095,#2096,#2097));
#2100=STYLED_ITEM('',(#2102),#2115);
#2101=STYLED_ITEM('',(#2103),#2116);
#2102=PRESENTATION_STYLE_ASSIGNMENT((#2104));
#2103=PRESENTATION_STYLE_ASSIGNMENT((#2105));
#2104=SURFACE_STYLE_USAGE(.BOTH.,#2106);
#2105=SURFACE_STYLE_USAGE(.BOTH.,#2107);
#2106=SURFACE_SIDE_STYLE('',(#2108));
#2107=SURFACE_SIDE_STYLE('',(#2109));
#2108=SURFACE_STYLE_FILL_AREA(#2110);
#2109=SURFACE_STYLE_FILL_AREA(#2111);
#2110=FILL_AREA_STYLE('',(#2112));
#2111=FILL_AREA_STYLE('',(#2113));
#2112=FILL_AREA_STYLE_COLOUR('',#2114);
#2113=FILL_AREA_STYLE_COLOUR('',#2114);
#2114=COLOUR_RGB('',0.615686274509804,0.811764705882353,0.929411764705882);
#2115=MANIFOLD_SOLID_BREP('Part 2',#2098);
#2116=MANIFOLD_SOLID_BREP('Part 1',#2099);
#2117=SHAPE_DEFINITION_REPRESENTATION(#4887,#2119);
#2118=SHAPE_DEFINITION_REPRESENTATION(#4888,#2120);
#2119=SHAPE_REPRESENTATION('Part 2',(#2121),#4877);
#2120=SHAPE_REPRESENTATION('Part 1',(#2217),#4878);
#2121=AXIS2_PLACEMENT_3D('',#3097,#2429,#2430);
#2122=AXIS2_PLACEMENT_3D('',#3098,#2431,#2432);
#2123=AXIS2_PLACEMENT_3D('',#3099,#2433,#2434);
#2124=AXIS2_PLACEMENT_3D('',#3101,#2435,#2436);
#2125=AXIS2_PLACEMENT_3D('',#3103,#2437,#2438);
#2126=AXIS2_PLACEMENT_3D('',#3104,#2439,#2440);
#2127=AXIS2_PLACEMENT_3D('',#3106,#2441,#2442);
#2128=AXIS2_PLACEMENT_3D('',#3108,#2443,#2444);
#2129=AXIS2_PLACEMENT_3D('',#3109,#2445,#2446);
#2130=AXIS2_PLACEMENT_3D('',#3111,#2447,#2448);
#2131=AXIS2_PLACEMENT_3D('',#3113,#2449,#2450);
#2132=AXIS2_PLACEMENT_3D('',#3114,#2451,#2452);
#2133=AXIS2_PLACEMENT_3D('',#3116,#2453,#2454);
#2134=AXIS2_PLACEMENT_3D('',#3118,#2455,#2456);
#2135=AXIS2_PLACEMENT_3D('',#3119,#2457,#2458);
#2136=AXIS2_PLACEMENT_3D('',#3121,#2459,#2460);
#2137=AXIS2_PLACEMENT_3D('',#3123,#2461,#2462);
#2138=AXIS2_PLACEMENT_3D('',#3124,#2463,#2464);
#2139=AXIS2_PLACEMENT_3D('',#3126,#2465,#2466);
#2140=AXIS2_PLACEMENT_3D('',#3128,#2467,#2468);
#2141=AXIS2_PLACEMENT_3D('',#3129,#2469,#2470);
#2142=AXIS2_PLACEMENT_3D('',#3131,#2471,#2472);
#2143=AXIS2_PLACEMENT_3D('',#3133,#2473,#2474);
#2144=AXIS2_PLACEMENT_3D('',#3134,#2475,#2476);
#2145=AXIS2_PLACEMENT_3D('',#3136,#2477,#2478);
#2146=AXIS2_PLACEMENT_3D('',#3138,#2479,#2480);
#2147=AXIS2_PLACEMENT_3D('',#3140,#2481,#2482);
#2148=AXIS2_PLACEMENT_3D('',#3142,#2483,#2484);
#2149=AXIS2_PLACEMENT_3D('',#3147,#2486,#2487);
#2150=AXIS2_PLACEMENT_3D('',#3151,#2489,#2490);
#2151=AXIS2_PLACEMENT_3D('',#3152,#2491,#2492);
#2152=AXIS2_PLACEMENT_3D('',#3153,#2493,#2494);
#2153=AXIS2_PLACEMENT_3D('',#3155,#2495,#2496);
#2154=AXIS2_PLACEMENT_3D('',#3157,#2497,#2498);
#2155=AXIS2_PLACEMENT_3D('',#3159,#2499,#2500);
#2156=AXIS2_PLACEMENT_3D('',#3161,#2501,#2502);
#2157=AXIS2_PLACEMENT_3D('',#3163,#2503,#2504);
#2158=AXIS2_PLACEMENT_3D('',#3165,#2505,#2506);
#2159=AXIS2_PLACEMENT_3D('',#3167,#2507,#2508);
#2160=AXIS2_PLACEMENT_3D('',#3169,#2509,#2510);
#2161=AXIS2_PLACEMENT_3D('',#3171,#2511,#2512);
#2162=AXIS2_PLACEMENT_3D('',#3173,#2513,#2514);
#2163=AXIS2_PLACEMENT_3D('',#3175,#2515,#2516);
#2164=AXIS2_PLACEMENT_3D('',#3177,#2517,#2518);
#2165=AXIS2_PLACEMENT_3D('',#3178,#2519,#2520);
#2166=AXIS2_PLACEMENT_3D('',#3180,#2521,#2522);
#2167=AXIS2_PLACEMENT_3D('',#3182,#2523,#2524);
#2168=AXIS2_PLACEMENT_3D('',#3183,#2525,#2526);
#2169=AXIS2_PLACEMENT_3D('',#3185,#2527,#2528);
#2170=AXIS2_PLACEMENT_3D('',#3187,#2529,#2530);
#2171=AXIS2_PLACEMENT_3D('',#3188,#2531,#2532);
#2172=AXIS2_PLACEMENT_3D('',#3190,#2533,#2534);
#2173=AXIS2_PLACEMENT_3D('',#3192,#2535,#2536);
#2174=AXIS2_PLACEMENT_3D('',#3193,#2537,#2538);
#2175=AXIS2_PLACEMENT_3D('',#3195,#2539,#2540);
#2176=AXIS2_PLACEMENT_3D('',#3197,#2541,#2542);
#2177=AXIS2_PLACEMENT_3D('',#3198,#2543,#2544);
#2178=AXIS2_PLACEMENT_3D('',#3200,#2545,#2546);
#2179=AXIS2_PLACEMENT_3D('',#3202,#2547,#2548);
#2180=AXIS2_PLACEMENT_3D('',#3206,#2550,#2551);
#2181=AXIS2_PLACEMENT_3D('',#3207,#2552,#2553);
#2182=AXIS2_PLACEMENT_3D('',#3208,#2554,#2555);
#2183=AXIS2_PLACEMENT_3D('',#3209,#2556,#2557);
#2184=AXIS2_PLACEMENT_3D('',#3213,#2559,#2560);
#2185=AXIS2_PLACEMENT_3D('',#3214,#2561,#2562);
#2186=AXIS2_PLACEMENT_3D('',#3215,#2563,#2564);
#2187=AXIS2_PLACEMENT_3D('',#3217,#2565,#2566);
#2188=AXIS2_PLACEMENT_3D('',#3219,#2567,#2568);
#2189=AXIS2_PLACEMENT_3D('',#3221,#2569,#2570);
#2190=AXIS2_PLACEMENT_3D('',#3223,#2571,#2572);
#2191=AXIS2_PLACEMENT_3D('',#3225,#2573,#2574);
#2192=AXIS2_PLACEMENT_3D('',#3226,#2575,#2576);
#2193=AXIS2_PLACEMENT_3D('',#3227,#2577,#2578);
#2194=AXIS2_PLACEMENT_3D('',#3228,#2579,#2580);
#2195=AXIS2_PLACEMENT_3D('',#3229,#2581,#2582);
#2196=AXIS2_PLACEMENT_3D('',#3230,#2583,#2584);
#2197=AXIS2_PLACEMENT_3D('',#3231,#2585,#2586);
#2198=AXIS2_PLACEMENT_3D('',#3232,#2587,#2588);
#2199=AXIS2_PLACEMENT_3D('',#3233,#2589,#2590);
#2200=AXIS2_PLACEMENT_3D('',#3234,#2591,#2592);
#2201=AXIS2_PLACEMENT_3D('',#3235,#2593,#2594);
#2202=AXIS2_PLACEMENT_3D('',#3236,#2595,#2596);
#2203=AXIS2_PLACEMENT_3D('',#3237,#2597,#2598);
#2204=AXIS2_PLACEMENT_3D('',#3238,#2599,#2600);
#2205=AXIS2_PLACEMENT_3D('',#3239,#2601,#2602);
#2206=AXIS2_PLACEMENT_3D('',#3240,#2603,#2604);
#2207=AXIS2_PLACEMENT_3D('',#3241,#2605,#2606);
#2208=AXIS2_PLACEMENT_3D('',#3242,#2607,#2608);
#2209=AXIS2_PLACEMENT_3D('',#3243,#2609,#2610);
#2210=AXIS2_PLACEMENT_3D('',#3244,#2611,#2612);
#2211=AXIS2_PLACEMENT_3D('',#3245,#2613,#2614);
#2212=AXIS2_PLACEMENT_3D('',#3246,#2615,#2616);
#2213=AXIS2_PLACEMENT_3D('',#3247,#2617,#2618);
#2214=AXIS2_PLACEMENT_3D('',#3248,#2619,#2620);
#2215=AXIS2_PLACEMENT_3D('',#3249,#2621,#2622);
#2216=AXIS2_PLACEMENT_3D('',#3250,#2623,#2624);
#2217=AXIS2_PLACEMENT_3D('',#3251,#2625,#2626);
#2218=AXIS2_PLACEMENT_3D('',#3252,#2627,#2628);
#2219=AXIS2_PLACEMENT_3D('',#3256,#2630,#2631);
#2220=AXIS2_PLACEMENT_3D('',#3260,#2633,#2634);
#2221=AXIS2_PLACEMENT_3D('',#3261,#2635,#2636);
#2222=AXIS2_PLACEMENT_3D('',#3263,#2637,#2638);
#2223=AXIS2_PLACEMENT_3D('',#3265,#2639,#2640);
#2224=AXIS2_PLACEMENT_3D('',#3266,#2641,#2642);
#2225=AXIS2_PLACEMENT_3D('',#3268,#2643,#2644);
#2226=AXIS2_PLACEMENT_3D('',#3293,#2645,#2646);
#2227=AXIS2_PLACEMENT_3D('',#3317,#2647,#2648);
#2228=AXIS2_PLACEMENT_3D('',#3341,#2649,#2650);
#2229=AXIS2_PLACEMENT_3D('',#3365,#2651,#2652);
#2230=AXIS2_PLACEMENT_3D('',#3389,#2653,#2654);
#2231=AXIS2_PLACEMENT_3D('',#3413,#2655,#2656);
#2232=AXIS2_PLACEMENT_3D('',#3437,#2657,#2658);
#2233=AXIS2_PLACEMENT_3D('',#3461,#2659,#2660);
#2234=AXIS2_PLACEMENT_3D('',#3485,#2661,#2662);
#2235=AXIS2_PLACEMENT_3D('',#3508,#2663,#2664);
#2236=AXIS2_PLACEMENT_3D('',#3513,#2666,#2667);
#2237=AXIS2_PLACEMENT_3D('',#3516,#2669,#2670);
#2238=AXIS2_PLACEMENT_3D('',#3520,#2672,#2673);
#2239=AXIS2_PLACEMENT_3D('',#3545,#2675,#2676);
#2240=AXIS2_PLACEMENT_3D('',#3549,#2678,#2679);
#2241=AXIS2_PLACEMENT_3D('',#3574,#2681,#2682);
#2242=AXIS2_PLACEMENT_3D('',#3578,#2684,#2685);
#2243=AXIS2_PLACEMENT_3D('',#3603,#2687,#2688);
#2244=AXIS2_PLACEMENT_3D('',#3607,#2690,#2691);
#2245=AXIS2_PLACEMENT_3D('',#3632,#2693,#2694);
#2246=AXIS2_PLACEMENT_3D('',#3636,#2696,#2697);
#2247=AXIS2_PLACEMENT_3D('',#3661,#2699,#2700);
#2248=AXIS2_PLACEMENT_3D('',#3665,#2702,#2703);
#2249=AXIS2_PLACEMENT_3D('',#3690,#2705,#2706);
#2250=AXIS2_PLACEMENT_3D('',#3694,#2708,#2709);
#2251=AXIS2_PLACEMENT_3D('',#3719,#2711,#2712);
#2252=AXIS2_PLACEMENT_3D('',#3723,#2714,#2715);
#2253=AXIS2_PLACEMENT_3D('',#3748,#2717,#2718);
#2254=AXIS2_PLACEMENT_3D('',#3752,#2720,#2721);
#2255=AXIS2_PLACEMENT_3D('',#3777,#2723,#2724);
#2256=AXIS2_PLACEMENT_3D('',#3781,#2726,#2727);
#2257=AXIS2_PLACEMENT_3D('',#3806,#2729,#2730);
#2258=AXIS2_PLACEMENT_3D('',#3821,#2733,#2734);
#2259=AXIS2_PLACEMENT_3D('',#3822,#2735,#2736);
#2260=AXIS2_PLACEMENT_3D('',#3830,#2738,#2739);
#2261=AXIS2_PLACEMENT_3D('',#3838,#2741,#2742);
#2262=AXIS2_PLACEMENT_3D('',#3846,#2744,#2745);
#2263=AXIS2_PLACEMENT_3D('',#3854,#2747,#2748);
#2264=AXIS2_PLACEMENT_3D('',#3862,#2750,#2751);
#2265=AXIS2_PLACEMENT_3D('',#3870,#2753,#2754);
#2266=AXIS2_PLACEMENT_3D('',#3878,#2756,#2757);
#2267=AXIS2_PLACEMENT_3D('',#3886,#2759,#2760);
#2268=AXIS2_PLACEMENT_3D('',#3894,#2762,#2763);
#2269=AXIS2_PLACEMENT_3D('',#3902,#2765,#2766);
#2270=AXIS2_PLACEMENT_3D('',#3910,#2768,#2769);
#2271=AXIS2_PLACEMENT_3D('',#3918,#2771,#2772);
#2272=AXIS2_PLACEMENT_3D('',#3926,#2774,#2775);
#2273=AXIS2_PLACEMENT_3D('',#3934,#2777,#2778);
#2274=AXIS2_PLACEMENT_3D('',#3942,#2780,#2781);
#2275=AXIS2_PLACEMENT_3D('',#3950,#2783,#2784);
#2276=AXIS2_PLACEMENT_3D('',#3965,#2787,#2788);
#2277=AXIS2_PLACEMENT_3D('',#3966,#2789,#2790);
#2278=AXIS2_PLACEMENT_3D('',#3967,#2791,#2792);
#2279=AXIS2_PLACEMENT_3D('',#3969,#2793,#2794);
#2280=AXIS2_PLACEMENT_3D('',#3972,#2795,#2796);
#2281=AXIS2_PLACEMENT_3D('',#3974,#2797,#2798);
#2282=AXIS2_PLACEMENT_3D('',#3976,#2799,#2800);
#2283=AXIS2_PLACEMENT_3D('',#3978,#2801,#2802);
#2284=AXIS2_PLACEMENT_3D('',#3980,#2803,#2804);
#2285=AXIS2_PLACEMENT_3D('',#3982,#2805,#2806);
#2286=AXIS2_PLACEMENT_3D('',#3984,#2807,#2808);
#2287=AXIS2_PLACEMENT_3D('',#3986,#2809,#2810);
#2288=AXIS2_PLACEMENT_3D('',#3988,#2811,#2812);
#2289=AXIS2_PLACEMENT_3D('',#3990,#2813,#2814);
#2290=AXIS2_PLACEMENT_3D('',#3992,#2815,#2816);
#2291=AXIS2_PLACEMENT_3D('',#3994,#2817,#2818);
#2292=AXIS2_PLACEMENT_3D('',#3996,#2819,#2820);
#2293=AXIS2_PLACEMENT_3D('',#3998,#2821,#2822);
#2294=AXIS2_PLACEMENT_3D('',#4000,#2823,#2824);
#2295=AXIS2_PLACEMENT_3D('',#4002,#2825,#2826);
#2296=AXIS2_PLACEMENT_3D('',#4004,#2827,#2828);
#2297=AXIS2_PLACEMENT_3D('',#4006,#2829,#2830);
#2298=AXIS2_PLACEMENT_3D('',#4008,#2831,#2832);
#2299=AXIS2_PLACEMENT_3D('',#4009,#2833,#2834);
#2300=AXIS2_PLACEMENT_3D('',#4012,#2837,#2838);
#2301=AXIS2_PLACEMENT_3D('',#4015,#2841,#2842);
#2302=AXIS2_PLACEMENT_3D('',#4016,#2843,#2844);
#2303=AXIS2_PLACEMENT_3D('',#4017,#2845,#2846);
#2304=AXIS2_PLACEMENT_3D('',#4018,#2847,#2848);
#2305=AXIS2_PLACEMENT_3D('',#4019,#2849,#2850);
#2306=AXIS2_PLACEMENT_3D('',#4021,#2851,#2852);
#2307=AXIS2_PLACEMENT_3D('',#4023,#2853,#2854);
#2308=AXIS2_PLACEMENT_3D('',#4024,#2855,#2856);
#2309=AXIS2_PLACEMENT_3D('',#4025,#2857,#2858);
#2310=AXIS2_PLACEMENT_3D('',#4031,#2859,#2860);
#2311=AXIS2_PLACEMENT_3D('',#4032,#2861,#2862);
#2312=AXIS2_PLACEMENT_3D('',#4033,#2863,#2864);
#2313=AXIS2_PLACEMENT_3D('',#4039,#2865,#2866);
#2314=AXIS2_PLACEMENT_3D('',#4040,#2867,#2868);
#2315=AXIS2_PLACEMENT_3D('',#4041,#2869,#2870);
#2316=AXIS2_PLACEMENT_3D('',#4042,#2871,#2872);
#2317=AXIS2_PLACEMENT_3D('',#4043,#2873,#2874);
#2318=AXIS2_PLACEMENT_3D('',#4180,#2875,#2876);
#2319=AXIS2_PLACEMENT_3D('',#4181,#2877,#2878);
#2320=AXIS2_PLACEMENT_3D('',#4182,#2879,#2880);
#2321=AXIS2_PLACEMENT_3D('',#4183,#2881,#2882);
#2322=AXIS2_PLACEMENT_3D('',#4184,#2883,#2884);
#2323=AXIS2_PLACEMENT_3D('',#4185,#2885,#2886);
#2324=AXIS2_PLACEMENT_3D('',#4186,#2887,#2888);
#2325=AXIS2_PLACEMENT_3D('',#4187,#2889,#2890);
#2326=AXIS2_PLACEMENT_3D('',#4188,#2891,#2892);
#2327=AXIS2_PLACEMENT_3D('',#4189,#2893,#2894);
#2328=AXIS2_PLACEMENT_3D('',#4190,#2895,#2896);
#2329=AXIS2_PLACEMENT_3D('',#4191,#2897,#2898);
#2330=AXIS2_PLACEMENT_3D('',#4192,#2899,#2900);
#2331=AXIS2_PLACEMENT_3D('',#4193,#2901,#2902);
#2332=AXIS2_PLACEMENT_3D('',#4194,#2903,#2904);
#2333=AXIS2_PLACEMENT_3D('',#4195,#2905,#2906);
#2334=AXIS2_PLACEMENT_3D('',#4196,#2907,#2908);
#2335=AXIS2_PLACEMENT_3D('',#4202,#2909,#2910);
#2336=AXIS2_PLACEMENT_3D('',#4203,#2911,#2912);
#2337=AXIS2_PLACEMENT_3D('',#4204,#2913,#2914);
#2338=AXIS2_PLACEMENT_3D('',#4210,#2915,#2916);
#2339=AXIS2_PLACEMENT_3D('',#4211,#2917,#2918);
#2340=AXIS2_PLACEMENT_3D('',#4212,#2919,#2920);
#2341=AXIS2_PLACEMENT_3D('',#4213,#2921,#2922);
#2342=AXIS2_PLACEMENT_3D('',#4350,#2923,#2924);
#2343=AXIS2_PLACEMENT_3D('',#4351,#2925,#2926);
#2344=AXIS2_PLACEMENT_3D('',#4352,#2927,#2928);
#2345=AXIS2_PLACEMENT_3D('',#4353,#2929,#2930);
#2346=AXIS2_PLACEMENT_3D('',#4354,#2931,#2932);
#2347=AXIS2_PLACEMENT_3D('',#4355,#2933,#2934);
#2348=AXIS2_PLACEMENT_3D('',#4356,#2935,#2936);
#2349=AXIS2_PLACEMENT_3D('',#4357,#2937,#2938);
#2350=AXIS2_PLACEMENT_3D('',#4358,#2939,#2940);
#2351=AXIS2_PLACEMENT_3D('',#4359,#2941,#2942);
#2352=AXIS2_PLACEMENT_3D('',#4360,#2943,#2944);
#2353=AXIS2_PLACEMENT_3D('',#4361,#2945,#2946);
#2354=AXIS2_PLACEMENT_3D('',#4362,#2947,#2948);
#2355=AXIS2_PLACEMENT_3D('',#4363,#2949,#2950);
#2356=AXIS2_PLACEMENT_3D('',#4364,#2951,#2952);
#2357=AXIS2_PLACEMENT_3D('',#4365,#2953,#2954);
#2358=AXIS2_PLACEMENT_3D('',#4366,#2955,#2956);
#2359=AXIS2_PLACEMENT_3D('',#4372,#2957,#2958);
#2360=AXIS2_PLACEMENT_3D('',#4373,#2959,#2960);
#2361=AXIS2_PLACEMENT_3D('',#4374,#2961,#2962);
#2362=AXIS2_PLACEMENT_3D('',#4380,#2963,#2964);
#2363=AXIS2_PLACEMENT_3D('',#4381,#2965,#2966);
#2364=AXIS2_PLACEMENT_3D('',#4382,#2967,#2968);
#2365=AXIS2_PLACEMENT_3D('',#4383,#2969,#2970);
#2366=AXIS2_PLACEMENT_3D('',#4520,#2971,#2972);
#2367=AXIS2_PLACEMENT_3D('',#4521,#2973,#2974);
#2368=AXIS2_PLACEMENT_3D('',#4522,#2975,#2976);
#2369=AXIS2_PLACEMENT_3D('',#4523,#2977,#2978);
#2370=AXIS2_PLACEMENT_3D('',#4524,#2979,#2980);
#2371=AXIS2_PLACEMENT_3D('',#4525,#2981,#2982);
#2372=AXIS2_PLACEMENT_3D('',#4526,#2983,#2984);
#2373=AXIS2_PLACEMENT_3D('',#4527,#2985,#2986);
#2374=AXIS2_PLACEMENT_3D('',#4528,#2987,#2988);
#2375=AXIS2_PLACEMENT_3D('',#4529,#2989,#2990);
#2376=AXIS2_PLACEMENT_3D('',#4530,#2991,#2992);
#2377=AXIS2_PLACEMENT_3D('',#4531,#2993,#2994);
#2378=AXIS2_PLACEMENT_3D('',#4532,#2995,#2996);
#2379=AXIS2_PLACEMENT_3D('',#4533,#2997,#2998);
#2380=AXIS2_PLACEMENT_3D('',#4534,#2999,#3000);
#2381=AXIS2_PLACEMENT_3D('',#4535,#3001,#3002);
#2382=AXIS2_PLACEMENT_3D('',#4536,#3003,#3004);
#2383=AXIS2_PLACEMENT_3D('',#4542,#3005,#3006);
#2384=AXIS2_PLACEMENT_3D('',#4543,#3007,#3008);
#2385=AXIS2_PLACEMENT_3D('',#4544,#3009,#3010);
#2386=AXIS2_PLACEMENT_3D('',#4550,#3011,#3012);
#2387=AXIS2_PLACEMENT_3D('',#4551,#3013,#3014);
#2388=AXIS2_PLACEMENT_3D('',#4552,#3015,#3016);
#2389=AXIS2_PLACEMENT_3D('',#4553,#3017,#3018);
#2390=AXIS2_PLACEMENT_3D('',#4690,#3019,#3020);
#2391=AXIS2_PLACEMENT_3D('',#4691,#3021,#3022);
#2392=AXIS2_PLACEMENT_3D('',#4692,#3023,#3024);
#2393=AXIS2_PLACEMENT_3D('',#4693,#3025,#3026);
#2394=AXIS2_PLACEMENT_3D('',#4694,#3027,#3028);
#2395=AXIS2_PLACEMENT_3D('',#4695,#3029,#3030);
#2396=AXIS2_PLACEMENT_3D('',#4696,#3031,#3032);
#2397=AXIS2_PLACEMENT_3D('',#4697,#3033,#3034);
#2398=AXIS2_PLACEMENT_3D('',#4698,#3035,#3036);
#2399=AXIS2_PLACEMENT_3D('',#4699,#3037,#3038);
#2400=AXIS2_PLACEMENT_3D('',#4700,#3039,#3040);
#2401=AXIS2_PLACEMENT_3D('',#4701,#3041,#3042);
#2402=AXIS2_PLACEMENT_3D('',#4702,#3043,#3044);
#2403=AXIS2_PLACEMENT_3D('',#4703,#3045,#3046);
#2404=AXIS2_PLACEMENT_3D('',#4704,#3047,#3048);
#2405=AXIS2_PLACEMENT_3D('',#4705,#3049,#3050);
#2406=AXIS2_PLACEMENT_3D('',#4706,#3051,#3052);
#2407=AXIS2_PLACEMENT_3D('',#4712,#3053,#3054);
#2408=AXIS2_PLACEMENT_3D('',#4713,#3055,#3056);
#2409=AXIS2_PLACEMENT_3D('',#4714,#3057,#3058);
#2410=AXIS2_PLACEMENT_3D('',#4720,#3059,#3060);
#2411=AXIS2_PLACEMENT_3D('',#4721,#3061,#3062);
#2412=AXIS2_PLACEMENT_3D('',#4722,#3063,#3064);
#2413=AXIS2_PLACEMENT_3D('',#4723,#3065,#3066);
#2414=AXIS2_PLACEMENT_3D('',#4860,#3067,#3068);
#2415=AXIS2_PLACEMENT_3D('',#4861,#3069,#3070);
#2416=AXIS2_PLACEMENT_3D('',#4862,#3071,#3072);
#2417=AXIS2_PLACEMENT_3D('',#4863,#3073,#3074);
#2418=AXIS2_PLACEMENT_3D('',#4864,#3075,#3076);
#2419=AXIS2_PLACEMENT_3D('',#4865,#3077,#3078);
#2420=AXIS2_PLACEMENT_3D('',#4866,#3079,#3080);
#2421=AXIS2_PLACEMENT_3D('',#4867,#3081,#3082);
#2422=AXIS2_PLACEMENT_3D('',#4868,#3083,#3084);
#2423=AXIS2_PLACEMENT_3D('',#4869,#3085,#3086);
#2424=AXIS2_PLACEMENT_3D('',#4870,#3087,#3088);
#2425=AXIS2_PLACEMENT_3D('',#4871,#3089,#3090);
#2426=AXIS2_PLACEMENT_3D('',#4872,#3091,#3092);
#2427=AXIS2_PLACEMENT_3D('',#4873,#3093,#3094);
#2428=AXIS2_PLACEMENT_3D('',#4874,#3095,#3096);
#2429=DIRECTION('',(0.,0.,1.));
#2430=DIRECTION('',(1.,0.,0.));
#2431=DIRECTION('',(1.,0.,0.));
#2432=DIRECTION('',(0.,0.,-1.));
#2433=DIRECTION('',(-1.,0.,0.));
#2434=DIRECTION('',(0.,0.,1.));
#2435=DIRECTION('',(1.,0.,0.));
#2436=DIRECTION('',(0.,0.,-1.));
#2437=DIRECTION('',(-1.,0.,0.));
#2438=DIRECTION('',(0.,0.,1.));
#2439=DIRECTION('',(-1.,0.,0.));
#2440=DIRECTION('',(0.,0.,1.));
#2441=DIRECTION('',(-1.,0.,0.));
#2442=DIRECTION('',(0.,0.,1.));
#2443=DIRECTION('',(1.,0.,0.));
#2444=DIRECTION('',(0.,-0.951056516295154,-0.309016994374948));
#2445=DIRECTION('',(1.,0.,0.));
#2446=DIRECTION('',(0.,0.,-1.));
#2447=DIRECTION('',(-1.,0.,0.));
#2448=DIRECTION('',(0.,0.,1.));
#2449=DIRECTION('',(1.,0.,0.));
#2450=DIRECTION('',(0.,-0.587785252292473,-0.809016994374947));
#2451=DIRECTION('',(1.,0.,0.));
#2452=DIRECTION('',(0.,0.,-1.));
#2453=DIRECTION('',(-1.,0.,0.));
#2454=DIRECTION('',(0.,0.,1.));
#2455=DIRECTION('',(1.,0.,0.));
#2456=DIRECTION('',(0.,0.,-1.));
#2457=DIRECTION('',(1.,0.,0.));
#2458=DIRECTION('',(0.,0.,-1.));
#2459=DIRECTION('',(-1.,0.,0.));
#2460=DIRECTION('',(0.,0.,1.));
#2461=DIRECTION('',(1.,0.,0.));
#2462=DIRECTION('',(0.,0.587785252292473,-0.809016994374948));
#2463=DIRECTION('',(1.,0.,0.));
#2464=DIRECTION('',(0.,0.,-1.));
#2465=DIRECTION('',(-1.,0.,0.));
#2466=DIRECTION('',(0.,0.,1.));
#2467=DIRECTION('',(1.,0.,0.));
#2468=DIRECTION('',(0.,0.951056516295154,-0.309016994374948));
#2469=DIRECTION('',(1.,0.,0.));
#2470=DIRECTION('',(0.,0.,-1.));
#2471=DIRECTION('',(-1.,0.,0.));
#2472=DIRECTION('',(0.,0.,1.));
#2473=DIRECTION('',(-1.,0.,0.));
#2474=DIRECTION('',(0.,0.,1.));
#2475=DIRECTION('',(-1.,0.,0.));
#2476=DIRECTION('',(0.,0.,1.));
#2477=DIRECTION('',(-1.,0.,0.));
#2478=DIRECTION('',(0.,0.,1.));
#2479=DIRECTION('',(-1.,0.,0.));
#2480=DIRECTION('',(0.,0.,1.));
#2481=DIRECTION('',(-1.,0.,0.));
#2482=DIRECTION('',(0.,0.,1.));
#2483=DIRECTION('',(-1.,0.,0.));
#2484=DIRECTION('',(0.,0.,1.));
#2485=DIRECTION('',(0.,0.,-1.));
#2486=DIRECTION('',(-1.,0.,0.));
#2487=DIRECTION('',(0.,0.,1.));
#2488=DIRECTION('',(0.,0.,-1.));
#2489=DIRECTION('',(-1.,0.,0.));
#2490=DIRECTION('',(0.,0.,1.));
#2491=DIRECTION('',(-1.,0.,0.));
#2492=DIRECTION('',(0.,0.,1.));
#2493=DIRECTION('',(-1.,0.,0.));
#2494=DIRECTION('',(0.,0.,1.));
#2495=DIRECTION('',(-1.,0.,0.));
#2496=DIRECTION('',(0.,0.,1.));
#2497=DIRECTION('',(-1.,0.,0.));
#2498=DIRECTION('',(0.,0.,1.));
#2499=DIRECTION('',(-1.,0.,0.));
#2500=DIRECTION('',(0.,0.,1.));
#2501=DIRECTION('',(-1.,0.,0.));
#2502=DIRECTION('',(0.,0.,1.));
#2503=DIRECTION('',(-1.,0.,0.));
#2504=DIRECTION('',(0.,0.,1.));
#2505=DIRECTION('',(-1.,0.,0.));
#2506=DIRECTION('',(0.,0.,1.));
#2507=DIRECTION('',(-1.,0.,0.));
#2508=DIRECTION('',(0.,0.,1.));
#2509=DIRECTION('',(-1.,0.,0.));
#2510=DIRECTION('',(0.,0.,1.));
#2511=DIRECTION('',(-1.,0.,0.));
#2512=DIRECTION('',(0.,0.,1.));
#2513=DIRECTION('',(-1.,0.,0.));
#2514=DIRECTION('',(0.,0.,1.));
#2515=DIRECTION('',(-1.,0.,0.));
#2516=DIRECTION('',(0.,0.,1.));
#2517=DIRECTION('',(1.,0.,0.));
#2518=DIRECTION('',(0.,0.587785252292473,0.809016994374947));
#2519=DIRECTION('',(-1.,0.,0.));
#2520=DIRECTION('',(0.,0.,1.));
#2521=DIRECTION('',(-1.,0.,0.));
#2522=DIRECTION('',(0.,0.,1.));
#2523=DIRECTION('',(1.,0.,0.));
#2524=DIRECTION('',(0.,1.22464679914735E-16,1.));
#2525=DIRECTION('',(-1.,0.,0.));
#2526=DIRECTION('',(0.,0.,1.));
#2527=DIRECTION('',(-1.,0.,0.));
#2528=DIRECTION('',(0.,0.,1.));
#2529=DIRECTION('',(1.,0.,0.));
#2530=DIRECTION('',(0.,-0.587785252292473,0.809016994374948));
#2531=DIRECTION('',(-1.,0.,0.));
#2532=DIRECTION('',(0.,0.,1.));
#2533=DIRECTION('',(-1.,0.,0.));
#2534=DIRECTION('',(0.,0.,1.));
#2535=DIRECTION('',(1.,0.,0.));
#2536=DIRECTION('',(0.,-0.951056516295154,0.309016994374948));
#2537=DIRECTION('',(-1.,0.,0.));
#2538=DIRECTION('',(0.,0.,1.));
#2539=DIRECTION('',(-1.,0.,0.));
#2540=DIRECTION('',(0.,0.,1.));
#2541=DIRECTION('',(1.,0.,0.));
#2542=DIRECTION('',(0.,0.951056516295154,0.309016994374948));
#2543=DIRECTION('',(-1.,0.,0.));
#2544=DIRECTION('',(0.,0.,1.));
#2545=DIRECTION('',(-1.,0.,0.));
#2546=DIRECTION('',(0.,0.,1.));
#2547=DIRECTION('',(0.,-1.,0.));
#2548=DIRECTION('',(0.,0.,-1.));
#2549=DIRECTION('',(0.,0.,-1.));
#2550=DIRECTION('',(0.,-1.,0.));
#2551=DIRECTION('',(0.,0.,-1.));
#2552=DIRECTION('',(0.,-1.,0.));
#2553=DIRECTION('',(0.,0.,-1.));
#2554=DIRECTION('',(0.,-1.,0.));
#2555=DIRECTION('',(0.,0.,-1.));
#2556=DIRECTION('',(0.,-1.,0.));
#2557=DIRECTION('',(0.,0.,-1.));
#2558=DIRECTION('',(0.,0.,-1.));
#2559=DIRECTION('',(0.,-1.,0.));
#2560=DIRECTION('',(0.,0.,-1.));
#2561=DIRECTION('',(1.,0.,0.));
#2562=DIRECTION('',(0.,1.,0.));
#2563=DIRECTION('',(1.,0.,0.));
#2564=DIRECTION('',(0.,0.,-1.));
#2565=DIRECTION('',(1.,0.,0.));
#2566=DIRECTION('',(0.,0.,-1.));
#2567=DIRECTION('',(1.,0.,0.));
#2568=DIRECTION('',(0.,0.,-1.));
#2569=DIRECTION('',(1.,0.,0.));
#2570=DIRECTION('',(0.,0.,-1.));
#2571=DIRECTION('',(1.,0.,0.));
#2572=DIRECTION('',(0.,0.,-1.));
#2573=DIRECTION('',(1.,0.,0.));
#2574=DIRECTION('',(0.,0.,-1.));
#2575=DIRECTION('',(-1.,0.,0.));
#2576=DIRECTION('',(0.,0.,1.));
#2577=DIRECTION('',(-1.,0.,0.));
#2578=DIRECTION('',(0.,0.,1.));
#2579=DIRECTION('',(-1.,0.,0.));
#2580=DIRECTION('',(0.,0.,1.));
#2581=DIRECTION('',(-1.,0.,0.));
#2582=DIRECTION('',(0.,0.,1.));
#2583=DIRECTION('',(-1.,0.,0.));
#2584=DIRECTION('',(0.,0.,1.));
#2585=DIRECTION('',(1.,0.,0.));
#2586=DIRECTION('',(0.,0.,-1.));
#2587=DIRECTION('',(1.,0.,0.));
#2588=DIRECTION('',(0.,0.,-1.));
#2589=DIRECTION('',(1.,0.,0.));
#2590=DIRECTION('',(0.,0.,-1.));
#2591=DIRECTION('',(1.,0.,0.));
#2592=DIRECTION('',(0.,0.,-1.));
#2593=DIRECTION('',(1.,0.,0.));
#2594=DIRECTION('',(0.,0.,-1.));
#2595=DIRECTION('',(1.,0.,0.));
#2596=DIRECTION('',(0.,0.,-1.));
#2597=DIRECTION('',(-1.,0.,0.));
#2598=DIRECTION('',(0.,0.,1.));
#2599=DIRECTION('',(-1.,0.,0.));
#2600=DIRECTION('',(0.,0.,1.));
#2601=DIRECTION('',(-1.,0.,0.));
#2602=DIRECTION('',(0.,0.,1.));
#2603=DIRECTION('',(-1.,0.,0.));
#2604=DIRECTION('',(0.,0.,1.));
#2605=DIRECTION('',(-1.,0.,0.));
#2606=DIRECTION('',(0.,0.,1.));
#2607=DIRECTION('',(-1.,0.,0.));
#2608=DIRECTION('',(0.,0.,1.));
#2609=DIRECTION('',(1.,0.,0.));
#2610=DIRECTION('',(0.,0.,-1.));
#2611=DIRECTION('',(-1.,0.,0.));
#2612=DIRECTION('',(0.,0.,1.));
#2613=DIRECTION('',(1.,0.,0.));
#2614=DIRECTION('',(0.,0.,-1.));
#2615=DIRECTION('',(-1.,0.,0.));
#2616=DIRECTION('',(0.,0.,1.));
#2617=DIRECTION('',(1.,0.,0.));
#2618=DIRECTION('',(0.,0.,-1.));
#2619=DIRECTION('',(-1.,0.,0.));
#2620=DIRECTION('',(0.,0.,1.));
#2621=DIRECTION('',(1.,0.,0.));
#2622=DIRECTION('',(0.,0.,-1.));
#2623=DIRECTION('',(-1.,0.,0.));
#2624=DIRECTION('',(0.,0.,1.));
#2625=DIRECTION('',(0.,0.,1.));
#2626=DIRECTION('',(1.,0.,0.));
#2627=DIRECTION('',(-1.,0.,0.));
#2628=DIRECTION('',(0.,0.,1.));
#2629=DIRECTION('',(-1.,0.,0.));
#2630=DIRECTION('',(1.,0.,0.));
#2631=DIRECTION('',(0.,0.,-1.));
#2632=DIRECTION('',(-1.,0.,0.));
#2633=DIRECTION('',(1.,0.,0.));
#2634=DIRECTION('',(0.,0.,-1.));
#2635=DIRECTION('',(1.,0.,0.));
#2636=DIRECTION('',(0.,0.,-1.));
#2637=DIRECTION('',(1.,0.,0.));
#2638=DIRECTION('',(0.,0.,-1.));
#2639=DIRECTION('',(1.,0.,0.));
#2640=DIRECTION('',(0.,0.,-1.));
#2641=DIRECTION('',(1.,0.,0.));
#2642=DIRECTION('',(0.,0.,-1.));
#2643=DIRECTION('',(-1.,0.,0.));
#2644=DIRECTION('',(0.,0.,1.));
#2645=DIRECTION('',(-1.,0.,0.));
#2646=DIRECTION('',(0.,0.,1.));
#2647=DIRECTION('',(-1.,0.,0.));
#2648=DIRECTION('',(0.,0.,1.));
#2649=DIRECTION('',(-1.,0.,0.));
#2650=DIRECTION('',(0.,0.,1.));
#2651=DIRECTION('',(-1.,0.,0.));
#2652=DIRECTION('',(0.,0.,1.));
#2653=DIRECTION('',(-1.,0.,0.));
#2654=DIRECTION('',(0.,0.,1.));
#2655=DIRECTION('',(-1.,0.,0.));
#2656=DIRECTION('',(0.,0.,1.));
#2657=DIRECTION('',(-1.,0.,0.));
#2658=DIRECTION('',(0.,0.,1.));
#2659=DIRECTION('',(-1.,0.,0.));
#2660=DIRECTION('',(0.,0.,1.));
#2661=DIRECTION('',(-1.,0.,0.));
#2662=DIRECTION('',(0.,0.,1.));
#2663=DIRECTION('',(1.,0.,0.));
#2664=DIRECTION('',(0.,0.,-1.));
#2665=DIRECTION('',(-0.939690666391102,0.,-0.342025512933533));
#2666=DIRECTION('',(1.,0.,0.));
#2667=DIRECTION('',(0.,0.,-1.));
#2668=DIRECTION('',(0.939690666391102,0.,-0.342025512933533));
#2669=DIRECTION('',(1.,0.,0.));
#2670=DIRECTION('',(0.,0.587785252292473,0.809016994374947));
#2671=DIRECTION('',(1.,0.,0.));
#2672=DIRECTION('',(1.,0.,0.));
#2673=DIRECTION('',(0.,0.,-1.));
#2674=DIRECTION('',(1.,0.,0.));
#2675=DIRECTION('',(1.,0.,0.));
#2676=DIRECTION('',(0.,1.22464679914735E-16,1.));
#2677=DIRECTION('',(1.,0.,0.));
#2678=DIRECTION('',(1.,0.,0.));
#2679=DIRECTION('',(0.,0.,-1.));
#2680=DIRECTION('',(1.,0.,0.));
#2681=DIRECTION('',(1.,0.,0.));
#2682=DIRECTION('',(0.,-0.587785252292473,0.809016994374948));
#2683=DIRECTION('',(1.,0.,0.));
#2684=DIRECTION('',(1.,0.,0.));
#2685=DIRECTION('',(0.,0.,-1.));
#2686=DIRECTION('',(1.,0.,0.));
#2687=DIRECTION('',(1.,0.,0.));
#2688=DIRECTION('',(0.,-0.951056516295154,0.309016994374948));
#2689=DIRECTION('',(1.,0.,0.));
#2690=DIRECTION('',(1.,0.,0.));
#2691=DIRECTION('',(0.,0.,-1.));
#2692=DIRECTION('',(1.,0.,0.));
#2693=DIRECTION('',(1.,0.,0.));
#2694=DIRECTION('',(0.,-0.951056516295154,-0.309016994374948));
#2695=DIRECTION('',(1.,0.,0.));
#2696=DIRECTION('',(1.,0.,0.));
#2697=DIRECTION('',(0.,0.,-1.));
#2698=DIRECTION('',(1.,0.,0.));
#2699=DIRECTION('',(1.,0.,0.));
#2700=DIRECTION('',(0.,-0.587785252292473,-0.809016994374947));
#2701=DIRECTION('',(1.,0.,0.));
#2702=DIRECTION('',(1.,0.,0.));
#2703=DIRECTION('',(0.,0.,-1.));
#2704=DIRECTION('',(1.,0.,0.));
#2705=DIRECTION('',(1.,0.,0.));
#2706=DIRECTION('',(0.,0.,-1.));
#2707=DIRECTION('',(1.,0.,0.));
#2708=DIRECTION('',(1.,0.,0.));
#2709=DIRECTION('',(0.,0.,-1.));
#2710=DIRECTION('',(1.,0.,0.));
#2711=DIRECTION('',(1.,0.,0.));
#2712=DIRECTION('',(0.,0.587785252292473,-0.809016994374948));
#2713=DIRECTION('',(1.,0.,0.));
#2714=DIRECTION('',(1.,0.,0.));
#2715=DIRECTION('',(0.,0.,-1.));
#2716=DIRECTION('',(1.,0.,0.));
#2717=DIRECTION('',(1.,0.,0.));
#2718=DIRECTION('',(0.,0.951056516295154,-0.309016994374948));
#2719=DIRECTION('',(1.,0.,0.));
#2720=DIRECTION('',(1.,0.,0.));
#2721=DIRECTION('',(0.,0.,-1.));
#2722=DIRECTION('',(1.,0.,0.));
#2723=DIRECTION('',(1.,0.,0.));
#2724=DIRECTION('',(0.,0.951056516295154,0.309016994374948));
#2725=DIRECTION('',(1.,0.,0.));
#2726=DIRECTION('',(1.,0.,0.));
#2727=DIRECTION('',(0.,0.,-1.));
#2728=DIRECTION('',(1.,0.,0.));
#2729=DIRECTION('',(-1.,0.,0.));
#2730=DIRECTION('',(0.,0.,1.));
#2731=DIRECTION('',(-1.,0.,0.));
#2732=DIRECTION('',(-1.,0.,0.));
#2733=DIRECTION('',(1.,0.,0.));
#2734=DIRECTION('',(0.,0.,-1.));
#2735=DIRECTION('',(-1.,0.,0.));
#2736=DIRECTION('',(0.,0.,1.));
#2737=DIRECTION('',(-1.,0.,0.));
#2738=DIRECTION('',(1.,0.,0.));
#2739=DIRECTION('',(0.,0.,-1.));
#2740=DIRECTION('',(-1.,0.,0.));
#2741=DIRECTION('',(-1.,0.,0.));
#2742=DIRECTION('',(0.,0.,1.));
#2743=DIRECTION('',(-1.,0.,0.));
#2744=DIRECTION('',(1.,0.,0.));
#2745=DIRECTION('',(0.,0.,-1.));
#2746=DIRECTION('',(-1.,0.,0.));
#2747=DIRECTION('',(-1.,0.,0.));
#2748=DIRECTION('',(0.,0.,1.));
#2749=DIRECTION('',(-1.,0.,0.));
#2750=DIRECTION('',(1.,0.,0.));
#2751=DIRECTION('',(0.,0.,-1.));
#2752=DIRECTION('',(-1.,0.,0.));
#2753=DIRECTION('',(-1.,0.,0.));
#2754=DIRECTION('',(0.,0.,1.));
#2755=DIRECTION('',(-1.,0.,0.));
#2756=DIRECTION('',(1.,0.,0.));
#2757=DIRECTION('',(0.,0.,-1.));
#2758=DIRECTION('',(-1.,0.,0.));
#2759=DIRECTION('',(-1.,0.,0.));
#2760=DIRECTION('',(0.,0.,1.));
#2761=DIRECTION('',(-1.,0.,0.));
#2762=DIRECTION('',(1.,0.,0.));
#2763=DIRECTION('',(0.,0.,-1.));
#2764=DIRECTION('',(-1.,0.,0.));
#2765=DIRECTION('',(-1.,0.,0.));
#2766=DIRECTION('',(0.,0.,1.));
#2767=DIRECTION('',(-1.,0.,0.));
#2768=DIRECTION('',(1.,0.,0.));
#2769=DIRECTION('',(0.,0.,-1.));
#2770=DIRECTION('',(-1.,0.,0.));
#2771=DIRECTION('',(-1.,0.,0.));
#2772=DIRECTION('',(0.,0.,1.));
#2773=DIRECTION('',(-1.,0.,0.));
#2774=DIRECTION('',(1.,0.,0.));
#2775=DIRECTION('',(0.,0.,-1.));
#2776=DIRECTION('',(-1.,0.,0.));
#2777=DIRECTION('',(-1.,0.,0.));
#2778=DIRECTION('',(0.,0.,1.));
#2779=DIRECTION('',(-1.,0.,0.));
#2780=DIRECTION('',(1.,0.,0.));
#2781=DIRECTION('',(0.,0.,-1.));
#2782=DIRECTION('',(-1.,0.,0.));
#2783=DIRECTION('',(-1.,0.,0.));
#2784=DIRECTION('',(0.,0.,1.));
#2785=DIRECTION('',(-1.,0.,0.));
#2786=DIRECTION('',(-1.,0.,0.));
#2787=DIRECTION('',(1.,0.,0.));
#2788=DIRECTION('',(0.,0.,-1.));
#2789=DIRECTION('',(1.,0.,0.));
#2790=DIRECTION('',(0.,0.,-1.));
#2791=DIRECTION('',(1.,0.,0.));
#2792=DIRECTION('',(0.,0.,-1.));
#2793=DIRECTION('',(1.,0.,0.));
#2794=DIRECTION('',(0.,0.,-1.));
#2795=DIRECTION('',(1.,0.,0.));
#2796=DIRECTION('',(0.,0.,-1.));
#2797=DIRECTION('',(1.,0.,0.));
#2798=DIRECTION('',(0.,0.,-1.));
#2799=DIRECTION('',(1.,0.,0.));
#2800=DIRECTION('',(0.,0.,-1.));
#2801=DIRECTION('',(1.,0.,0.));
#2802=DIRECTION('',(0.,0.,-1.));
#2803=DIRECTION('',(1.,0.,0.));
#2804=DIRECTION('',(0.,0.,-1.));
#2805=DIRECTION('',(1.,0.,0.));
#2806=DIRECTION('',(0.,0.,-1.));
#2807=DIRECTION('',(1.,0.,0.));
#2808=DIRECTION('',(0.,0.,-1.));
#2809=DIRECTION('',(1.,0.,0.));
#2810=DIRECTION('',(0.,0.,-1.));
#2811=DIRECTION('',(1.,0.,0.));
#2812=DIRECTION('',(0.,0.,-1.));
#2813=DIRECTION('',(1.,0.,0.));
#2814=DIRECTION('',(0.,0.,-1.));
#2815=DIRECTION('',(1.,0.,0.));
#2816=DIRECTION('',(0.,0.,-1.));
#2817=DIRECTION('',(1.,0.,0.));
#2818=DIRECTION('',(0.,0.,-1.));
#2819=DIRECTION('',(1.,0.,0.));
#2820=DIRECTION('',(0.,0.,-1.));
#2821=DIRECTION('',(1.,0.,0.));
#2822=DIRECTION('',(0.,0.,-1.));
#2823=DIRECTION('',(1.,0.,0.));
#2824=DIRECTION('',(0.,0.,-1.));
#2825=DIRECTION('',(1.,0.,0.));
#2826=DIRECTION('',(0.,0.,-1.));
#2827=DIRECTION('',(1.,0.,0.));
#2828=DIRECTION('',(0.,0.,-1.));
#2829=DIRECTION('',(1.,0.,0.));
#2830=DIRECTION('',(0.,0.,-1.));
#2831=DIRECTION('',(1.,0.,0.));
#2832=DIRECTION('',(0.,0.,-1.));
#2833=DIRECTION('',(0.,-1.,0.));
#2834=DIRECTION('',(0.,0.,-1.));
#2835=DIRECTION('',(0.,0.,-1.));
#2836=DIRECTION('',(0.,0.,-1.));
#2837=DIRECTION('',(0.,-1.,0.));
#2838=DIRECTION('',(0.,0.,-1.));
#2839=DIRECTION('',(0.,0.,-1.));
#2840=DIRECTION('',(0.,0.,-1.));
#2841=DIRECTION('',(1.,0.,0.));
#2842=DIRECTION('',(0.,1.,0.));
#2843=DIRECTION('',(1.,0.,0.));
#2844=DIRECTION('',(0.,1.,0.));
#2845=DIRECTION('',(-1.,0.,0.));
#2846=DIRECTION('',(0.,0.,1.));
#2847=DIRECTION('',(1.,0.,0.));
#2848=DIRECTION('',(0.,0.,-1.));
#2849=DIRECTION('',(1.,0.,0.));
#2850=DIRECTION('',(0.,0.,-1.));
#2851=DIRECTION('',(1.,0.,0.));
#2852=DIRECTION('',(0.,0.,-1.));
#2853=DIRECTION('',(1.,0.,0.));
#2854=DIRECTION('',(0.,1.,0.));
#2855=DIRECTION('',(1.,0.,0.));
#2856=DIRECTION('',(0.,0.,-1.));
#2857=DIRECTION('',(1.,0.,0.));
#2858=DIRECTION('',(0.,0.,-1.));
#2859=DIRECTION('',(1.,6.70372595321332E-15,-1.2185209569232E-14));
#2860=DIRECTION('',(-1.2185209569232E-14,0.,-1.));
#2861=DIRECTION('',(1.,0.,0.));
#2862=DIRECTION('',(0.,0.,-1.));
#2863=DIRECTION('',(1.,-9.93503309074212E-15,-9.73213190353216E-15));
#2864=DIRECTION('',(9.93503309074212E-15,1.,0.));
#2865=DIRECTION('',(1.,0.,0.));
#2866=DIRECTION('',(0.,0.,-1.));
#2867=DIRECTION('',(2.17957439251238E-14,-0.905790981869466,-0.423724789414011));
#2868=DIRECTION('',(0.,0.423724789414011,-0.905790981869466));
#2869=DIRECTION('',(0.,0.714363807983732,0.699774499280291));
#2870=DIRECTION('',(0.,-0.699774499280291,0.714363807983732));
#2871=DIRECTION('',(1.,3.46944695195361E-15,-6.93889390390722E-15));
#2872=DIRECTION('',(-6.93889390390722E-15,0.,-1.));
#2873=DIRECTION('',(0.,0.482021464435712,-0.876159407769643));
#2874=DIRECTION('',(0.,0.876159407769643,0.482021464435712));
#2875=DIRECTION('',(1.,0.,0.));
#2876=DIRECTION('',(0.,0.,-1.));
#2877=DIRECTION('',(0.,0.651587208717573,-0.758573733684236));
#2878=DIRECTION('',(0.,0.758573733684236,0.651587208717573));
#2879=DIRECTION('',(1.,0.,0.));
#2880=DIRECTION('',(0.,0.,-1.));
#2881=DIRECTION('',(0.,0.0812666717338248,-0.996692393903609));
#2882=DIRECTION('',(0.,0.996692393903609,0.0812666717338248));
#2883=DIRECTION('',(1.,0.,0.));
#2884=DIRECTION('',(0.,0.,-1.));
#2885=DIRECTION('',(1.,-1.37580142163491E-14,-2.03379416968022E-15));
#2886=DIRECTION('',(1.37580142163491E-14,1.,0.));
#2887=DIRECTION('',(1.,0.,0.));
#2888=DIRECTION('',(0.,0.,-1.));
#2889=DIRECTION('',(1.,1.25857147026695E-14,-5.91769037081978E-15));
#2890=DIRECTION('',(-1.25857147026695E-14,1.,0.));
#2891=DIRECTION('',(1.,0.,0.));
#2892=DIRECTION('',(0.,0.,-1.));
#2893=DIRECTION('',(0.,0.904957134926294,-0.425502742583398));
#2894=DIRECTION('',(0.,0.425502742583399,0.904957134926294));
#2895=DIRECTION('',(1.,1.73472347597681E-15,-6.93889390390722E-15));
#2896=DIRECTION('',(-6.93889390390722E-15,0.,-1.));
#2897=DIRECTION('',(0.,0.989249591432546,0.146236951043646));
#2898=DIRECTION('',(0.,-0.146236951043646,0.989249591432546));
#2899=DIRECTION('',(1.,-6.93889390390722E-15,0.));
#2900=DIRECTION('',(6.93889390390722E-15,1.,0.));
#2901=DIRECTION('',(2.46121185428815E-14,-0.483741115435678,-0.875211136376273));
#2902=DIRECTION('',(0.,0.875211136376273,-0.483741115435678));
#2903=DIRECTION('',(1.,0.,0.));
#2904=DIRECTION('',(0.,0.,-1.));
#2905=DIRECTION('',(2.04390562793864E-14,-0.981859479932257,0.189610025228512));
#2906=DIRECTION('',(0.,-0.189610025228512,-0.981859479932258));
#2907=DIRECTION('',(1.,0.,0.));
#2908=DIRECTION('',(0.,0.,-1.));
#2909=DIRECTION('',(1.,-1.73885825910571E-15,-1.37983928722379E-14));
#2910=DIRECTION('',(-1.37983928722379E-14,0.,-1.));
#2911=DIRECTION('',(1.,0.,0.));
#2912=DIRECTION('',(0.,0.,-1.));
#2913=DIRECTION('',(1.,-2.31720700382654E-15,-1.37131260332321E-14));
#2914=DIRECTION('',(-1.37131260332321E-14,0.,-1.));
#2915=DIRECTION('',(1.,0.,0.));
#2916=DIRECTION('',(0.,0.,-1.));
#2917=DIRECTION('',(0.,0.166615330217934,0.986021973252305));
#2918=DIRECTION('',(0.,-0.986021973252305,0.166615330217934));
#2919=DIRECTION('',(1.,0.,0.));
#2920=DIRECTION('',(0.,0.,-1.));
#2921=DIRECTION('',(0.,-0.125030022162312,-0.992152958750863));
#2922=DIRECTION('',(0.,0.992152958750863,-0.125030022162312));
#2923=DIRECTION('',(1.,0.,0.));
#2924=DIRECTION('',(0.,0.,-1.));
#2925=DIRECTION('',(-6.75170737794645E-15,0.973023578605884,-0.230705690170397));
#2926=DIRECTION('',(0.,0.230705690170397,0.973023578605884));
#2927=DIRECTION('',(1.,0.,0.));
#2928=DIRECTION('',(0.,0.,-1.));
#2929=DIRECTION('',(0.,-0.520094971699671,-0.854108435980303));
#2930=DIRECTION('',(0.,0.854108435980303,-0.520094971699671));
#2931=DIRECTION('',(1.,0.,0.));
#2932=DIRECTION('',(0.,0.,-1.));
#2933=DIRECTION('',(1.,-1.2325901529015E-14,6.44138381086819E-15));
#2934=DIRECTION('',(1.2325901529015E-14,1.,0.));
#2935=DIRECTION('',(1.,0.,0.));
#2936=DIRECTION('',(0.,0.,-1.));
#2937=DIRECTION('',(1.,1.36603882084155E-14,2.61018541434758E-15));
#2938=DIRECTION('',(-1.36603882084155E-14,1.,0.));
#2939=DIRECTION('',(1.,0.,0.));
#2940=DIRECTION('',(0.,0.,-1.));
#2941=DIRECTION('',(0.,0.982229938236753,0.187681507963423));
#2942=DIRECTION('',(0.,-0.187681507963423,0.982229938236753));
#2943=DIRECTION('',(1.,0.,0.));
#2944=DIRECTION('',(0.,0.,-1.));
#2945=DIRECTION('',(0.,0.886275654311076,-0.463158142080515));
#2946=DIRECTION('',(0.,0.463158142080515,0.886275654311076));
#2947=DIRECTION('',(1.,-6.93889390390722E-15,-8.67361737988403E-16));
#2948=DIRECTION('',(6.93889390390722E-15,1.,0.));
#2949=DIRECTION('',(2.40947530072429E-14,0.123081415338751,-0.992396576575217));
#2950=DIRECTION('',(0.,0.992396576575217,0.123081415338751));
#2951=DIRECTION('',(1.,0.,0.));
#2952=DIRECTION('',(0.,0.,-1.));
#2953=DIRECTION('',(2.4353530277095E-14,-0.682891028837222,0.730520254841466));
#2954=DIRECTION('',(0.,-0.730520254841466,-0.682891028837222));
#2955=DIRECTION('',(1.,0.,0.));
#2956=DIRECTION('',(0.,0.,-1.));
#2957=DIRECTION('',(1.,-9.51725771806482E-15,-1.01410590881734E-14));
#2958=DIRECTION('',(-1.01410590881734E-14,0.,-1.));
#2959=DIRECTION('',(1.,0.,0.));
#2960=DIRECTION('',(0.,0.,-1.));
#2961=DIRECTION('',(1.,-6.18571339958147E-15,1.24561721102483E-14));
#2962=DIRECTION('',(1.24561721102483E-14,0.,-1.));
#2963=DIRECTION('',(1.,0.,0.));
#2964=DIRECTION('',(0.,0.,-1.));
#2965=DIRECTION('',(0.,-0.444774540644326,0.895642567096176));
#2966=DIRECTION('',(0.,-0.895642567096177,-0.444774540644326));
#2967=DIRECTION('',(1.,0.,0.));
#2968=DIRECTION('',(0.,0.,-1.));
#2969=DIRECTION('',(0.,-0.684324289908481,-0.729177801528031));
#2970=DIRECTION('',(0.,0.729177801528031,-0.684324289908481));
#2971=DIRECTION('',(1.,0.,0.));
#2972=DIRECTION('',(0.,0.,-1.));
#2973=DIRECTION('',(0.,0.922798013321802,0.385284085590535));
#2974=DIRECTION('',(0.,-0.385284085590535,0.922798013321802));
#2975=DIRECTION('',(1.,0.,0.));
#2976=DIRECTION('',(0.,0.,-1.));
#2977=DIRECTION('',(7.73992020556477E-15,-0.922798013321802,-0.385284085590535));
#2978=DIRECTION('',(0.,0.385284085590535,-0.922798013321802));
#2979=DIRECTION('',(1.,0.,0.));
#2980=DIRECTION('',(0.,0.,-1.));
#2981=DIRECTION('',(1.,-6.18571339958145E-15,1.24561721102483E-14));
#2982=DIRECTION('',(1.24561721102483E-14,0.,-1.));
#2983=DIRECTION('',(1.,0.,0.));
#2984=DIRECTION('',(0.,0.,-1.));
#2985=DIRECTION('',(1.,9.49732460273679E-15,-1.01597292922667E-14));
#2986=DIRECTION('',(-1.01597292922667E-14,0.,-1.));
#2987=DIRECTION('',(1.,0.,0.));
#2988=DIRECTION('',(0.,0.,-1.));
#2989=DIRECTION('',(0.,0.684324289908481,0.729177801528031));
#2990=DIRECTION('',(0.,-0.729177801528031,0.684324289908481));
#2991=DIRECTION('',(1.,0.,-3.46944695195361E-15));
#2992=DIRECTION('',(-3.46944695195361E-15,0.,-1.));
#2993=DIRECTION('',(0.,0.444774540644323,-0.895642567096178));
#2994=DIRECTION('',(0.,0.895642567096178,0.444774540644323));
#2995=DIRECTION('',(1.,0.,-6.93889390390722E-15));
#2996=DIRECTION('',(-6.93889390390722E-15,0.,-1.));
#2997=DIRECTION('',(1.96150218800635E-14,0.682891028837222,-0.730520254841466));
#2998=DIRECTION('',(0.,0.730520254841466,0.682891028837222));
#2999=DIRECTION('',(1.,0.,0.));
#3000=DIRECTION('',(0.,0.,-1.));
#3001=DIRECTION('',(2.32339861878109E-14,-0.123081415338751,0.992396576575217));
#3002=DIRECTION('',(0.,-0.992396576575217,-0.123081415338751));
#3003=DIRECTION('',(1.,0.,0.));
#3004=DIRECTION('',(0.,0.,-1.));
#3005=DIRECTION('',(1.,-1.36603882084154E-14,-2.61018541434756E-15));
#3006=DIRECTION('',(1.36603882084154E-14,1.,0.));
#3007=DIRECTION('',(1.,0.,0.));
#3008=DIRECTION('',(0.,0.,-1.));
#3009=DIRECTION('',(1.,-1.2325901529015E-14,6.44138381086819E-15));
#3010=DIRECTION('',(1.2325901529015E-14,1.,0.));
#3011=DIRECTION('',(1.,0.,0.));
#3012=DIRECTION('',(0.,0.,-1.));
#3013=DIRECTION('',(0.,-0.886275654311074,0.463158142080518));
#3014=DIRECTION('',(0.,-0.463158142080518,-0.886275654311074));
#3015=DIRECTION('',(1.,0.,-8.67361737988403E-16));
#3016=DIRECTION('',(-8.67361737988403E-16,0.,-1.));
#3017=DIRECTION('',(0.,-0.982229938236754,-0.187681507963416));
#3018=DIRECTION('',(0.,0.187681507963416,-0.982229938236754));
#3019=DIRECTION('',(1.,-3.46944695195361E-15,0.));
#3020=DIRECTION('',(3.46944695195361E-15,1.,0.));
#3021=DIRECTION('',(1.80444191428982E-15,0.520094971699671,0.854108435980303));
#3022=DIRECTION('',(0.,-0.854108435980303,0.520094971699671));
#3023=DIRECTION('',(1.,0.,0.));
#3024=DIRECTION('',(0.,0.,-1.));
#3025=DIRECTION('',(-7.15191795472648E-15,-0.973023578605884,0.230705690170397));
#3026=DIRECTION('',(0.,-0.230705690170397,-0.973023578605884));
#3027=DIRECTION('',(1.,0.,0.));
#3028=DIRECTION('',(0.,0.,-1.));
#3029=DIRECTION('',(1.,2.31720700382654E-15,1.37131260332321E-14));
#3030=DIRECTION('',(1.37131260332321E-14,0.,-1.));
#3031=DIRECTION('',(1.,0.,0.));
#3032=DIRECTION('',(0.,0.,-1.));
#3033=DIRECTION('',(1.,1.36552360499875E-14,-2.63700631796958E-15));
#3034=DIRECTION('',(-1.36552360499875E-14,1.,0.));
#3035=DIRECTION('',(1.,0.,0.));
#3036=DIRECTION('',(0.,0.,-1.));
#3037=DIRECTION('',(0.,0.125030022162312,0.992152958750863));
#3038=DIRECTION('',(0.,-0.992152958750863,0.125030022162312));
#3039=DIRECTION('',(1.,0.,1.73472347597681E-15));
#3040=DIRECTION('',(1.73472347597681E-15,0.,-1.));
#3041=DIRECTION('',(0.,-0.166615330217932,-0.986021973252305));
#3042=DIRECTION('',(0.,0.986021973252305,-0.166615330217932));
#3043=DIRECTION('',(1.,0.,6.93889390390722E-15));
#3044=DIRECTION('',(6.93889390390722E-15,0.,-1.));
#3045=DIRECTION('',(2.04390562793864E-14,0.981859479932257,-0.189610025228512));
#3046=DIRECTION('',(0.,0.189610025228512,0.981859479932258));
#3047=DIRECTION('',(1.,0.,0.));
#3048=DIRECTION('',(0.,0.,-1.));
#3049=DIRECTION('',(2.49322482104309E-14,0.483741115435681,0.875211136376271));
#3050=DIRECTION('',(0.,-0.875211136376271,0.483741115435681));
#3051=DIRECTION('',(1.,0.,0.));
#3052=DIRECTION('',(0.,0.,-1.));
#3053=DIRECTION('',(1.,-1.25857147026697E-14,5.91769037081986E-15));
#3054=DIRECTION('',(1.25857147026697E-14,1.,0.));
#3055=DIRECTION('',(1.,0.,0.));
#3056=DIRECTION('',(0.,0.,-1.));
#3057=DIRECTION('',(1.,1.37580142163491E-14,2.03379416968022E-15));
#3058=DIRECTION('',(-1.37580142163491E-14,1.,0.));
#3059=DIRECTION('',(1.,0.,0.));
#3060=DIRECTION('',(0.,0.,-1.));
#3061=DIRECTION('',(0.,-0.989249591432546,-0.146236951043646));
#3062=DIRECTION('',(0.,0.146236951043646,-0.989249591432546));
#3063=DIRECTION('',(1.,0.,0.));
#3064=DIRECTION('',(0.,0.,-1.));
#3065=DIRECTION('',(0.,-0.904957134926296,0.425502742583393));
#3066=DIRECTION('',(0.,-0.425502742583393,-0.904957134926296));
#3067=DIRECTION('',(1.,-8.67361737988403E-16,6.93889390390722E-15));
#3068=DIRECTION('',(6.93889390390722E-15,0.,-1.));
#3069=DIRECTION('',(0.,-0.0812666717338248,0.996692393903609));
#3070=DIRECTION('',(0.,-0.996692393903609,-0.0812666717338248));
#3071=DIRECTION('',(1.,0.,0.));
#3072=DIRECTION('',(0.,0.,-1.));
#3073=DIRECTION('',(0.,-0.651587208717573,0.758573733684236));
#3074=DIRECTION('',(0.,-0.758573733684236,-0.651587208717573));
#3075=DIRECTION('',(1.,0.,0.));
#3076=DIRECTION('',(0.,0.,-1.));
#3077=DIRECTION('',(1.,9.93503309074212E-15,9.73213190353216E-15));
#3078=DIRECTION('',(-9.93503309074212E-15,1.,0.));
#3079=DIRECTION('',(1.,0.,0.));
#3080=DIRECTION('',(0.,0.,-1.));
#3081=DIRECTION('',(1.,-6.70372595321327E-15,1.21852095692319E-14));
#3082=DIRECTION('',(1.21852095692319E-14,0.,-1.));
#3083=DIRECTION('',(1.,0.,0.));
#3084=DIRECTION('',(0.,0.,-1.));
#3085=DIRECTION('',(0.,-0.48202146443571,0.876159407769644));
#3086=DIRECTION('',(0.,-0.876159407769644,-0.48202146443571));
#3087=DIRECTION('',(1.,0.,0.));
#3088=DIRECTION('',(0.,0.,-1.));
#3089=DIRECTION('',(0.,-0.714363807983732,-0.699774499280291));
#3090=DIRECTION('',(0.,0.699774499280291,-0.714363807983732));
#3091=DIRECTION('',(1.,-3.46944695195361E-15,0.));
#3092=DIRECTION('',(3.46944695195361E-15,1.,0.));
#3093=DIRECTION('',(2.47359252833231E-14,0.905790981869466,0.423724789414011));
#3094=DIRECTION('',(0.,-0.423724789414011,0.905790981869466));
#3095=DIRECTION('',(1.,0.,0.));
#3096=DIRECTION('',(0.,0.,-1.));
#3097=CARTESIAN_POINT('',(0.,0.,0.));
#3098=CARTESIAN_POINT('',(0.025,0.,0.));
#3099=CARTESIAN_POINT('',(0.00268408968333654,0.,0.));
#3100=CARTESIAN_POINT('',(0.00268408968333654,0.,0.0312170086447345));
#3101=CARTESIAN_POINT('',(0.0236840896833365,0.,0.));
#3102=CARTESIAN_POINT('',(0.0236840896833365,0.,-0.0388610086447345));
#3103=CARTESIAN_POINT('',(-0.04155,0.,0.));
#3104=CARTESIAN_POINT('',(0.002,0.,0.));
#3105=CARTESIAN_POINT('',(0.002,0.,0.06524));
#3106=CARTESIAN_POINT('',(0.023,0.,0.));
#3107=CARTESIAN_POINT('',(0.023,0.,0.06524));
#3108=CARTESIAN_POINT('',(-0.06243,-0.0144015973808789,0.0478832339434072));
#3109=CARTESIAN_POINT('',(0.0229,-0.0144015973808789,0.0478832339434072));
#3110=CARTESIAN_POINT('',(0.0229,-0.0144015973808789,0.0416232339434072));
#3111=CARTESIAN_POINT('',(0.002,-0.0144015973808789,0.0478832339434072));
#3112=CARTESIAN_POINT('',(0.002,-0.0144015973808789,0.0541432339434072));
#3113=CARTESIAN_POINT('',(-0.06243,-0.0397961957712819,0.0302733034559132));
#3114=CARTESIAN_POINT('',(0.0229,-0.0397961957712819,0.0302733034559132));
#3115=CARTESIAN_POINT('',(0.0229,-0.0397961957712819,0.0240133034559132));
#3116=CARTESIAN_POINT('',(0.002,-0.0397961957712819,0.0302733034559132));
#3117=CARTESIAN_POINT('',(0.002,-0.0397961957712819,0.0365333034559132));
#3118=CARTESIAN_POINT('',(-0.06243,-0.04999,0.0011));
#3119=CARTESIAN_POINT('',(0.0229,-0.04999,0.0011));
#3120=CARTESIAN_POINT('',(0.0229,-0.04999,-0.00516));
#3121=CARTESIAN_POINT('',(0.002,-0.04999,0.0011));
#3122=CARTESIAN_POINT('',(0.002,-0.04999,0.00736));
#3123=CARTESIAN_POINT('',(-0.06243,-0.0410893233263254,-0.0284934660682883));
#3124=CARTESIAN_POINT('',(0.0229,-0.0410893233263254,-0.0284934660682883));
#3125=CARTESIAN_POINT('',(0.0229,-0.0410893233263254,-0.0347534660682883));
#3126=CARTESIAN_POINT('',(0.002,-0.0410893233263254,-0.0284934660682883));
#3127=CARTESIAN_POINT('',(0.002,-0.0410893233263254,-0.0222334660682883));
#3128=CARTESIAN_POINT('',(-0.06243,-0.0164939217167283,-0.0472033965557823));
#3129=CARTESIAN_POINT('',(0.0229,-0.0164939217167283,-0.0472033965557823));
#3130=CARTESIAN_POINT('',(0.0229,-0.0164939217167283,-0.0534633965557823));
#3131=CARTESIAN_POINT('',(0.002,-0.0164939217167283,-0.0472033965557823));
#3132=CARTESIAN_POINT('',(0.002,-0.0164939217167283,-0.0409433965557823));
#3133=CARTESIAN_POINT('',(0.025,0.,0.05229));
#3134=CARTESIAN_POINT('',(0.025,0.0144015973808789,-0.0478832339434072));
#3135=CARTESIAN_POINT('',(0.025,0.0144015973808789,-0.0396232339434072));
#3136=CARTESIAN_POINT('',(0.025,0.0164939217167283,0.0472033965557823));
#3137=CARTESIAN_POINT('',(0.025,0.0164939217167283,0.0554633965557823));
#3138=CARTESIAN_POINT('',(0.025,0.0410893233263254,0.0284934660682883));
#3139=CARTESIAN_POINT('',(0.025,0.0410893233263254,0.0367534660682883));
#3140=CARTESIAN_POINT('',(0.025,0.04999,-0.0011));
#3141=CARTESIAN_POINT('',(0.025,0.04999,0.00716));
#3142=CARTESIAN_POINT('',(0.025,0.0397961957712819,-0.0302733034559132));
#3143=CARTESIAN_POINT('',(0.025,0.0397961957712819,-0.0220133034559132));
#3144=CARTESIAN_POINT('',(0.025,0.,0.01202));
#3145=CARTESIAN_POINT('',(0.025,0.,-0.0407403759066481));
#3146=CARTESIAN_POINT('',(0.025,0.,-0.06324));
#3147=CARTESIAN_POINT('',(0.025,0.,0.));
#3148=CARTESIAN_POINT('',(0.025,0.,0.06324));
#3149=CARTESIAN_POINT('',(0.025,0.,0.01202));
#3150=CARTESIAN_POINT('',(0.025,0.,0.0407403759066481));
#3151=CARTESIAN_POINT('',(0.025,0.,0.));
#3152=CARTESIAN_POINT('',(0.,0.,0.04774));
#3153=CARTESIAN_POINT('',(0.,0.0144015973808789,-0.0478832339434072));
#3154=CARTESIAN_POINT('',(0.,0.0144015973808789,-0.0396232339434072));
#3155=CARTESIAN_POINT('',(0.,-0.0164939217167283,-0.0472033965557823));
#3156=CARTESIAN_POINT('',(0.,-0.0164939217167283,-0.0389433965557823));
#3157=CARTESIAN_POINT('',(0.,-0.0410893233263254,-0.0284934660682883));
#3158=CARTESIAN_POINT('',(0.,-0.0410893233263254,-0.0202334660682883));
#3159=CARTESIAN_POINT('',(0.,-0.04999,0.0011));
#3160=CARTESIAN_POINT('',(0.,-0.04999,0.00936));
#3161=CARTESIAN_POINT('',(0.,-0.0397961957712819,0.0302733034559132));
#3162=CARTESIAN_POINT('',(0.,-0.0397961957712819,0.0385333034559132));
#3163=CARTESIAN_POINT('',(0.,-0.0144015973808789,0.0478832339434072));
#3164=CARTESIAN_POINT('',(0.,-0.0144015973808789,0.0561432339434072));
#3165=CARTESIAN_POINT('',(0.,0.0164939217167283,0.0472033965557823));
#3166=CARTESIAN_POINT('',(0.,0.0164939217167283,0.0554633965557823));
#3167=CARTESIAN_POINT('',(0.,0.0410893233263254,0.0284934660682883));
#3168=CARTESIAN_POINT('',(0.,0.0410893233263254,0.0367534660682883));
#3169=CARTESIAN_POINT('',(0.,0.04999,-0.0011));
#3170=CARTESIAN_POINT('',(0.,0.04999,0.00716));
#3171=CARTESIAN_POINT('',(0.,0.0397961957712819,-0.0302733034559132));
#3172=CARTESIAN_POINT('',(0.,0.0397961957712819,-0.0220133034559132));
#3173=CARTESIAN_POINT('',(0.,0.,0.));
#3174=CARTESIAN_POINT('',(0.,0.,0.0330963759066481));
#3175=CARTESIAN_POINT('',(0.,0.,0.));
#3176=CARTESIAN_POINT('',(0.,0.,0.06324));
#3177=CARTESIAN_POINT('',(-0.06243,0.0397961957712819,-0.0302733034559132));
#3178=CARTESIAN_POINT('',(0.023,0.0397961957712819,-0.0302733034559132));
#3179=CARTESIAN_POINT('',(0.023,0.0397961957712819,-0.0240133034559132));
#3180=CARTESIAN_POINT('',(0.002,0.0397961957712819,-0.0302733034559132));
#3181=CARTESIAN_POINT('',(0.002,0.0397961957712819,-0.0240133034559132));
#3182=CARTESIAN_POINT('',(-0.06243,0.04999,-0.0011));
#3183=CARTESIAN_POINT('',(0.023,0.04999,-0.0011));
#3184=CARTESIAN_POINT('',(0.023,0.04999,0.00516));
#3185=CARTESIAN_POINT('',(0.002,0.04999,-0.0011));
#3186=CARTESIAN_POINT('',(0.002,0.04999,0.00516));
#3187=CARTESIAN_POINT('',(-0.06243,0.0410893233263254,0.0284934660682883));
#3188=CARTESIAN_POINT('',(0.023,0.0410893233263254,0.0284934660682883));
#3189=CARTESIAN_POINT('',(0.023,0.0410893233263254,0.0347534660682883));
#3190=CARTESIAN_POINT('',(0.002,0.0410893233263254,0.0284934660682883));
#3191=CARTESIAN_POINT('',(0.002,0.0410893233263254,0.0347534660682883));
#3192=CARTESIAN_POINT('',(-0.06243,0.0164939217167283,0.0472033965557823));
#3193=CARTESIAN_POINT('',(0.023,0.0164939217167283,0.0472033965557823));
#3194=CARTESIAN_POINT('',(0.023,0.0164939217167283,0.0534633965557823));
#3195=CARTESIAN_POINT('',(0.002,0.0164939217167283,0.0472033965557823));
#3196=CARTESIAN_POINT('',(0.002,0.0164939217167283,0.0534633965557823));
#3197=CARTESIAN_POINT('',(-0.06243,0.0144015973808789,-0.0478832339434072));
#3198=CARTESIAN_POINT('',(0.023,0.0144015973808789,-0.0478832339434072));
#3199=CARTESIAN_POINT('',(0.023,0.0144015973808789,-0.0416232339434072));
#3200=CARTESIAN_POINT('',(0.002,0.0144015973808789,-0.0478832339434072));
#3201=CARTESIAN_POINT('',(0.002,0.0144015973808789,-0.0416232339434072));
#3202=CARTESIAN_POINT('',(0.0249,0.,0.01202));
#3203=CARTESIAN_POINT('',(0.0249,0.,0.01202));
#3204=CARTESIAN_POINT('',(0.0249,0.,-0.0401158761068083));
#3205=CARTESIAN_POINT('',(0.0249,0.,-0.0638644997998398));
#3206=CARTESIAN_POINT('',(0.023,0.,-0.06324));
#3207=CARTESIAN_POINT('',(0.023,0.,-0.0407403759066481));
#3208=CARTESIAN_POINT('',(0.0249,0.,0.01202));
#3209=CARTESIAN_POINT('',(0.023,0.,0.06324));
#3210=CARTESIAN_POINT('',(0.0249,0.,0.0638644997998398));
#3211=CARTESIAN_POINT('',(0.0249,0.,0.01202));
#3212=CARTESIAN_POINT('',(0.0249,0.,0.0401158761068083));
#3213=CARTESIAN_POINT('',(0.023,0.,0.0407403759066481));
#3214=CARTESIAN_POINT('',(0.0249,-0.01847,0.01202));
#3215=CARTESIAN_POINT('',(0.0249,-0.0144015973808789,0.0478832339434072));
#3216=CARTESIAN_POINT('',(0.0249,-0.0144015973808789,0.0396232339434072));
#3217=CARTESIAN_POINT('',(0.0249,-0.0397961957712819,0.0302733034559132));
#3218=CARTESIAN_POINT('',(0.0249,-0.0397961957712819,0.0220133034559132));
#3219=CARTESIAN_POINT('',(0.0249,-0.04999,0.0011));
#3220=CARTESIAN_POINT('',(0.0249,-0.04999,-0.00716));
#3221=CARTESIAN_POINT('',(0.0249,-0.0410893233263254,-0.0284934660682883));
#3222=CARTESIAN_POINT('',(0.0249,-0.0410893233263254,-0.0367534660682883));
#3223=CARTESIAN_POINT('',(0.0249,-0.0164939217167283,-0.0472033965557823));
#3224=CARTESIAN_POINT('',(0.0249,-0.0164939217167283,-0.0554633965557823));
#3225=CARTESIAN_POINT('',(0.0249,0.,0.));
#3226=CARTESIAN_POINT('',(0.0249,0.,0.));
#3227=CARTESIAN_POINT('',(0.002,0.,0.));
#3228=CARTESIAN_POINT('',(0.002,0.,0.));
#3229=CARTESIAN_POINT('',(0.023,0.,0.));
#3230=CARTESIAN_POINT('',(0.023,0.,0.));
#3231=CARTESIAN_POINT('',(0.0249,-0.0144015973808789,0.0478832339434072));
#3232=CARTESIAN_POINT('',(0.0249,-0.0397961957712819,0.0302733034559132));
#3233=CARTESIAN_POINT('',(0.0249,-0.04999,0.0011));
#3234=CARTESIAN_POINT('',(0.0249,-0.0410893233263254,-0.0284934660682883));
#3235=CARTESIAN_POINT('',(0.0249,-0.0164939217167283,-0.0472033965557823));
#3236=CARTESIAN_POINT('',(0.025,0.0144015973808789,-0.0478832339434072));
#3237=CARTESIAN_POINT('',(0.002,0.0144015973808789,-0.0478832339434072));
#3238=CARTESIAN_POINT('',(0.002,-0.0164939217167283,-0.0472033965557823));
#3239=CARTESIAN_POINT('',(0.002,-0.0410893233263254,-0.0284934660682883));
#3240=CARTESIAN_POINT('',(0.002,-0.04999,0.0011));
#3241=CARTESIAN_POINT('',(0.002,-0.0397961957712819,0.0302733034559132));
#3242=CARTESIAN_POINT('',(0.002,-0.0144015973808789,0.0478832339434072));
#3243=CARTESIAN_POINT('',(0.025,0.0164939217167283,0.0472033965557823));
#3244=CARTESIAN_POINT('',(0.002,0.0164939217167283,0.0472033965557823));
#3245=CARTESIAN_POINT('',(0.025,0.0410893233263254,0.0284934660682883));
#3246=CARTESIAN_POINT('',(0.002,0.0410893233263254,0.0284934660682883));
#3247=CARTESIAN_POINT('',(0.025,0.04999,-0.0011));
#3248=CARTESIAN_POINT('',(0.002,0.04999,-0.0011));
#3249=CARTESIAN_POINT('',(0.025,0.0397961957712819,-0.0302733034559132));
#3250=CARTESIAN_POINT('',(0.002,0.0397961957712819,-0.0302733034559132));
#3251=CARTESIAN_POINT('',(0.,0.,0.));
#3252=CARTESIAN_POINT('',(-0.04155,0.,0.));
#3253=CARTESIAN_POINT('',(-0.04155,0.,0.015));
#3254=CARTESIAN_POINT('',(0.025,0.,0.015));
#3255=CARTESIAN_POINT('',(0.0249,0.,0.015));
#3256=CARTESIAN_POINT('',(0.0249,0.,0.));
#3257=CARTESIAN_POINT('',(0.0249,0.,-0.015));
#3258=CARTESIAN_POINT('',(-0.04155,0.,-0.015));
#3259=CARTESIAN_POINT('',(0.025,0.,-0.015));
#3260=CARTESIAN_POINT('',(0.025,0.,0.));
#3261=CARTESIAN_POINT('',(-0.0159176258609804,0.,0.));
#3262=CARTESIAN_POINT('',(-0.0159176258609804,0.,-0.015));
#3263=CARTESIAN_POINT('',(0.0567,0.,0.));
#3264=CARTESIAN_POINT('',(0.0567,0.,-0.015));
#3265=CARTESIAN_POINT('',(0.0689,0.,0.));
#3266=CARTESIAN_POINT('',(-0.0166016768868475,0.,0.));
#3267=CARTESIAN_POINT('',(-0.0166016768868475,0.,-0.0188793813327822));
#3268=CARTESIAN_POINT('',(0.0689,0.,0.));
#3269=CARTESIAN_POINT('',(0.0689,0.00730811892149037,-0.049463030617112));
#3270=CARTESIAN_POINT('',(0.0689,-0.00947680047885978,-0.0490936885218852));
#3271=CARTESIAN_POINT('',(0.0689,-0.00947680047885978,-0.0490936885218852));
#3272=CARTESIAN_POINT('',(0.0672735312927076,-0.00939840440004876,-0.0485058962220027));
#3273=CARTESIAN_POINT('',(0.0648433379580147,-0.00938799563910411,-0.047607364915813));
#3274=CARTESIAN_POINT('',(0.0616194733032962,-0.00961919665506491,-0.0463633310630794));
#3275=CARTESIAN_POINT('',(0.0592280005849294,-0.0099344730350495,-0.0454068106771699));
#3276=CARTESIAN_POINT('',(0.0568745144189279,-0.0104274450855804,-0.0444177516391918));
#3277=CARTESIAN_POINT('',(0.0549863893411755,-0.0110355388670511,-0.0435626569333598));
#3278=CARTESIAN_POINT('',(0.0535615091008193,-0.0117230077628683,-0.0428441690092955));
#3279=CARTESIAN_POINT('',(0.0525829513477839,-0.0123842602900412,-0.0422875888953737));
#3280=CARTESIAN_POINT('',(0.0517827537316113,-0.01324039639812,-0.0417244405365068));
#3281=CARTESIAN_POINT('',(0.0514106314348095,-0.0144371695388788,-0.0411842098322279));
#3282=CARTESIAN_POINT('',(0.0518238988583748,-0.0156977217806755,-0.0408793110104968));
#3283=CARTESIAN_POINT('',(0.0526524485382818,-0.01671908570646,-0.0407959276983027));
#3284=CARTESIAN_POINT('',(0.0536339126991113,-0.0175664141982165,-0.0408265507927752));
#3285=CARTESIAN_POINT('',(0.055069654802703,-0.0185460635595091,-0.0409664762634817));
#3286=CARTESIAN_POINT('',(0.0569439394912168,-0.0195367177865516,-0.0412587013223617));
#3287=CARTESIAN_POINT('',(0.0592738908101712,-0.0205243815650814,-0.0417225727654014));
#3288=CARTESIAN_POINT('',(0.0616614799303561,-0.0213627111479823,-0.0422749206030249));
#3289=CARTESIAN_POINT('',(0.0648614402067848,-0.0223089678484755,-0.0430992254399229));
#3290=CARTESIAN_POINT('',(0.0672806791951104,-0.0228578434320346,-0.0438055709951416));
#3291=CARTESIAN_POINT('',(0.0689,-0.0231612475260307,-0.0443120368865836));
#3292=CARTESIAN_POINT('',(0.0689,-0.0231612475260306,-0.0443120368865836));
#3293=CARTESIAN_POINT('',(0.0689,0.,0.));
#3294=CARTESIAN_POINT('',(0.0689,-0.0365234387335026,-0.0341473047703634));
#3295=CARTESIAN_POINT('',(0.0689,-0.0365234387335026,-0.0341473047703634));
#3296=CARTESIAN_POINT('',(0.067270700056992,-0.0361138075116931,-0.0337171033081594));
#3297=CARTESIAN_POINT('',(0.0648298258077934,-0.0355751496025193,-0.0329928430486701));
#3298=CARTESIAN_POINT('',(0.0616039661119389,-0.0350314327242668,-0.0318488926599268));
#3299=CARTESIAN_POINT('',(0.0592072859891417,-0.0347243033601858,-0.0308868212334253));
#3300=CARTESIAN_POINT('',(0.0568494122760517,-0.0345429315969315,-0.0297929773491819));
#3301=CARTESIAN_POINT('',(0.0549621248596885,-0.0345339615112581,-0.0287420306841492));
#3302=CARTESIAN_POINT('',(0.0535360007008512,-0.0346710035755744,-0.0277515651935206));
#3303=CARTESIAN_POINT('',(0.0525586112263211,-0.0348817713045643,-0.0269091078838328));
#3304=CARTESIAN_POINT('',(0.0517590606928766,-0.0352542400028657,-0.0259351021765415));
#3305=CARTESIAN_POINT('',(0.0514131342047357,-0.0359108675478997,-0.0248002703874079));
#3306=CARTESIAN_POINT('',(0.0518435526280167,-0.0367509395819534,-0.0238227628737109));
#3307=CARTESIAN_POINT('',(0.0526766607275041,-0.0375243742594469,-0.0231631141449179));
#3308=CARTESIAN_POINT('',(0.0536591218327116,-0.0382251502307495,-0.0226944419951201));
#3309=CARTESIAN_POINT('',(0.0550939019792597,-0.0390967772319861,-0.0222360334409785));
#3310=CARTESIAN_POINT('',(0.0569652986619339,-0.040067075386538,-0.0218929522861342));
#3311=CARTESIAN_POINT('',(0.0592915369480523,-0.0411361492883842,-0.0216895569498726));
#3312=CARTESIAN_POINT('',(0.0616748695947686,-0.0421367390380266,-0.0216446489264306));
#3313=CARTESIAN_POINT('',(0.0648689303652873,-0.043384106780251,-0.0217558429875009));
#3314=CARTESIAN_POINT('',(0.0672836932135176,-0.0442416633519047,-0.0220043788219807));
#3315=CARTESIAN_POINT('',(0.0689,-0.0447838046404574,-0.0222353511761193));
#3316=CARTESIAN_POINT('',(0.0689,-0.0447838046404574,-0.0222353511761192));
#3317=CARTESIAN_POINT('',(0.0689,0.,0.));
#3318=CARTESIAN_POINT('',(0.0689,-0.0496193647779718,-0.00615781122076419));
#3319=CARTESIAN_POINT('',(0.0689,-0.0496193647779718,-0.00615781122076419));
#3320=CARTESIAN_POINT('',(0.0672800279457193,-0.0490384450510352,-0.00605116022025669));
#3321=CARTESIAN_POINT('',(0.0648666541279363,-0.0481866201350689,-0.0057849949124736));
#3322=CARTESIAN_POINT('',(0.0616880226864693,-0.0470901624193841,-0.00519278756681951));
#3323=CARTESIAN_POINT('',(0.0593267189470481,-0.0462877160599327,-0.00461021616152008));
#3324=CARTESIAN_POINT('',(0.0569994725915707,-0.0455076569761399,-0.00385550897045937));
#3325=CARTESIAN_POINT('',(0.0550883546269071,-0.0448744120580071,-0.00301842905533169));
#3326=CARTESIAN_POINT('',(0.0536467038548594,-0.0443980071258494,-0.00214867761901092));
#3327=CARTESIAN_POINT('',(0.0526621104818363,-0.0440712848498049,-0.00136624589509166));
#3328=CARTESIAN_POINT('',(0.0518283000570726,-0.043789672179803,-0.000380179142498761));
#3329=CARTESIAN_POINT('',(0.0514100744738709,-0.0436316716872109,0.00091304141438253));
#3330=CARTESIAN_POINT('',(0.0517809589942693,-0.043717610878493,0.00222705497371994));
#3331=CARTESIAN_POINT('',(0.0525996255145593,-0.0439503000283429,0.00324342727334462));
#3332=CARTESIAN_POINT('',(0.053578605603536,-0.0442400680554784,0.00405198586068302));
#3333=CARTESIAN_POINT('',(0.0550162997575319,-0.0446760188991181,0.00495205366480632));
#3334=CARTESIAN_POINT('',(0.0568969669739453,-0.0452616630527694,0.00581282992094271));
#3335=CARTESIAN_POINT('',(0.0592350629741554,-0.0460102852347203,0.00661551750284787));
#3336=CARTESIAN_POINT('',(0.0616320123690512,-0.0467974574454954,0.00724688691047193));
#3337=CARTESIAN_POINT('',(0.0648449567002742,-0.047877941400083,0.00789650293615433));
#3338=CARTESIAN_POINT('',(0.0672740459399279,-0.0487226786558801,0.00820189414843309));
#3339=CARTESIAN_POINT('',(0.0689,-0.0493004705277647,0.00833448293183262));
#3340=CARTESIAN_POINT('',(0.0689,-0.0493004705277647,0.00833448293183261));
#3341=CARTESIAN_POINT('',(0.0689,0.,0.));
#3342=CARTESIAN_POINT('',(0.0689,-0.0437623799774352,0.0241837569188614));
#3343=CARTESIAN_POINT('',(0.0689,-0.0437623799774352,0.0241837569188615));
#3344=CARTESIAN_POINT('',(0.067270700056992,-0.0432266510645207,0.0239271140389076));
#3345=CARTESIAN_POINT('',(0.0648298258077934,-0.0423713841771506,0.0236386286528665));
#3346=CARTESIAN_POINT('',(0.0616039661119389,-0.0411154049501094,0.0234750232836284));
#3347=CARTESIAN_POINT('',(0.0592072859891416,-0.0401055124578211,0.023480222321165));
#3348=CARTESIAN_POINT('',(0.0568494122760517,-0.0390091581467565,0.0236457438732744));
#3349=CARTESIAN_POINT('',(0.0549621248596884,-0.0380068765637844,0.0239619731945198));
#3350=CARTESIAN_POINT('',(0.0535360007008511,-0.0371072362315746,0.0243983786117405));
#3351=CARTESIAN_POINT('',(0.052558611226321,-0.0363711425276191,0.02485916425955));
#3352=CARTESIAN_POINT('',(0.0517590606928765,-0.0355599072104389,0.0255143873583567));
#3353=CARTESIAN_POINT('',(0.0514131342047357,-0.0346835271128747,0.0264895595724395));
#3354=CARTESIAN_POINT('',(0.0518435526280168,-0.0340134587572675,0.0275905819884452));
#3355=CARTESIAN_POINT('',(0.0526766607275042,-0.0336250999946675,0.0285300047459189));
#3356=CARTESIAN_POINT('',(0.0536591218327117,-0.0333959179769784,0.029341309958967));
#3357=CARTESIAN_POINT('',(0.0550939019792598,-0.0332292930905747,0.0303119325318684));
#3358=CARTESIAN_POINT('',(0.056965298661934,-0.0332028421420092,0.0313407588218009));
#3359=CARTESIAN_POINT('',(0.0592915369480524,-0.0333397636859868,0.0324203611380342));
#3360=CARTESIAN_POINT('',(0.0616748695947686,-0.0336062528546952,0.0333858558819971));
#3361=CARTESIAN_POINT('',(0.0648689303652874,-0.0340974625216319,0.0345378122469117));
#3362=CARTESIAN_POINT('',(0.0672836932135176,-0.0345988337008256,0.0352765952159092));
#3363=CARTESIAN_POINT('',(0.0689,-0.0349860323348283,0.0357208278384804));
#3364=CARTESIAN_POINT('',(0.0689,-0.0349860323348283,0.0357208278384803));
#3365=CARTESIAN_POINT('',(0.0689,0.,0.));
#3366=CARTESIAN_POINT('',(0.0689,-0.0211896534541062,0.0452879518911475));
#3367=CARTESIAN_POINT('',(0.0689,-0.0211896534541062,0.0452879518911475));
#3368=CARTESIAN_POINT('',(0.0672863786130809,-0.0209098096276511,0.0447704580515388));
#3369=CARTESIAN_POINT('',(0.0648809790315163,-0.0203956200877947,0.044044756426954));
#3370=CARTESIAN_POINT('',(0.0617086443875453,-0.0194965860496202,0.0431861359832408));
#3371=CARTESIAN_POINT('',(0.0593514751913418,-0.0186974165830264,0.0426034059993999));
#3372=CARTESIAN_POINT('',(0.0570198238859314,-0.0177390914733627,0.0420929352486553));
#3373=CARTESIAN_POINT('',(0.0551203102772664,-0.0167538998018677,0.0417511891940645));
#3374=CARTESIAN_POINT('',(0.0537050932043669,-0.0158063425467029,0.0415673332869718));
#3375=CARTESIAN_POINT('',(0.0527068691101702,-0.0149631614673233,0.0414931760394612));
#3376=CARTESIAN_POINT('',(0.0518687653171096,-0.0139541176829915,0.041523808768875));
#3377=CARTESIAN_POINT('',(0.0514152985777532,-0.0127021549242505,0.0417536746675688));
#3378=CARTESIAN_POINT('',(0.0517378881095672,-0.0114613778411596,0.0422311374598762));
#3379=CARTESIAN_POINT('',(0.0525321154441078,-0.0105543601198439,0.0427621094052071));
#3380=CARTESIAN_POINT('',(0.0535132804817681,-0.00985520398164612,0.0432940147051913));
#3381=CARTESIAN_POINT('',(0.0549356062166123,-0.00912870191545447,0.0439829511223498));
#3382=CARTESIAN_POINT('',(0.0568392282328523,-0.00847242645402889,0.0448187586836553));
#3383=CARTESIAN_POINT('',(0.0592079502140039,-0.00793097571620318,0.0457918621289837));
#3384=CARTESIAN_POINT('',(0.0616066768388422,-0.00757195333031146,0.0467366264841503));
#3385=CARTESIAN_POINT('',(0.0648277585838266,-0.00728549891946782,0.0479683968087625));
#3386=CARTESIAN_POINT('',(0.067266221848361,-0.0072554184601191,0.0488697042913338));
#3387=CARTESIAN_POINT('',(0.0689,-0.00730811892149036,0.049463030617112));
#3388=CARTESIAN_POINT('',(0.0689,-0.00730811892149036,0.049463030617112));
#3389=CARTESIAN_POINT('',(0.0689,0.,0.));
#3390=CARTESIAN_POINT('',(0.0689,0.00947680047885979,0.0490936885218852));
#3391=CARTESIAN_POINT('',(0.0689,0.00947680047885979,0.0490936885218852));
#3392=CARTESIAN_POINT('',(0.0672735312927076,0.00939840440004877,0.0485058962220027));
#3393=CARTESIAN_POINT('',(0.0648433379580147,0.00938799563910411,0.047607364915813));
#3394=CARTESIAN_POINT('',(0.0616194733032961,0.00961919665506492,0.0463633310630793));
#3395=CARTESIAN_POINT('',(0.0592280005849294,0.0099344730350495,0.0454068106771698));
#3396=CARTESIAN_POINT('',(0.0568745144189279,0.0104274450855804,0.0444177516391918));
#3397=CARTESIAN_POINT('',(0.0549863893411755,0.0110355388670512,0.0435626569333598));
#3398=CARTESIAN_POINT('',(0.0535615091008193,0.0117230077628684,0.0428441690092955));
#3399=CARTESIAN_POINT('',(0.0525829513477838,0.0123842602900413,0.0422875888953737));
#3400=CARTESIAN_POINT('',(0.0517827537316113,0.01324039639812,0.0417244405365068));
#3401=CARTESIAN_POINT('',(0.0514106314348095,0.0144371695388789,0.0411842098322279));
#3402=CARTESIAN_POINT('',(0.0518238988583749,0.0156977217806755,0.0408793110104968));
#3403=CARTESIAN_POINT('',(0.0526524485382819,0.01671908570646,0.0407959276983027));
#3404=CARTESIAN_POINT('',(0.0536339126991113,0.0175664141982165,0.0408265507927752));
#3405=CARTESIAN_POINT('',(0.0550696548027031,0.0185460635595091,0.0409664762634817));
#3406=CARTESIAN_POINT('',(0.0569439394912168,0.0195367177865516,0.0412587013223617));
#3407=CARTESIAN_POINT('',(0.0592738908101712,0.0205243815650814,0.0417225727654014));
#3408=CARTESIAN_POINT('',(0.0616614799303561,0.0213627111479823,0.0422749206030249));
#3409=CARTESIAN_POINT('',(0.0648614402067849,0.0223089678484755,0.0430992254399229));
#3410=CARTESIAN_POINT('',(0.0672806791951104,0.0228578434320346,0.0438055709951416));
#3411=CARTESIAN_POINT('',(0.0689,0.0231612475260307,0.0443120368865836));
#3412=CARTESIAN_POINT('',(0.0689,0.0231612475260306,0.0443120368865836));
#3413=CARTESIAN_POINT('',(0.0689,0.,0.));
#3414=CARTESIAN_POINT('',(0.0689,0.0365234387335026,0.0341473047703634));
#3415=CARTESIAN_POINT('',(0.0689,0.0365234387335026,0.0341473047703634));
#3416=CARTESIAN_POINT('',(0.067270700056992,0.0361138075116931,0.0337171033081594));
#3417=CARTESIAN_POINT('',(0.0648298258077934,0.0355751496025193,0.0329928430486701));
#3418=CARTESIAN_POINT('',(0.0616039661119389,0.0350314327242668,0.0318488926599268));
#3419=CARTESIAN_POINT('',(0.0592072859891416,0.0347243033601858,0.0308868212334253));
#3420=CARTESIAN_POINT('',(0.0568494122760517,0.0345429315969315,0.0297929773491819));
#3421=CARTESIAN_POINT('',(0.0549621248596885,0.0345339615112581,0.0287420306841492));
#3422=CARTESIAN_POINT('',(0.0535360007008512,0.0346710035755744,0.0277515651935206));
#3423=CARTESIAN_POINT('',(0.0525586112263211,0.0348817713045643,0.0269091078838327));
#3424=CARTESIAN_POINT('',(0.0517590606928766,0.0352542400028657,0.0259351021765415));
#3425=CARTESIAN_POINT('',(0.0514131342047357,0.0359108675478997,0.0248002703874079));
#3426=CARTESIAN_POINT('',(0.0518435526280168,0.0367509395819535,0.0238227628737109));
#3427=CARTESIAN_POINT('',(0.0526766607275041,0.0375243742594469,0.0231631141449179));
#3428=CARTESIAN_POINT('',(0.0536591218327116,0.0382251502307496,0.0226944419951201));
#3429=CARTESIAN_POINT('',(0.0550939019792598,0.0390967772319861,0.0222360334409785));
#3430=CARTESIAN_POINT('',(0.0569652986619339,0.0400670753865381,0.0218929522861342));
#3431=CARTESIAN_POINT('',(0.0592915369480524,0.0411361492883842,0.0216895569498726));
#3432=CARTESIAN_POINT('',(0.0616748695947686,0.0421367390380266,0.0216446489264306));
#3433=CARTESIAN_POINT('',(0.0648689303652873,0.043384106780251,0.0217558429875009));
#3434=CARTESIAN_POINT('',(0.0672836932135176,0.0442416633519047,0.0220043788219807));
#3435=CARTESIAN_POINT('',(0.0689,0.0447838046404575,0.0222353511761193));
#3436=CARTESIAN_POINT('',(0.0689,0.0447838046404574,0.0222353511761192));
#3437=CARTESIAN_POINT('',(0.0689,0.,0.));
#3438=CARTESIAN_POINT('',(0.0689,0.0496193647779718,0.00615781122076419));
#3439=CARTESIAN_POINT('',(0.0689,0.0496193647779718,0.00615781122076419));
#3440=CARTESIAN_POINT('',(0.0672800279457193,0.0490384450510352,0.00605116022025669));
#3441=CARTESIAN_POINT('',(0.0648666541279363,0.0481866201350689,0.0057849949124736));
#3442=CARTESIAN_POINT('',(0.0616880226864693,0.0470901624193841,0.00519278756681952));
#3443=CARTESIAN_POINT('',(0.0593267189470481,0.0462877160599327,0.00461021616152009));
#3444=CARTESIAN_POINT('',(0.0569994725915707,0.0455076569761399,0.00385550897045937));
#3445=CARTESIAN_POINT('',(0.0550883546269071,0.0448744120580072,0.00301842905533171));
#3446=CARTESIAN_POINT('',(0.0536467038548594,0.0443980071258494,0.00214867761901094));
#3447=CARTESIAN_POINT('',(0.0526621104818363,0.0440712848498049,0.00136624589509169));
#3448=CARTESIAN_POINT('',(0.0518283000570726,0.043789672179803,0.000380179142498806));
#3449=CARTESIAN_POINT('',(0.0514100744738709,0.0436316716872109,-0.000913041414382478));
#3450=CARTESIAN_POINT('',(0.0517809589942693,0.043717610878493,-0.0022270549737199));
#3451=CARTESIAN_POINT('',(0.0525996255145593,0.0439503000283429,-0.00324342727334459));
#3452=CARTESIAN_POINT('',(0.053578605603536,0.0442400680554784,-0.00405198586068301));
#3453=CARTESIAN_POINT('',(0.0550162997575319,0.0446760188991181,-0.00495205366480629));
#3454=CARTESIAN_POINT('',(0.0568969669739453,0.0452616630527694,-0.0058128299209427));
#3455=CARTESIAN_POINT('',(0.0592350629741554,0.0460102852347203,-0.00661551750284785));
#3456=CARTESIAN_POINT('',(0.0616320123690512,0.0467974574454954,-0.00724688691047193));
#3457=CARTESIAN_POINT('',(0.0648449567002742,0.0478779414000831,-0.00789650293615433));
#3458=CARTESIAN_POINT('',(0.0672740459399279,0.0487226786558801,-0.0082018941484331));
#3459=CARTESIAN_POINT('',(0.0689,0.0493004705277647,-0.00833448293183263));
#3460=CARTESIAN_POINT('',(0.0689,0.0493004705277647,-0.00833448293183262));
#3461=CARTESIAN_POINT('',(0.0689,0.,0.));
#3462=CARTESIAN_POINT('',(0.0689,0.0437623799774352,-0.0241837569188614));
#3463=CARTESIAN_POINT('',(0.0689,0.0437623799774352,-0.0241837569188614));
#3464=CARTESIAN_POINT('',(0.0672707000569919,0.0432266510645207,-0.0239271140389075));
#3465=CARTESIAN_POINT('',(0.0648298258077933,0.0423713841771505,-0.0236386286528665));
#3466=CARTESIAN_POINT('',(0.0616039661119388,0.0411154049501093,-0.0234750232836284));
#3467=CARTESIAN_POINT('',(0.0592072859891415,0.040105512457821,-0.023480222321165));
#3468=CARTESIAN_POINT('',(0.0568494122760515,0.0390091581467565,-0.0236457438732744));
#3469=CARTESIAN_POINT('',(0.0549621248596882,0.0380068765637843,-0.0239619731945198));
#3470=CARTESIAN_POINT('',(0.0535360007008509,0.0371072362315745,-0.0243983786117406));
#3471=CARTESIAN_POINT('',(0.0525586112263208,0.0363711425276189,-0.0248591642595501));
#3472=CARTESIAN_POINT('',(0.0517590606928764,0.0355599072104387,-0.0255143873583569));
#3473=CARTESIAN_POINT('',(0.0514131342047357,0.0346835271128746,-0.0264895595724397));
#3474=CARTESIAN_POINT('',(0.051843552628017,0.0340134587572674,-0.0275905819884453));
#3475=CARTESIAN_POINT('',(0.0526766607275043,0.0336250999946675,-0.028530004745919));
#3476=CARTESIAN_POINT('',(0.0536591218327118,0.0333959179769783,-0.0293413099589671));
#3477=CARTESIAN_POINT('',(0.0550939019792599,0.0332292930905747,-0.0303119325318685));
#3478=CARTESIAN_POINT('',(0.0569652986619341,0.0332028421420092,-0.031340758821801));
#3479=CARTESIAN_POINT('',(0.0592915369480525,0.0333397636859868,-0.0324203611380342));
#3480=CARTESIAN_POINT('',(0.0616748695947687,0.0336062528546952,-0.0333858558819971));
#3481=CARTESIAN_POINT('',(0.0648689303652874,0.0340974625216319,-0.0345378122469117));
#3482=CARTESIAN_POINT('',(0.0672836932135176,0.0345988337008256,-0.0352765952159092));
#3483=CARTESIAN_POINT('',(0.0689,0.0349860323348283,-0.0357208278384804));
#3484=CARTESIAN_POINT('',(0.0689,0.0349860323348283,-0.0357208278384803));
#3485=CARTESIAN_POINT('',(0.0689,0.,0.));
#3486=CARTESIAN_POINT('',(0.0689,0.0211896534541062,-0.0452879518911475));
#3487=CARTESIAN_POINT('',(0.0689,0.0211896534541062,-0.0452879518911475));
#3488=CARTESIAN_POINT('',(0.0672863786130809,0.0209098096276511,-0.0447704580515388));
#3489=CARTESIAN_POINT('',(0.0648809790315164,0.0203956200877947,-0.044044756426954));
#3490=CARTESIAN_POINT('',(0.0617086443875454,0.0194965860496202,-0.0431861359832409));
#3491=CARTESIAN_POINT('',(0.0593514751913419,0.0186974165830264,-0.0426034059993999));
#3492=CARTESIAN_POINT('',(0.0570198238859315,0.0177390914733627,-0.0420929352486553));
#3493=CARTESIAN_POINT('',(0.0551203102772666,0.0167538998018678,-0.0417511891940646));
#3494=CARTESIAN_POINT('',(0.053705093204367,0.015806342546703,-0.0415673332869718));
#3495=CARTESIAN_POINT('',(0.0527068691101703,0.0149631614673234,-0.0414931760394613));
#3496=CARTESIAN_POINT('',(0.0518687653171097,0.0139541176829916,-0.041523808768875));
#3497=CARTESIAN_POINT('',(0.0514152985777531,0.0127021549242506,-0.0417536746675687));
#3498=CARTESIAN_POINT('',(0.0517378881095671,0.0114613778411597,-0.0422311374598761));
#3499=CARTESIAN_POINT('',(0.0525321154441077,0.0105543601198439,-0.0427621094052071));
#3500=CARTESIAN_POINT('',(0.0535132804817681,0.00985520398164613,-0.0432940147051913));
#3501=CARTESIAN_POINT('',(0.0549356062166123,0.0091287019154545,-0.0439829511223498));
#3502=CARTESIAN_POINT('',(0.0568392282328522,0.00847242645402891,-0.0448187586836552));
#3503=CARTESIAN_POINT('',(0.0592079502140039,0.0079309757162032,-0.0457918621289837));
#3504=CARTESIAN_POINT('',(0.0616066768388422,0.00757195333031146,-0.0467366264841503));
#3505=CARTESIAN_POINT('',(0.0648277585838265,0.00728549891946782,-0.0479683968087625));
#3506=CARTESIAN_POINT('',(0.067266221848361,0.00725541846011911,-0.0488697042913338));
#3507=CARTESIAN_POINT('',(0.0689,0.00730811892149037,-0.049463030617112));
#3508=CARTESIAN_POINT('',(0.0249,0.,0.));
#3509=CARTESIAN_POINT('',(0.0249,0.,0.0339850249584027));
#3510=CARTESIAN_POINT('',(0.0249,0.,-0.0339850249584027));
#3511=CARTESIAN_POINT('',(-0.0684714285714285,0.,0.));
#3512=CARTESIAN_POINT('',(0.025,0.,0.0340214226289517));
#3513=CARTESIAN_POINT('',(0.025,0.,0.));
#3514=CARTESIAN_POINT('',(0.025,0.,-0.0340214226289517));
#3515=CARTESIAN_POINT('',(-0.0684714285714285,0.,0.));
#3516=CARTESIAN_POINT('',(-0.06243,0.0397961957712819,-0.0302733034559132));
#3517=CARTESIAN_POINT('',(-0.06243,0.0424598429398539,-0.0246082717912746));
#3518=CARTESIAN_POINT('',(0.0690763299266526,0.0424598429398539,-0.0246082717912746));
#3519=CARTESIAN_POINT('',(0.0929,0.0424598429398539,-0.0246082717912746));
#3520=CARTESIAN_POINT('',(0.0929,0.0397961957712819,-0.0302733034559132));
#3521=CARTESIAN_POINT('',(0.0929,0.0350475241984186,-0.0343522393824852));
#3522=CARTESIAN_POINT('',(-0.06243,0.0350475241984186,-0.0343522393824852));
#3523=CARTESIAN_POINT('',(0.0690763299266526,0.0350475241984186,-0.0343522393824852));
#3524=CARTESIAN_POINT('',(0.0690763299266526,0.0350475241984186,-0.0343522393824852));
#3525=CARTESIAN_POINT('',(0.0675105037904102,0.0347266335789191,-0.0339786605398049));
#3526=CARTESIAN_POINT('',(0.0651685693237652,0.0343080039362529,-0.0333601547210687));
#3527=CARTESIAN_POINT('',(0.0620642718425077,0.0338904257366126,-0.0324006876912863));
#3528=CARTESIAN_POINT('',(0.0597443427099243,0.0336578977011353,-0.0315994783881234));
#3529=CARTESIAN_POINT('',(0.0574636138200726,0.0335271665705436,-0.0307030411127409));
#3530=CARTESIAN_POINT('',(0.0556119641462273,0.0335299525346942,-0.0298478206260529));
#3531=CARTESIAN_POINT('',(0.0541717628662713,0.0336468820122733,-0.0290406557923533));
#3532=CARTESIAN_POINT('',(0.0531592764300848,0.0338220166360631,-0.0283550746597305));
#3533=CARTESIAN_POINT('',(0.0522574101092417,0.0341272110205886,-0.0275516869413033));
#3534=CARTESIAN_POINT('',(0.0517182523739677,0.0347377792609412,-0.0265103101235205));
#3535=CARTESIAN_POINT('',(0.0521756158035236,0.0355818842344375,-0.0256031373737884));
#3536=CARTESIAN_POINT('',(0.0530581970372074,0.0362844755762874,-0.0250727609789542));
#3537=CARTESIAN_POINT('',(0.0540690585358022,0.0369100527265943,-0.0247046374145635));
#3538=CARTESIAN_POINT('',(0.0555055175564266,0.0376635687735079,-0.0243652744998783));
#3539=CARTESIAN_POINT('',(0.0573722907092853,0.038499724873875,-0.0241238456814797));
#3540=CARTESIAN_POINT('',(0.0596774082868669,0.0394111207757951,-0.0240048128485176));
#3541=CARTESIAN_POINT('',(0.0620088421158355,0.0402512023177372,-0.0240123162528147));
#3542=CARTESIAN_POINT('',(0.0651381019225255,0.0412971300247045,-0.0241573309978954));
#3543=CARTESIAN_POINT('',(0.0675000875512713,0.0420112091906529,-0.0243973282191063));
#3544=CARTESIAN_POINT('',(0.0690763299266526,0.0424598429398539,-0.0246082717912746));
#3545=CARTESIAN_POINT('',(-0.06243,0.04999,-0.0011));
#3546=CARTESIAN_POINT('',(-0.06243,0.048815113760149,0.00504875941336208));
#3547=CARTESIAN_POINT('',(0.0690763299266526,0.048815113760149,0.00504875941336208));
#3548=CARTESIAN_POINT('',(0.0929,0.048815113760149,0.00504875941336208));
#3549=CARTESIAN_POINT('',(0.0929,0.04999,-0.0011));
#3550=CARTESIAN_POINT('',(0.0929,0.0485457823795333,-0.00719112760207285));
#3551=CARTESIAN_POINT('',(-0.06243,0.0485457823795333,-0.00719112760207285));
#3552=CARTESIAN_POINT('',(0.0690763299266526,0.0485457823795333,-0.00719112760207285));
#3553=CARTESIAN_POINT('',(0.0690763299266526,0.0485457823795333,-0.00719112760207285));
#3554=CARTESIAN_POINT('',(0.0675034680024011,0.048064439117056,-0.00707700022425761));
#3555=CARTESIAN_POINT('',(0.0651510574647286,0.0473591357244746,-0.00682118427445198));
#3556=CARTESIAN_POINT('',(0.0620329049599467,0.046453543346787,-0.00628648496549637));
#3557=CARTESIAN_POINT('',(0.0597028822030171,0.0457918560950309,-0.00577076530815162));
#3558=CARTESIAN_POINT('',(0.057412864865607,0.0451569213652184,-0.00511632432192933));
#3559=CARTESIAN_POINT('',(0.0555542750187718,0.0446549599612216,-0.00441507883645557));
#3560=CARTESIAN_POINT('',(0.0541098473732078,0.0442743985449763,-0.00368254752186472));
#3561=CARTESIAN_POINT('',(0.053099021887713,0.0440139518176565,-0.00301363369628418));
#3562=CARTESIAN_POINT('',(0.0522018902809701,0.0437904896677878,-0.00216473276609013));
#3563=CARTESIAN_POINT('',(0.0517150602318507,0.0436871081351245,-0.000931688068703324));
#3564=CARTESIAN_POINT('',(0.0522383779672896,0.0438540989801372,0.000280414827588882));
#3565=CARTESIAN_POINT('',(0.0531403325862954,0.0441157993204411,0.00110585293676971));
#3566=CARTESIAN_POINT('',(0.054155471516654,0.0444065621337324,0.00175668530279052));
#3567=CARTESIAN_POINT('',(0.0556012142001233,0.0448193535275659,0.00246597756207999));
#3568=CARTESIAN_POINT('',(0.0574835227186026,0.0453585945442059,0.00314752840717617));
#3569=CARTESIAN_POINT('',(0.0597643610636681,0.0460193240014029,0.00376488828037961));
#3570=CARTESIAN_POINT('',(0.0620697746353344,0.0466960356766916,0.00424337841940281));
#3571=CARTESIAN_POINT('',(0.0651649119665239,0.0476175689886921,0.00473255108988915));
#3572=CARTESIAN_POINT('',(0.0675071182495903,0.0483303438757161,0.00495613105885586));
#3573=CARTESIAN_POINT('',(0.0690763299266526,0.048815113760149,0.00504875941336208));
#3574=CARTESIAN_POINT('',(-0.06243,0.0410893233263254,0.0284934660682883));
#3575=CARTESIAN_POINT('',(-0.06243,0.0365246702887599,0.0327773361231154));
#3576=CARTESIAN_POINT('',(0.0690763299266526,0.0365246702887599,0.0327773361231154));
#3577=CARTESIAN_POINT('',(0.0929,0.0365246702887599,0.0327773361231154));
#3578=CARTESIAN_POINT('',(0.0929,0.0410893233263254,0.0284934660682883));
#3579=CARTESIAN_POINT('',(0.0929,0.0435012017021221,0.0227167505048938));
#3580=CARTESIAN_POINT('',(-0.06243,0.0435012017021221,0.0227167505048938));
#3581=CARTESIAN_POINT('',(0.0690763299266526,0.0435012017021221,0.0227167505048938));
#3582=CARTESIAN_POINT('',(0.0690763299266526,0.0435012017021221,0.0227167505048938));
#3583=CARTESIAN_POINT('',(0.0675105037904102,0.0430467464546802,0.022527007601328));
#3584=CARTESIAN_POINT('',(0.0651685693237651,0.0423291487914716,0.0223199959608652));
#3585=CARTESIAN_POINT('',(0.0620642718425074,0.0412876026604573,0.0222193471107798));
#3586=CARTESIAN_POINT('',(0.0597443427099241,0.0404537522171368,0.0222457870981464));
#3587=CARTESIAN_POINT('',(0.0574636138200723,0.0395607915638877,0.022398468756999));
#3588=CARTESIAN_POINT('',(0.0556119641462269,0.0387482894574221,0.0226653960306828));
#3589=CARTESIAN_POINT('',(0.054171762866271,0.0380167632783231,0.0230260302231564));
#3590=CARTESIAN_POINT('',(0.0531592764300844,0.0374188564497478,0.0234044493693439));
#3591=CARTESIAN_POINT('',(0.0522574101092414,0.0367490995764322,0.0239429669355498));
#3592=CARTESIAN_POINT('',(0.0517182523739677,0.0359473673304556,0.0248454549734232));
#3593=CARTESIAN_POINT('',(0.052175615803524,0.0353454375572645,0.025928578305405));
#3594=CARTESIAN_POINT('',(0.0530581970372078,0.0350581322956007,0.0267606776987829));
#3595=CARTESIAN_POINT('',(0.0540690585358027,0.0349013399516226,0.0274693933614542));
#3596=CARTESIAN_POINT('',(0.055505517556427,0.0348114359042529,0.0282908986159027));
#3597=CARTESIAN_POINT('',(0.0573722907092856,0.0348402098982572,0.0291607359316136));
#3598=CARTESIAN_POINT('',(0.0596774082868672,0.0350086397691126,0.0300643081113334));
#3599=CARTESIAN_POINT('',(0.0620088421158357,0.0352753754037845,0.0308609544565732));
#3600=CARTESIAN_POINT('',(0.0651381019225257,0.035736502058393,0.0318108787971932));
#3601=CARTESIAN_POINT('',(0.0675000875512713,0.0361854155771255,0.032415845221162));
#3602=CARTESIAN_POINT('',(0.0690763299266526,0.0365246702887599,0.0327773361231154));
#3603=CARTESIAN_POINT('',(-0.06243,0.0164939217167283,0.0472033965557823));
#3604=CARTESIAN_POINT('',(-0.06243,0.0102830441949479,0.0479860844945183));
#3605=CARTESIAN_POINT('',(0.0690763299266526,0.0102830441949479,0.0479860844945183));
#3606=CARTESIAN_POINT('',(0.0929,0.0102830441949479,0.0479860844945183));
#3607=CARTESIAN_POINT('',(0.0929,0.0164939217167283,0.0472033965557823));
#3608=CARTESIAN_POINT('',(0.0929,0.021840640525965,0.0439476020329424));
#3609=CARTESIAN_POINT('',(-0.06243,0.021840640525965,0.0439476020329424));
#3610=CARTESIAN_POINT('',(0.0690763299266526,0.021840640525965,0.0439476020329424));
#3611=CARTESIAN_POINT('',(0.0690763299266526,0.021840640525965,0.0439476020329424));
#3612=CARTESIAN_POINT('',(0.0675070849344654,0.0215839473401078,0.0435260563010489));
#3613=CARTESIAN_POINT('',(0.065160059690232,0.0211239229443535,0.0429355901112462));
#3614=CARTESIAN_POINT('',(0.0620490300091788,0.0203380729012527,0.0422407880739876));
#3615=CARTESIAN_POINT('',(0.0597241944044761,0.0196455982573066,0.0417714678621217));
#3616=CARTESIAN_POINT('',(0.0574389506581677,0.0188303002850517,0.041369984376878));
#3617=CARTESIAN_POINT('',(0.0555839245097745,0.0180123020864058,0.0411087993596136));
#3618=CARTESIAN_POINT('',(0.0541416616644525,0.0172034147223853,0.0409718633558942));
#3619=CARTESIAN_POINT('',(0.0531298789744036,0.0164922374563264,0.0409286031221794));
#3620=CARTESIAN_POINT('',(0.0522305399626368,0.0156250586407308,0.0409744707918333));
#3621=CARTESIAN_POINT('',(0.0517150616273723,0.0144340495258128,0.0412442613640481));
#3622=CARTESIAN_POINT('',(0.0522090277351586,0.0133180046244913,0.0417744925920553));
#3623=CARTESIAN_POINT('',(0.0530869416020693,0.0126156246832618,0.0422708556090054));
#3624=CARTESIAN_POINT('',(0.0541002460107401,0.0120756118792894,0.0427516391056672));
#3625=CARTESIAN_POINT('',(0.0555349574509039,0.0115254446688252,0.0433611099252425));
#3626=CARTESIAN_POINT('',(0.0573999946605443,0.0110402956376352,0.0440803574113071));
#3627=CARTESIAN_POINT('',(0.0597003698293341,0.0106482537612115,0.0449081085740619));
#3628=CARTESIAN_POINT('',(0.0620257989860058,0.0103974289007897,0.045707090073958));
#3629=CARTESIAN_POINT('',(0.0651509692592227,0.0102133423765029,0.0467450669792185));
#3630=CARTESIAN_POINT('',(0.0675034984458632,0.0102211945180836,0.047495287653588));
#3631=CARTESIAN_POINT('',(0.0690763299266526,0.0102830441949479,0.0479860844945183));
#3632=CARTESIAN_POINT('',(-0.06243,-0.0144015973808789,0.0478832339434072));
#3633=CARTESIAN_POINT('',(-0.06243,-0.0198863552735169,0.0448657795760396));
#3634=CARTESIAN_POINT('',(0.0690763299266526,-0.0198863552735169,0.0448657795760396));
#3635=CARTESIAN_POINT('',(0.0929,-0.0198863552735169,0.0448657795760396));
#3636=CARTESIAN_POINT('',(0.0929,-0.0144015973808789,0.0478832339434072));
#3637=CARTESIAN_POINT('',(0.0929,-0.00816230299504235,0.0483919633084609));
#3638=CARTESIAN_POINT('',(-0.06243,-0.00816230299504235,0.0483919633084609));
#3639=CARTESIAN_POINT('',(0.0690763299266526,-0.00816230299504235,0.0483919633084609));
#3640=CARTESIAN_POINT('',(0.0690763299266526,-0.00816230299504235,0.0483919633084609));
#3641=CARTESIAN_POINT('',(0.0674981382862323,-0.00812196510795698,0.0478972406332686));
#3642=CARTESIAN_POINT('',(0.0651394093825833,-0.00814769281290156,0.0471453465173465));
#3643=CARTESIAN_POINT('',(0.0620155831145845,-0.00837778552417927,0.0461168060771728));
#3644=CARTESIAN_POINT('',(0.0596849226700577,-0.00866477675146332,0.0453277336549178));
#3645=CARTESIAN_POINT('',(0.0573742923211511,-0.00909585648688234,0.0445141838740548));
#3646=CARTESIAN_POINT('',(0.0554948596932223,-0.00961966956222377,0.0438107043345332));
#3647=CARTESIAN_POINT('',(0.0540631232637093,-0.010200716118554,0.0432256312443075));
#3648=CARTESIAN_POINT('',(0.0530480983909689,-0.0107687876680348,0.0427664235306202));
#3649=CARTESIAN_POINT('',(0.0521660184923201,-0.01151490279673,0.0422935792572018));
#3650=CARTESIAN_POINT('',(0.0517184820643713,-0.0126710860734831,0.0418205930947982));
#3651=CARTESIAN_POINT('',(0.0522708103907436,-0.0138554369930534,0.0416190251235178));
#3652=CARTESIAN_POINT('',(0.0531734950369124,-0.0147112444076844,0.0416161626554754));
#3653=CARTESIAN_POINT('',(0.0541965671995974,-0.015417805685187,0.0416946116877746));
#3654=CARTESIAN_POINT('',(0.0556209349676107,-0.0162034462662903,0.0418669700299881));
#3655=CARTESIAN_POINT('',(0.0574970839150721,-0.017015504922333,0.0421682827205035));
#3656=CARTESIAN_POINT('',(0.059780626246279,-0.0178064417445736,0.0426069018737511));
#3657=CARTESIAN_POINT('',(0.0620835138733249,-0.0184691399693039,0.0431024058792503));
#3658=CARTESIAN_POINT('',(0.0651744905713487,-0.0192174471176468,0.0438269953184923));
#3659=CARTESIAN_POINT('',(0.0675113792160282,-0.0196491043152942,0.0444345339274822));
#3660=CARTESIAN_POINT('',(0.0690763299266526,-0.0198863552735169,0.0448657795760396));
#3661=CARTESIAN_POINT('',(-0.06243,-0.0397961957712819,0.0302733034559132));
#3662=CARTESIAN_POINT('',(-0.06243,-0.0424598429398539,0.0246082717912746));
#3663=CARTESIAN_POINT('',(0.0690763299266526,-0.0424598429398539,0.0246082717912746));
#3664=CARTESIAN_POINT('',(0.0929,-0.0424598429398539,0.0246082717912746));
#3665=CARTESIAN_POINT('',(0.0929,-0.0397961957712819,0.0302733034559132));
#3666=CARTESIAN_POINT('',(0.0929,-0.0350475241984186,0.0343522393824852));
#3667=CARTESIAN_POINT('',(-0.06243,-0.0350475241984186,0.0343522393824852));
#3668=CARTESIAN_POINT('',(0.0690763299266526,-0.0350475241984186,0.0343522393824852));
#3669=CARTESIAN_POINT('',(0.0690763299266526,-0.0350475241984186,0.0343522393824852));
#3670=CARTESIAN_POINT('',(0.0675105037904102,-0.0347266335789191,0.0339786605398049));
#3671=CARTESIAN_POINT('',(0.0651685693237652,-0.0343080039362529,0.0333601547210687));
#3672=CARTESIAN_POINT('',(0.0620642718425076,-0.0338904257366126,0.0324006876912863));
#3673=CARTESIAN_POINT('',(0.0597443427099243,-0.0336578977011353,0.0315994783881234));
#3674=CARTESIAN_POINT('',(0.0574636138200726,-0.0335271665705436,0.0307030411127409));
#3675=CARTESIAN_POINT('',(0.0556119641462272,-0.0335299525346942,0.0298478206260528));
#3676=CARTESIAN_POINT('',(0.0541717628662712,-0.0336468820122733,0.0290406557923532));
#3677=CARTESIAN_POINT('',(0.0531592764300847,-0.0338220166360631,0.0283550746597305));
#3678=CARTESIAN_POINT('',(0.0522574101092416,-0.0341272110205886,0.0275516869413032));
#3679=CARTESIAN_POINT('',(0.0517182523739677,-0.0347377792609413,0.0265103101235203));
#3680=CARTESIAN_POINT('',(0.0521756158035237,-0.0355818842344376,0.0256031373737883));
#3681=CARTESIAN_POINT('',(0.0530581970372075,-0.0362844755762875,0.0250727609789541));
#3682=CARTESIAN_POINT('',(0.0540690585358024,-0.0369100527265943,0.0247046374145635));
#3683=CARTESIAN_POINT('',(0.0555055175564267,-0.037663568773508,0.0243652744998782));
#3684=CARTESIAN_POINT('',(0.0573722907092854,-0.038499724873875,0.0241238456814797));
#3685=CARTESIAN_POINT('',(0.059677408286867,-0.0394111207757952,0.0240048128485176));
#3686=CARTESIAN_POINT('',(0.0620088421158356,-0.0402512023177372,0.0240123162528147));
#3687=CARTESIAN_POINT('',(0.0651381019225255,-0.0412971300247046,0.0241573309978954));
#3688=CARTESIAN_POINT('',(0.0675000875512713,-0.0420112091906529,0.0243973282191063));
#3689=CARTESIAN_POINT('',(0.0690763299266526,-0.0424598429398539,0.0246082717912746));
#3690=CARTESIAN_POINT('',(-0.06243,-0.04999,0.0011));
#3691=CARTESIAN_POINT('',(-0.06243,-0.048815113760149,-0.00504875941336209));
#3692=CARTESIAN_POINT('',(0.0690763299266526,-0.048815113760149,-0.00504875941336209));
#3693=CARTESIAN_POINT('',(0.0929,-0.048815113760149,-0.00504875941336209));
#3694=CARTESIAN_POINT('',(0.0929,-0.04999,0.0011));
#3695=CARTESIAN_POINT('',(0.0929,-0.0485457823795333,0.00719112760207284));
#3696=CARTESIAN_POINT('',(-0.06243,-0.0485457823795333,0.00719112760207284));
#3697=CARTESIAN_POINT('',(0.0690763299266526,-0.0485457823795333,0.00719112760207284));
#3698=CARTESIAN_POINT('',(0.0690763299266526,-0.0485457823795333,0.00719112760207284));
#3699=CARTESIAN_POINT('',(0.0675034680024011,-0.048064439117056,0.0070770002242576));
#3700=CARTESIAN_POINT('',(0.0651510574647286,-0.0473591357244746,0.00682118427445198));
#3701=CARTESIAN_POINT('',(0.0620329049599467,-0.046453543346787,0.00628648496549637));
#3702=CARTESIAN_POINT('',(0.0597028822030171,-0.0457918560950309,0.00577076530815163));
#3703=CARTESIAN_POINT('',(0.0574128648656071,-0.0451569213652184,0.00511632432192936));
#3704=CARTESIAN_POINT('',(0.0555542750187718,-0.0446549599612216,0.0044150788364556));
#3705=CARTESIAN_POINT('',(0.0541098473732079,-0.0442743985449763,0.00368254752186475));
#3706=CARTESIAN_POINT('',(0.0530990218877131,-0.0440139518176565,0.00301363369628421));
#3707=CARTESIAN_POINT('',(0.0522018902809701,-0.0437904896677878,0.00216473276609019));
#3708=CARTESIAN_POINT('',(0.0517150602318507,-0.0436871081351245,0.000931688068703425));
#3709=CARTESIAN_POINT('',(0.0522383779672896,-0.0438540989801372,-0.000280414827588818));
#3710=CARTESIAN_POINT('',(0.0531403325862953,-0.0441157993204411,-0.00110585293676967));
#3711=CARTESIAN_POINT('',(0.0541554715166539,-0.0444065621337323,-0.00175668530279047));
#3712=CARTESIAN_POINT('',(0.0556012142001232,-0.0448193535275659,-0.00246597756207995));
#3713=CARTESIAN_POINT('',(0.0574835227186026,-0.0453585945442059,-0.00314752840717617));
#3714=CARTESIAN_POINT('',(0.059764361063668,-0.0460193240014029,-0.0037648882803796));
#3715=CARTESIAN_POINT('',(0.0620697746353344,-0.0466960356766916,-0.0042433784194028));
#3716=CARTESIAN_POINT('',(0.0651649119665239,-0.0476175689886921,-0.00473255108988916));
#3717=CARTESIAN_POINT('',(0.0675071182495902,-0.0483303438757161,-0.00495613105885587));
#3718=CARTESIAN_POINT('',(0.0690763299266526,-0.048815113760149,-0.00504875941336209));
#3719=CARTESIAN_POINT('',(-0.06243,-0.0410893233263254,-0.0284934660682883));
#3720=CARTESIAN_POINT('',(-0.06243,-0.0365246702887598,-0.0327773361231154));
#3721=CARTESIAN_POINT('',(0.0690763299266526,-0.0365246702887598,-0.0327773361231154));
#3722=CARTESIAN_POINT('',(0.0929,-0.0365246702887598,-0.0327773361231154));
#3723=CARTESIAN_POINT('',(0.0929,-0.0410893233263254,-0.0284934660682883));
#3724=CARTESIAN_POINT('',(0.0929,-0.0435012017021221,-0.0227167505048938));
#3725=CARTESIAN_POINT('',(-0.06243,-0.0435012017021221,-0.0227167505048938));
#3726=CARTESIAN_POINT('',(0.0690763299266526,-0.0435012017021221,-0.0227167505048938));
#3727=CARTESIAN_POINT('',(0.0690763299266526,-0.0435012017021221,-0.0227167505048938));
#3728=CARTESIAN_POINT('',(0.0675105037904102,-0.0430467464546802,-0.022527007601328));
#3729=CARTESIAN_POINT('',(0.0651685693237652,-0.0423291487914716,-0.0223199959608652));
#3730=CARTESIAN_POINT('',(0.0620642718425076,-0.0412876026604574,-0.0222193471107798));
#3731=CARTESIAN_POINT('',(0.0597443427099243,-0.0404537522171369,-0.0222457870981464));
#3732=CARTESIAN_POINT('',(0.0574636138200726,-0.0395607915638878,-0.022398468756999));
#3733=CARTESIAN_POINT('',(0.0556119641462272,-0.0387482894574223,-0.0226653960306828));
#3734=CARTESIAN_POINT('',(0.0541717628662713,-0.0380167632783233,-0.0230260302231564));
#3735=CARTESIAN_POINT('',(0.0531592764300847,-0.0374188564497479,-0.0234044493693438));
#3736=CARTESIAN_POINT('',(0.0522574101092417,-0.0367490995764324,-0.0239429669355496));
#3737=CARTESIAN_POINT('',(0.0517182523739677,-0.0359473673304558,-0.0248454549734228));
#3738=CARTESIAN_POINT('',(0.0521756158035237,-0.0353454375572646,-0.0259285783054047));
#3739=CARTESIAN_POINT('',(0.0530581970372075,-0.0350581322956007,-0.0267606776987826));
#3740=CARTESIAN_POINT('',(0.0540690585358023,-0.0349013399516227,-0.027469393361454));
#3741=CARTESIAN_POINT('',(0.0555055175564266,-0.0348114359042529,-0.0282908986159025));
#3742=CARTESIAN_POINT('',(0.0573722907092854,-0.0348402098982572,-0.0291607359316136));
#3743=CARTESIAN_POINT('',(0.059677408286867,-0.0350086397691126,-0.0300643081113333));
#3744=CARTESIAN_POINT('',(0.0620088421158356,-0.0352753754037845,-0.0308609544565731));
#3745=CARTESIAN_POINT('',(0.0651381019225255,-0.0357365020583929,-0.0318108787971931));
#3746=CARTESIAN_POINT('',(0.0675000875512713,-0.0361854155771255,-0.032415845221162));
#3747=CARTESIAN_POINT('',(0.0690763299266526,-0.0365246702887599,-0.0327773361231154));
#3748=CARTESIAN_POINT('',(-0.06243,-0.0164939217167283,-0.0472033965557823));
#3749=CARTESIAN_POINT('',(-0.06243,-0.0102830441949479,-0.0479860844945183));
#3750=CARTESIAN_POINT('',(0.0690763299266526,-0.0102830441949479,-0.0479860844945183));
#3751=CARTESIAN_POINT('',(0.0929,-0.0102830441949479,-0.0479860844945183));
#3752=CARTESIAN_POINT('',(0.0929,-0.0164939217167283,-0.0472033965557823));
#3753=CARTESIAN_POINT('',(0.0929,-0.021840640525965,-0.0439476020329424));
#3754=CARTESIAN_POINT('',(-0.06243,-0.021840640525965,-0.0439476020329424));
#3755=CARTESIAN_POINT('',(0.0690763299266526,-0.021840640525965,-0.0439476020329424));
#3756=CARTESIAN_POINT('',(0.0690763299266526,-0.021840640525965,-0.0439476020329424));
#3757=CARTESIAN_POINT('',(0.0675070849344654,-0.0215839473401078,-0.0435260563010489));
#3758=CARTESIAN_POINT('',(0.0651600596902321,-0.0211239229443535,-0.0429355901112462));
#3759=CARTESIAN_POINT('',(0.0620490300091788,-0.0203380729012527,-0.0422407880739876));
#3760=CARTESIAN_POINT('',(0.0597241944044761,-0.0196455982573066,-0.0417714678621217));
#3761=CARTESIAN_POINT('',(0.0574389506581677,-0.0188303002850517,-0.041369984376878));
#3762=CARTESIAN_POINT('',(0.0555839245097745,-0.0180123020864058,-0.0411087993596136));
#3763=CARTESIAN_POINT('',(0.0541416616644525,-0.0172034147223853,-0.0409718633558942));
#3764=CARTESIAN_POINT('',(0.0531298789744036,-0.0164922374563264,-0.0409286031221794));
#3765=CARTESIAN_POINT('',(0.0522305399626368,-0.0156250586407308,-0.0409744707918333));
#3766=CARTESIAN_POINT('',(0.0517150616273723,-0.0144340495258128,-0.0412442613640481));
#3767=CARTESIAN_POINT('',(0.0522090277351586,-0.0133180046244913,-0.0417744925920553));
#3768=CARTESIAN_POINT('',(0.0530869416020694,-0.0126156246832618,-0.0422708556090054));
#3769=CARTESIAN_POINT('',(0.0541002460107402,-0.0120756118792894,-0.0427516391056673));
#3770=CARTESIAN_POINT('',(0.0555349574509039,-0.0115254446688252,-0.0433611099252425));
#3771=CARTESIAN_POINT('',(0.0573999946605443,-0.0110402956376352,-0.0440803574113071));
#3772=CARTESIAN_POINT('',(0.0597003698293341,-0.0106482537612115,-0.0449081085740619));
#3773=CARTESIAN_POINT('',(0.0620257989860059,-0.0103974289007897,-0.045707090073958));
#3774=CARTESIAN_POINT('',(0.0651509692592228,-0.0102133423765029,-0.0467450669792185));
#3775=CARTESIAN_POINT('',(0.0675034984458631,-0.0102211945180836,-0.047495287653588));
#3776=CARTESIAN_POINT('',(0.0690763299266526,-0.0102830441949479,-0.0479860844945183));
#3777=CARTESIAN_POINT('',(-0.06243,0.0144015973808789,-0.0478832339434072));
#3778=CARTESIAN_POINT('',(-0.06243,0.0198863552735169,-0.0448657795760396));
#3779=CARTESIAN_POINT('',(0.0690763299266526,0.0198863552735169,-0.0448657795760396));
#3780=CARTESIAN_POINT('',(0.0929,0.0198863552735169,-0.0448657795760396));
#3781=CARTESIAN_POINT('',(0.0929,0.0144015973808789,-0.0478832339434072));
#3782=CARTESIAN_POINT('',(0.0929,0.00816230299504235,-0.0483919633084609));
#3783=CARTESIAN_POINT('',(-0.06243,0.00816230299504235,-0.0483919633084609));
#3784=CARTESIAN_POINT('',(0.0690763299266526,0.00816230299504235,-0.0483919633084609));
#3785=CARTESIAN_POINT('',(0.0690763299266526,0.00816230299504235,-0.0483919633084609));
#3786=CARTESIAN_POINT('',(0.0674981382862323,0.00812196510795698,-0.0478972406332686));
#3787=CARTESIAN_POINT('',(0.0651394093825833,0.00814769281290155,-0.0471453465173465));
#3788=CARTESIAN_POINT('',(0.0620155831145845,0.00837778552417926,-0.0461168060771728));
#3789=CARTESIAN_POINT('',(0.0596849226700577,0.00866477675146331,-0.0453277336549178));
#3790=CARTESIAN_POINT('',(0.0573742923211512,0.00909585648688232,-0.0445141838740548));
#3791=CARTESIAN_POINT('',(0.0554948596932224,0.00961966956222375,-0.0438107043345332));
#3792=CARTESIAN_POINT('',(0.0540631232637094,0.010200716118554,-0.0432256312443075));
#3793=CARTESIAN_POINT('',(0.053048098390969,0.0107687876680347,-0.0427664235306202));
#3794=CARTESIAN_POINT('',(0.0521660184923202,0.0115149027967299,-0.0422935792572019));
#3795=CARTESIAN_POINT('',(0.0517184820643713,0.012671086073483,-0.0418205930947982));
#3796=CARTESIAN_POINT('',(0.0522708103907435,0.0138554369930533,-0.0416190251235178));
#3797=CARTESIAN_POINT('',(0.0531734950369124,0.0147112444076843,-0.0416161626554754));
#3798=CARTESIAN_POINT('',(0.0541965671995972,0.0154178056851869,-0.0416946116877746));
#3799=CARTESIAN_POINT('',(0.0556209349676106,0.0162034462662903,-0.0418669700299881));
#3800=CARTESIAN_POINT('',(0.0574970839150719,0.017015504922333,-0.0421682827205035));
#3801=CARTESIAN_POINT('',(0.0597806262462789,0.0178064417445735,-0.042606901873751));
#3802=CARTESIAN_POINT('',(0.0620835138733248,0.0184691399693039,-0.0431024058792503));
#3803=CARTESIAN_POINT('',(0.0651744905713487,0.0192174471176468,-0.0438269953184922));
#3804=CARTESIAN_POINT('',(0.0675113792160282,0.0196491043152942,-0.0444345339274822));
#3805=CARTESIAN_POINT('',(0.0690763299266526,0.0198863552735169,-0.0448657795760396));
#3806=CARTESIAN_POINT('',(0.0939,0.,0.));
#3807=CARTESIAN_POINT('',(0.0939,0.0211862394707006,-0.0452895490934734));
#3808=CARTESIAN_POINT('',(0.0929,0.0211862394707006,-0.0452895490934733));
#3809=CARTESIAN_POINT('',(0.0689000203739117,0.0211862394707006,-0.0452895490934734));
#3810=CARTESIAN_POINT('',(0.0689000203739117,0.0211862394707006,-0.0452895490934734));
#3811=CARTESIAN_POINT('',(0.0689000067902826,0.0211873774519792,-0.0452890167511479));
#3812=CARTESIAN_POINT('',(0.0689,0.0211885154464539,-0.0452884843503728));
#3813=CARTESIAN_POINT('',(0.0689,0.0211896534541062,-0.0452879518911475));
#3814=CARTESIAN_POINT('',(0.0689,0.0349860323348283,-0.0357208278384803));
#3815=CARTESIAN_POINT('',(0.0689,0.0349869299372529,-0.0357199487001917));
#3816=CARTESIAN_POINT('',(0.0689000067902826,0.0349878274803171,-0.0357190695537546));
#3817=CARTESIAN_POINT('',(0.0689000203739117,0.0349887249640146,-0.0357181903991865));
#3818=CARTESIAN_POINT('',(0.0689000203739117,0.0349887249640146,-0.0357181903991865));
#3819=CARTESIAN_POINT('',(0.0939,0.0349887249640146,-0.0357181903991865));
#3820=CARTESIAN_POINT('',(0.0929,0.0349887249640146,-0.0357181903991865));
#3821=CARTESIAN_POINT('',(0.0929,0.,0.));
#3822=CARTESIAN_POINT('',(0.0939,0.,0.));
#3823=CARTESIAN_POINT('',(0.0689,0.0493004705277647,-0.00833448293183262));
#3824=CARTESIAN_POINT('',(0.0689,0.0493006799588597,-0.00833324409654913));
#3825=CARTESIAN_POINT('',(0.0689000067902826,0.0493008893371414,-0.00833200528956457));
#3826=CARTESIAN_POINT('',(0.0689000203739117,0.0493010986626153,-0.00833076651089667));
#3827=CARTESIAN_POINT('',(0.0689000203739117,0.0493010986626153,-0.00833076651089667));
#3828=CARTESIAN_POINT('',(0.0939,0.0493010986626153,-0.00833076651089667));
#3829=CARTESIAN_POINT('',(0.0929,0.0493010986626153,-0.00833076651089667));
#3830=CARTESIAN_POINT('',(0.0929,0.,0.));
#3831=CARTESIAN_POINT('',(0.0929,0.0437605568188136,-0.024187055771784));
#3832=CARTESIAN_POINT('',(0.0939,0.0437605568188136,-0.024187055771784));
#3833=CARTESIAN_POINT('',(0.0689000203739117,0.0437605568188136,-0.024187055771784));
#3834=CARTESIAN_POINT('',(0.0689000203739117,0.0437605568188136,-0.024187055771784));
#3835=CARTESIAN_POINT('',(0.0689000067902826,0.0437611645620393,-0.0241859562091828));
#3836=CARTESIAN_POINT('',(0.0689,0.0437617722815849,-0.0241848565915385));
#3837=CARTESIAN_POINT('',(0.0689,0.0437623799774352,-0.0241837569188614));
#3838=CARTESIAN_POINT('',(0.0939,0.,0.));
#3839=CARTESIAN_POINT('',(0.0689,0.0447838046404574,0.0222353511761193));
#3840=CARTESIAN_POINT('',(0.0689,0.0447832459046627,0.0222364765154258));
#3841=CARTESIAN_POINT('',(0.0689000067902826,0.0447826871427749,0.0222376018007952));
#3842=CARTESIAN_POINT('',(0.0689000203739117,0.0447821283548088,0.0222387270322163));
#3843=CARTESIAN_POINT('',(0.0689000203739117,0.0447821283548088,0.0222387270322164));
#3844=CARTESIAN_POINT('',(0.0939,0.0447821283548088,0.0222387270322164));
#3845=CARTESIAN_POINT('',(0.0929,0.0447821283548088,0.0222387270322163));
#3846=CARTESIAN_POINT('',(0.0929,0.,0.));
#3847=CARTESIAN_POINT('',(0.0929,0.0496198288287608,0.00615407076693756));
#3848=CARTESIAN_POINT('',(0.0939,0.0496198288287608,0.00615407076693756));
#3849=CARTESIAN_POINT('',(0.0689000203739117,0.0496198288287608,0.00615407076693756));
#3850=CARTESIAN_POINT('',(0.0689000203739117,0.0496198288287608,0.00615407076693756));
#3851=CARTESIAN_POINT('',(0.0689000067902826,0.0496196741966777,0.00615531755427346));
#3852=CARTESIAN_POINT('',(0.0689,0.0496195195130834,0.00615656437222149));
#3853=CARTESIAN_POINT('',(0.0689,0.0496193647779718,0.00615781122076419));
#3854=CARTESIAN_POINT('',(0.0939,0.,0.));
#3855=CARTESIAN_POINT('',(0.0689,0.0231612475260306,0.0443120368865836));
#3856=CARTESIAN_POINT('',(0.0689,0.0231601340414292,0.044312618888547));
#3857=CARTESIAN_POINT('',(0.0689000067902826,0.0231590205674214,0.0443132008315371));
#3858=CARTESIAN_POINT('',(0.0689000203739117,0.0231579071040258,0.0443137827155538));
#3859=CARTESIAN_POINT('',(0.0689000203739117,0.0231579071040258,0.0443137827155538));
#3860=CARTESIAN_POINT('',(0.0939,0.0231579071040258,0.0443137827155538));
#3861=CARTESIAN_POINT('',(0.0929,0.0231579071040258,0.0443137827155538));
#3862=CARTESIAN_POINT('',(0.0929,0.,0.));
#3863=CARTESIAN_POINT('',(0.0929,0.0365260127420734,0.034144551441861));
#3864=CARTESIAN_POINT('',(0.0939,0.0365260127420734,0.034144551441861));
#3865=CARTESIAN_POINT('',(0.0689000203739117,0.0365260127420734,0.034144551441861));
#3866=CARTESIAN_POINT('',(0.0689000203739117,0.0365260127420734,0.034144551441861));
#3867=CARTESIAN_POINT('',(0.0689000067902826,0.0365251547988814,0.0341454692235462));
#3868=CARTESIAN_POINT('',(0.0689,0.0365242967960228,0.0341463869997196));
#3869=CARTESIAN_POINT('',(0.0689,0.0365234387335026,0.0341473047703634));
#3870=CARTESIAN_POINT('',(0.0939,0.,0.));
#3871=CARTESIAN_POINT('',(0.0689,-0.00730811892149036,0.049463030617112));
#3872=CARTESIAN_POINT('',(0.0689,-0.00730936184162685,0.0494628469767638));
#3873=CARTESIAN_POINT('',(0.0689000067902826,-0.00731060471852924,0.049462663294932));
#3874=CARTESIAN_POINT('',(0.0689000203739117,-0.00731184755218239,0.0494624795716273));
#3875=CARTESIAN_POINT('',(0.0689000203739117,-0.00731184755218239,0.0494624795716273));
#3876=CARTESIAN_POINT('',(0.0939,-0.00731184755218239,0.0494624795716273));
#3877=CARTESIAN_POINT('',(0.0929,-0.00731184755218239,0.0494624795716273));
#3878=CARTESIAN_POINT('',(0.0929,0.,0.));
#3879=CARTESIAN_POINT('',(0.0929,0.00948050126142556,0.0490929739966129));
#3880=CARTESIAN_POINT('',(0.0939,0.00948050126142556,0.0490929739966129));
#3881=CARTESIAN_POINT('',(0.0689000203739117,0.00948050126142556,0.0490929739966129));
#3882=CARTESIAN_POINT('',(0.0689000203739117,0.00948050126142556,0.0490929739966129));
#3883=CARTESIAN_POINT('',(0.0689000067902826,0.00947926771226376,0.0490932122112378));
#3884=CARTESIAN_POINT('',(0.0689,0.00947803411807027,0.0490934503863323));
#3885=CARTESIAN_POINT('',(0.0689,0.00947680047885979,0.0490936885218852));
#3886=CARTESIAN_POINT('',(0.0939,0.,0.));
#3887=CARTESIAN_POINT('',(0.0689,-0.0349860323348283,0.0357208278384803));
#3888=CARTESIAN_POINT('',(0.0689,-0.0349869299372529,0.0357199487001917));
#3889=CARTESIAN_POINT('',(0.0689000067902826,-0.0349878274803171,0.0357190695537546));
#3890=CARTESIAN_POINT('',(0.0689000203739117,-0.0349887249640146,0.0357181903991865));
#3891=CARTESIAN_POINT('',(0.0689000203739117,-0.0349887249640146,0.0357181903991865));
#3892=CARTESIAN_POINT('',(0.0939,-0.0349887249640146,0.0357181903991865));
#3893=CARTESIAN_POINT('',(0.0929,-0.0349887249640146,0.0357181903991865));
#3894=CARTESIAN_POINT('',(0.0929,0.,0.));
#3895=CARTESIAN_POINT('',(0.0929,-0.0211862394707005,0.0452895490934733));
#3896=CARTESIAN_POINT('',(0.0939,-0.0211862394707006,0.0452895490934734));
#3897=CARTESIAN_POINT('',(0.0689000203739117,-0.0211862394707006,0.0452895490934734));
#3898=CARTESIAN_POINT('',(0.0689000203739117,-0.0211862394707006,0.0452895490934734));
#3899=CARTESIAN_POINT('',(0.0689000067902826,-0.0211873774519792,0.0452890167511479));
#3900=CARTESIAN_POINT('',(0.0689,-0.0211885154464539,0.0452884843503728));
#3901=CARTESIAN_POINT('',(0.0689,-0.0211896534541062,0.0452879518911475));
#3902=CARTESIAN_POINT('',(0.0939,0.,0.));
#3903=CARTESIAN_POINT('',(0.0689,-0.0493004705277647,0.00833448293183261));
#3904=CARTESIAN_POINT('',(0.0689,-0.0493006799588597,0.00833324409654912));
#3905=CARTESIAN_POINT('',(0.0689000067902826,-0.0493008893371414,0.00833200528956456));
#3906=CARTESIAN_POINT('',(0.0689000203739117,-0.0493010986626153,0.00833076651089666));
#3907=CARTESIAN_POINT('',(0.0689000203739117,-0.0493010986626153,0.00833076651089666));
#3908=CARTESIAN_POINT('',(0.0939,-0.0493010986626153,0.00833076651089666));
#3909=CARTESIAN_POINT('',(0.0929,-0.0493010986626153,0.00833076651089666));
#3910=CARTESIAN_POINT('',(0.0929,0.,0.));
#3911=CARTESIAN_POINT('',(0.0929,-0.0437605568188136,0.024187055771784));
#3912=CARTESIAN_POINT('',(0.0939,-0.0437605568188136,0.024187055771784));
#3913=CARTESIAN_POINT('',(0.0689000203739118,-0.0437605568188136,0.024187055771784));
#3914=CARTESIAN_POINT('',(0.0689000203739118,-0.0437605568188136,0.024187055771784));
#3915=CARTESIAN_POINT('',(0.0689000067902827,-0.0437611645620393,0.0241859562091829));
#3916=CARTESIAN_POINT('',(0.0689,-0.0437617722815849,0.0241848565915385));
#3917=CARTESIAN_POINT('',(0.0689,-0.0437623799774352,0.0241837569188614));
#3918=CARTESIAN_POINT('',(0.0939,0.,0.));
#3919=CARTESIAN_POINT('',(0.0689,-0.0447838046404574,-0.0222353511761192));
#3920=CARTESIAN_POINT('',(0.0689,-0.0447832459046627,-0.0222364765154258));
#3921=CARTESIAN_POINT('',(0.0689000067902826,-0.0447826871427749,-0.0222376018007953));
#3922=CARTESIAN_POINT('',(0.0689000203739117,-0.0447821283548088,-0.0222387270322164));
#3923=CARTESIAN_POINT('',(0.0689000203739117,-0.0447821283548088,-0.0222387270322164));
#3924=CARTESIAN_POINT('',(0.0939,-0.0447821283548088,-0.0222387270322164));
#3925=CARTESIAN_POINT('',(0.0929,-0.0447821283548088,-0.0222387270322164));
#3926=CARTESIAN_POINT('',(0.0929,0.,0.));
#3927=CARTESIAN_POINT('',(0.0929,-0.0496198288287608,-0.00615407076693757));
#3928=CARTESIAN_POINT('',(0.0939,-0.0496198288287608,-0.00615407076693757));
#3929=CARTESIAN_POINT('',(0.0689000203739117,-0.0496198288287608,-0.00615407076693757));
#3930=CARTESIAN_POINT('',(0.0689000203739117,-0.0496198288287608,-0.00615407076693757));
#3931=CARTESIAN_POINT('',(0.0689000067902826,-0.0496196741966777,-0.00615531755427347));
#3932=CARTESIAN_POINT('',(0.0689,-0.0496195195130834,-0.00615656437222149));
#3933=CARTESIAN_POINT('',(0.0689,-0.0496193647779718,-0.00615781122076419));
#3934=CARTESIAN_POINT('',(0.0939,0.,0.));
#3935=CARTESIAN_POINT('',(0.0689,-0.0231612475260306,-0.0443120368865836));
#3936=CARTESIAN_POINT('',(0.0689,-0.0231601340414292,-0.044312618888547));
#3937=CARTESIAN_POINT('',(0.0689000067902826,-0.0231590205674214,-0.0443132008315371));
#3938=CARTESIAN_POINT('',(0.0689000203739117,-0.0231579071040258,-0.0443137827155538));
#3939=CARTESIAN_POINT('',(0.0689000203739117,-0.0231579071040258,-0.0443137827155538));
#3940=CARTESIAN_POINT('',(0.0939,-0.0231579071040258,-0.0443137827155538));
#3941=CARTESIAN_POINT('',(0.0929,-0.0231579071040258,-0.0443137827155538));
#3942=CARTESIAN_POINT('',(0.0929,0.,0.));
#3943=CARTESIAN_POINT('',(0.0929,-0.0365260127420734,-0.0341445514418611));
#3944=CARTESIAN_POINT('',(0.0939,-0.0365260127420734,-0.0341445514418611));
#3945=CARTESIAN_POINT('',(0.0689000203739117,-0.0365260127420734,-0.0341445514418611));
#3946=CARTESIAN_POINT('',(0.0689000203739117,-0.0365260127420734,-0.0341445514418611));
#3947=CARTESIAN_POINT('',(0.0689000067902826,-0.0365251547988814,-0.0341454692235462));
#3948=CARTESIAN_POINT('',(0.0689,-0.0365242967960228,-0.0341463869997196));
#3949=CARTESIAN_POINT('',(0.0689,-0.0365234387335026,-0.0341473047703634));
#3950=CARTESIAN_POINT('',(0.0939,0.,0.));
#3951=CARTESIAN_POINT('',(0.0939,-0.00948050126142556,-0.0490929739966129));
#3952=CARTESIAN_POINT('',(0.0929,-0.00948050126142555,-0.0490929739966129));
#3953=CARTESIAN_POINT('',(0.0689000203739117,-0.00948050126142556,-0.0490929739966129));
#3954=CARTESIAN_POINT('',(0.0689000203739117,-0.00948050126142556,-0.0490929739966129));
#3955=CARTESIAN_POINT('',(0.0689000067902826,-0.00947926771226375,-0.0490932122112378));
#3956=CARTESIAN_POINT('',(0.0689,-0.00947803411807027,-0.0490934503863323));
#3957=CARTESIAN_POINT('',(0.0689,-0.00947680047885979,-0.0490936885218852));
#3958=CARTESIAN_POINT('',(0.0689,0.00730811892149037,-0.049463030617112));
#3959=CARTESIAN_POINT('',(0.0689,0.00730936184162685,-0.0494628469767638));
#3960=CARTESIAN_POINT('',(0.0689000067902826,0.00731060471852925,-0.049462663294932));
#3961=CARTESIAN_POINT('',(0.0689000203739117,0.00731184755218239,-0.0494624795716273));
#3962=CARTESIAN_POINT('',(0.0689000203739117,0.00731184755218239,-0.0494624795716273));
#3963=CARTESIAN_POINT('',(0.0939,0.00731184755218239,-0.0494624795716273));
#3964=CARTESIAN_POINT('',(0.0929,0.00731184755218239,-0.0494624795716273));
#3965=CARTESIAN_POINT('',(0.0929,0.,0.));
#3966=CARTESIAN_POINT('',(0.0939,0.,0.0325));
#3967=CARTESIAN_POINT('',(0.0939,0.,1.74022310158839E-18));
#3968=CARTESIAN_POINT('',(0.0939,0.,-0.02942));
#3969=CARTESIAN_POINT('',(0.0939,0.,0.));
#3970=CARTESIAN_POINT('',(0.0939,-0.0207625146812866,0.0443837581116038));
#3971=CARTESIAN_POINT('',(0.0939,-0.0342889504647343,0.0350038265912028));
#3972=CARTESIAN_POINT('',(0.0939,-0.0397961957712819,0.0302733034559132));
#3973=CARTESIAN_POINT('',(0.0939,-0.0428853456824373,0.0237033146563482));
#3974=CARTESIAN_POINT('',(0.0939,0.,0.));
#3975=CARTESIAN_POINT('',(0.0939,-0.0483150766893629,0.00816415118067873));
#3976=CARTESIAN_POINT('',(0.0939,-0.04999,0.0011));
#3977=CARTESIAN_POINT('',(0.0939,-0.0486274322521856,-0.00603098935159884));
#3978=CARTESIAN_POINT('',(0.0939,0.,0.));
#3979=CARTESIAN_POINT('',(0.0939,-0.0438864857877126,-0.021793952491572));
#3980=CARTESIAN_POINT('',(0.0939,-0.0410893233263254,-0.0284934660682883));
#3981=CARTESIAN_POINT('',(0.0939,-0.0357954924872318,-0.0334616604130239));
#3982=CARTESIAN_POINT('',(0.0939,0.,0.));
#3983=CARTESIAN_POINT('',(0.0939,-0.0226947489619453,-0.0434275070612427));
#3984=CARTESIAN_POINT('',(0.0939,-0.0164939217167283,-0.0472033965557823));
#3985=CARTESIAN_POINT('',(0.0939,-0.00929089123619702,-0.0481111145166806));
#3986=CARTESIAN_POINT('',(0.0939,0.,0.));
#3987=CARTESIAN_POINT('',(0.0939,0.00716561060113875,-0.0484732299801947));
#3988=CARTESIAN_POINT('',(0.0939,0.0144015973808789,-0.0478832339434072));
#3989=CARTESIAN_POINT('',(0.0939,0.0207625146812866,-0.0443837581116038));
#3990=CARTESIAN_POINT('',(0.0939,0.,0.));
#3991=CARTESIAN_POINT('',(0.0939,0.0342889504647343,-0.0350038265912027));
#3992=CARTESIAN_POINT('',(0.0939,0.0397961957712819,-0.0302733034559132));
#3993=CARTESIAN_POINT('',(0.0939,0.0428853456824373,-0.0237033146563482));
#3994=CARTESIAN_POINT('',(0.0939,0.,0.));
#3995=CARTESIAN_POINT('',(0.0939,0.0483150766893629,-0.00816415118067873));
#3996=CARTESIAN_POINT('',(0.0939,0.04999,-0.0011));
#3997=CARTESIAN_POINT('',(0.0939,0.0486274322521856,0.00603098935159883));
#3998=CARTESIAN_POINT('',(0.0939,0.,0.));
#3999=CARTESIAN_POINT('',(0.0939,0.0438864857877126,0.021793952491572));
#4000=CARTESIAN_POINT('',(0.0939,0.0410893233263254,0.0284934660682883));
#4001=CARTESIAN_POINT('',(0.0939,0.0357954924872318,0.0334616604130239));
#4002=CARTESIAN_POINT('',(0.0939,0.,0.));
#4003=CARTESIAN_POINT('',(0.0939,0.0226947489619453,0.0434275070612427));
#4004=CARTESIAN_POINT('',(0.0939,0.0164939217167283,0.0472033965557823));
#4005=CARTESIAN_POINT('',(0.0939,0.00929089123619702,0.0481111145166806));
#4006=CARTESIAN_POINT('',(0.0939,0.,0.));
#4007=CARTESIAN_POINT('',(0.0939,-0.00716561060113874,0.0484732299801947));
#4008=CARTESIAN_POINT('',(0.0939,-0.0144015973808789,0.0478832339434072));
#4009=CARTESIAN_POINT('',(0.0249,0.,0.01202));
#4010=CARTESIAN_POINT('',(0.025,0.,0.01202));
#4011=CARTESIAN_POINT('',(0.0249,0.,0.01202));
#4012=CARTESIAN_POINT('',(0.0249,0.,0.01202));
#4013=CARTESIAN_POINT('',(0.0249,0.,0.01202));
#4014=CARTESIAN_POINT('',(0.025,0.,0.01202));
#4015=CARTESIAN_POINT('',(0.0249,-0.01847,0.01202));
#4016=CARTESIAN_POINT('',(0.025,-0.01847,0.01202));
#4017=CARTESIAN_POINT('',(-0.0159176258609804,0.,0.));
#4018=CARTESIAN_POINT('',(0.0567,0.,1.74022310158839E-18));
#4019=CARTESIAN_POINT('',(0.0929,0.,1.74022310158839E-18));
#4020=CARTESIAN_POINT('',(0.0929,0.,-0.02842));
#4021=CARTESIAN_POINT('',(0.0567,0.,1.74022310158839E-18));
#4022=CARTESIAN_POINT('',(0.0567,0.,-0.02842));
#4023=CARTESIAN_POINT('',(0.0567,0.,0.));
#4024=CARTESIAN_POINT('',(0.0929,0.,1.74022310158839E-18));
#4025=CARTESIAN_POINT('',(-0.06243,0.0207625146812865,-0.0443837581116038));
#4026=CARTESIAN_POINT('',(0.0689000203739117,0.0211862394707006,-0.0452895490934733));
#4027=CARTESIAN_POINT('',(0.0689027793337392,0.0209551050214899,-0.0453976727089414));
#4028=CARTESIAN_POINT('',(0.0689436863452828,0.0204182938830228,-0.0454266919249547));
#4029=CARTESIAN_POINT('',(0.0690323857203939,0.0200057397198544,-0.0450827819577123));
#4030=CARTESIAN_POINT('',(0.0690763299266526,0.019886355273517,-0.0448657795760397));
#4031=CARTESIAN_POINT('',(0.0929,0.0207625146812866,-0.0443837581116038));
#4032=CARTESIAN_POINT('',(0.0939,0.0342889504647343,-0.0350038265912027));
#4033=CARTESIAN_POINT('',(0.0929,0.0342889504647343,-0.0350038265912027));
#4034=CARTESIAN_POINT('',(0.0689000203739117,0.0349887249640146,-0.0357181903991865));
#4035=CARTESIAN_POINT('',(0.0689027793337393,0.0351710121457148,-0.0355396260320198));
#4036=CARTESIAN_POINT('',(0.0689436863453478,0.0353863703745076,-0.0350470520309131));
#4037=CARTESIAN_POINT('',(0.0690323857202642,0.0352089057631112,-0.0345401187859462));
#4038=CARTESIAN_POINT('',(0.0690763299266526,0.0350475241984185,-0.0343522393824851));
#4039=CARTESIAN_POINT('',(0.0929,0.,0.));
#4040=CARTESIAN_POINT('',(0.0929,0.0207625146812865,-0.0443837581116038));
#4041=CARTESIAN_POINT('',(0.0929,0.0342889504647343,-0.0350038265912027));
#4042=CARTESIAN_POINT('',(0.0929,0.0207625146812866,-0.0443837581116038));
#4043=CARTESIAN_POINT('',(0.0929,0.0207625146812866,-0.0443837581116038));
#4044=CARTESIAN_POINT('',(0.0691332812917005,0.00731614668170282,-0.0495476750500283));
#4045=CARTESIAN_POINT('',(0.0691472148668847,0.0082648899695756,-0.0494127113086309));
#4046=CARTESIAN_POINT('',(0.0694753068046341,0.00817374593568807,-0.0485168476874453));
#4047=CARTESIAN_POINT('',(0.0674935340625738,0.00725618675481889,-0.0489532275757591));
#4048=CARTESIAN_POINT('',(0.0675900240185379,0.00813666795864306,-0.048858204676464));
#4049=CARTESIAN_POINT('',(0.0678355595754983,0.00812160456509986,-0.0480043450575269));
#4050=CARTESIAN_POINT('',(0.0650429303904432,0.00727589758125879,-0.0480490184078724));
#4051=CARTESIAN_POINT('',(0.0651995910896815,0.00804762317530883,-0.0479895964005456));
#4052=CARTESIAN_POINT('',(0.0653849559033788,0.00813615558489935,-0.0472250376219846));
#4053=CARTESIAN_POINT('',(0.0617979945079484,0.00754959627831777,-0.0468107514224843));
#4054=CARTESIAN_POINT('',(0.0619312503271919,0.00819058318441291,-0.0467563218086387));
#4055=CARTESIAN_POINT('',(0.0621400200208816,0.00836442988468599,-0.0461585389511055));
#4056=CARTESIAN_POINT('',(0.0593773474296699,0.00789951812903696,-0.0458598272968911));
#4057=CARTESIAN_POINT('',(0.0595276812025986,0.0084403823406844,-0.0458218832676889));
#4058=CARTESIAN_POINT('',(0.0597193729426035,0.0086576375289243,-0.0453400042277437));
#4059=CARTESIAN_POINT('',(0.0569793726135707,0.00843290083628732,-0.0448780762947144));
#4060=CARTESIAN_POINT('',(0.0571437777992321,0.00886941522473737,-0.0448564315766576));
#4061=CARTESIAN_POINT('',(0.0573213981265042,0.00910548310911793,-0.0444956325841057));
#4062=CARTESIAN_POINT('',(0.0550468216053859,0.00908337098639678,-0.0440336283028701));
#4063=CARTESIAN_POINT('',(0.0552079877723759,0.00942876474892962,-0.0440217614478286));
#4064=CARTESIAN_POINT('',(0.0553888471183195,0.00965227617713066,-0.0437702602453471));
#4065=CARTESIAN_POINT('',(0.053597367942743,0.00980503512823375,-0.043336781601765));
#4066=CARTESIAN_POINT('',(0.0537577113257225,0.0100698637541831,-0.0433363553711196));
#4067=CARTESIAN_POINT('',(0.0539393934556765,0.01025939649946,-0.0431726899197728));
#4068=CARTESIAN_POINT('',(0.0525903713407969,0.0105028353263676,-0.0427966042438971));
#4069=CARTESIAN_POINT('',(0.0527550557752346,0.0106958310513194,-0.0428104561658598));
#4070=CARTESIAN_POINT('',(0.0529323968537305,0.0108467671191607,-0.0427102744644859));
#4071=CARTESIAN_POINT('',(0.0517615205297201,0.0114123365371393,-0.0422535298598357));
#4072=CARTESIAN_POINT('',(0.0519278467338967,0.0115217925069736,-0.0422857521744218));
#4073=CARTESIAN_POINT('',(0.0521035460426536,0.0116128211329994,-0.042246632538245));
#4074=CARTESIAN_POINT('',(0.0514057405154896,0.0126867757255459,-0.0417552098385911));
#4075=CARTESIAN_POINT('',(0.0515719451700216,0.0126949116303286,-0.0418147089759081));
#4076=CARTESIAN_POINT('',(0.0517477660284232,0.0126873787531577,-0.0418238961475935));
#4077=CARTESIAN_POINT('',(0.0518787367602007,0.0139773843842895,-0.0415200317008701));
#4078=CARTESIAN_POINT('',(0.0520450340767296,0.0138899119900519,-0.0416125105732457));
#4079=CARTESIAN_POINT('',(0.0522207622731343,0.0137772327702745,-0.0416285222289065));
#4080=CARTESIAN_POINT('',(0.0527427095209023,0.0149994473724714,-0.0414939623115667));
#4081=CARTESIAN_POINT('',(0.0529067695903837,0.0148344562275877,-0.041616610210228));
#4082=CARTESIAN_POINT('',(0.0530847350338358,0.0146415920659379,-0.0416119963924285));
#4083=CARTESIAN_POINT('',(0.0537618229410211,0.0158490124690945,-0.0415731972562122));
#4084=CARTESIAN_POINT('',(0.0539212737407306,0.0156182862838724,-0.0417229402630975));
#4085=CARTESIAN_POINT('',(0.0541038484539546,0.0153609667530305,-0.0416852265451201));
#4086=CARTESIAN_POINT('',(0.0552017169360123,0.0168012784928406,-0.0417640838138064));
#4087=CARTESIAN_POINT('',(0.0553618419654602,0.016499154794735,-0.0419479383951937));
#4088=CARTESIAN_POINT('',(0.0555437424489459,0.0161682537709588,-0.0418552128629991));
#4089=CARTESIAN_POINT('',(0.0571282883614256,0.017789221035563,-0.0421146093874587));
#4090=CARTESIAN_POINT('',(0.0572912399380499,0.0174067622075263,-0.0423400320814064));
#4091=CARTESIAN_POINT('',(0.0574703138743592,0.0170072306442437,-0.0421627829796148));
#4092=CARTESIAN_POINT('',(0.0594858304008302,0.0187475850116544,-0.0426347559687242));
#4093=CARTESIAN_POINT('',(0.0596342294303184,0.0182709321830086,-0.0429030516957336));
#4094=CARTESIAN_POINT('',(0.0598278559137637,0.0178227491107991,-0.0426159780238394));
#4095=CARTESIAN_POINT('',(0.0618688393016551,0.0195462882154518,-0.0432276433602978));
#4096=CARTESIAN_POINT('',(0.0620005840276341,0.0189786809934849,-0.0435367377510673));
#4097=CARTESIAN_POINT('',(0.0622108648145887,0.0185037769118967,-0.0431306284669133));
#4098=CARTESIAN_POINT('',(0.0650737439924732,0.0204428422276189,-0.0441001660547302));
#4099=CARTESIAN_POINT('',(0.065228120234767,0.0197646511945341,-0.0444762310151706));
#4100=CARTESIAN_POINT('',(0.0654157695054066,0.0192698821494374,-0.0438861536502559));
#4101=CARTESIAN_POINT('',(0.0675033046780913,0.0209533595819112,-0.0448372551563559));
#4102=CARTESIAN_POINT('',(0.0675988557413542,0.0201660127035375,-0.0452435699864481));
#4103=CARTESIAN_POINT('',(0.0678453301910255,0.0197078684129495,-0.0445227566196968));
#4104=CARTESIAN_POINT('',(0.0691317069549516,0.0212293831303055,-0.0453624734540208));
#4105=CARTESIAN_POINT('',(0.0691456640271906,0.0203636653464465,-0.0457732333616443));
#4106=CARTESIAN_POINT('',(0.0694737324678852,0.019945471075663,-0.0449758185179336));
#4107=CARTESIAN_POINT('',(0.0689000203739117,0.00731184755218239,-0.0494624795716273));
#4108=CARTESIAN_POINT('',(0.0689027793337393,0.00756427848164002,-0.0494251636810849));
#4109=CARTESIAN_POINT('',(0.0689436863453477,0.00802803468212512,-0.0491532473340466));
#4110=CARTESIAN_POINT('',(0.0690323857202642,0.00818243068089361,-0.0486388186424722));
#4111=CARTESIAN_POINT('',(0.0690763299266526,0.00816230299504235,-0.0483919633084609));
#4112=CARTESIAN_POINT('',(0.0694749646448994,0.0425726948479061,-0.0246627194508826));
#4113=CARTESIAN_POINT('',(0.069146877814164,0.0433797526234211,-0.025062106603181));
#4114=CARTESIAN_POINT('',(0.0691329391319659,0.0438387272000507,-0.0242208923795207));
#4115=CARTESIAN_POINT('',(0.0678381743347977,0.0421118206420618,-0.0244346475058197));
#4116=CARTESIAN_POINT('',(0.0675923928181998,0.0429062007067601,-0.0247481933200818));
#4117=CARTESIAN_POINT('',(0.0674961488218662,0.0433039816018538,-0.0239568384648702));
#4118=CARTESIAN_POINT('',(0.065370403098031,0.0413718421376432,-0.0241730540284766));
#4119=CARTESIAN_POINT('',(0.0651863272849608,0.0421189752323597,-0.024357495905579));
#4120=CARTESIAN_POINT('',(0.065028377585097,0.0424444095382046,-0.0236559803536864));
#4121=CARTESIAN_POINT('',(0.0621114937151939,0.0402875027431374,-0.0240137423555453));
#4122=CARTESIAN_POINT('',(0.0619031215134333,0.0409073533111342,-0.0240594033869997));
#4123=CARTESIAN_POINT('',(0.0617694682022605,0.0411823597131617,-0.0234791893427048));
#4124=CARTESIAN_POINT('',(0.0596875768297565,0.0394159977762688,-0.0240029421623592));
#4125=CARTESIAN_POINT('',(0.0594960379049187,0.0399421288979616,-0.0239674458318141));
#4126=CARTESIAN_POINT('',(0.0593455513168229,0.0401666134799738,-0.0234753934933326));
#4127=CARTESIAN_POINT('',(0.0573008322899321,0.0384710553473576,-0.0241281877775073));
#4128=CARTESIAN_POINT('',(0.0571227919458797,0.0388904102400122,-0.0240332995306077));
#4129=CARTESIAN_POINT('',(0.0569588067769986,0.0390634691378801,-0.0236328871982824));
#4130=CARTESIAN_POINT('',(0.0553856943969049,0.0376076700342422,-0.0243839967614248));
#4131=CARTESIAN_POINT('',(0.0552048316149761,0.0379213934356261,-0.0242627881603821));
#4132=CARTESIAN_POINT('',(0.0550436688839714,0.0380535127432656,-0.0239436129286286));
#4133=CARTESIAN_POINT('',(0.0539335973350028,0.0368331630002294,-0.0247446030668968));
#4134=CARTESIAN_POINT('',(0.0537519352822217,0.0370524775728354,-0.0246245286992362));
#4135=CARTESIAN_POINT('',(0.0535915718220692,0.0371455172808743,-0.0243769808573843));
#4136=CARTESIAN_POINT('',(0.0529336447197677,0.0361984764094045,-0.0251301387930911));
#4137=CARTESIAN_POINT('',(0.0527562345173547,0.0363452623107272,-0.0250239019698104));
#4138=CARTESIAN_POINT('',(0.0525916192068342,0.0364000383678732,-0.0248381937950323));
#4139=CARTESIAN_POINT('',(0.0521064474059658,0.0354965901685642,-0.0256846176513895));
#4140=CARTESIAN_POINT('',(0.0519307538993951,0.0355653426350418,-0.0256130531080916));
#4141=CARTESIAN_POINT('',(0.0517644218930323,0.0355736264534577,-0.025499083352088));
#4142=CARTESIAN_POINT('',(0.0517475053477195,0.0347300014512955,-0.0265334953564746));
#4143=CARTESIAN_POINT('',(0.0515716701800166,0.0347194635065012,-0.0265363714334452));
#4144=CARTESIAN_POINT('',(0.0514054798347859,0.0346673160026582,-0.0265069539691136));
#4145=CARTESIAN_POINT('',(0.0522158146476022,0.0341587975149799,-0.0274917340681447));
#4146=CARTESIAN_POINT('',(0.0520401290018926,0.0341043225561667,-0.02759123436898));
#4147=CARTESIAN_POINT('',(0.0518737891346686,0.0339873426768382,-0.0276403967822521));
#4148=CARTESIAN_POINT('',(0.0530814169261979,0.0338401828117259,-0.0282963542166572));
#4149=CARTESIAN_POINT('',(0.0529033786536492,0.0337769590204309,-0.0284781980326922));
#4150=CARTESIAN_POINT('',(0.0527393914132644,0.0336044715624502,-0.0285895269630565));
#4151=CARTESIAN_POINT('',(0.0540895254177333,0.0336568048127076,-0.0289904638088303));
#4152=CARTESIAN_POINT('',(0.0539070964877656,0.0336017017815166,-0.0292438354555595));
#4153=CARTESIAN_POINT('',(0.0537474999047998,0.0333811821904126,-0.0294067525972322));
#4154=CARTESIAN_POINT('',(0.0555513508253834,0.0335306175792896,-0.0298191758356161));
#4155=CARTESIAN_POINT('',(0.0553696457543198,0.0335015617648847,-0.0301621985649741));
#4156=CARTESIAN_POINT('',(0.0552093253124498,0.0332231760019269,-0.0303808694648544));
#4157=CARTESIAN_POINT('',(0.0574505665777509,0.033525487925007,-0.0306989970749802));
#4158=CARTESIAN_POINT('',(0.0572708499949287,0.0335508672001431,-0.0311340127160988));
#4159=CARTESIAN_POINT('',(0.0571085410648174,0.0332063822262992,-0.031412871346278));
#4160=CARTESIAN_POINT('',(0.0598083089528815,0.0336618566712099,-0.0316242668551638));
#4161=CARTESIAN_POINT('',(0.0596154375709565,0.0337728153784865,-0.0321443756248719));
#4162=CARTESIAN_POINT('',(0.0594662834399478,0.0333549695324494,-0.0324958821590679));
#4163=CARTESIAN_POINT('',(0.0622191179394739,0.0339079227240102,-0.0324520287887218));
#4164=CARTESIAN_POINT('',(0.0620093791283654,0.034122228530997,-0.0330396084374907));
#4165=CARTESIAN_POINT('',(0.0618770924265411,0.0336334250358606,-0.0334628823482058));
#4166=CARTESIAN_POINT('',(0.065435050831995,0.0343492658153684,-0.0334369164863093));
#4167=CARTESIAN_POINT('',(0.0652474335673702,0.0347295509697592,-0.0341074804811368));
#4168=CARTESIAN_POINT('',(0.065093025319058,0.0341389822386986,-0.0346113615746788));
#4169=CARTESIAN_POINT('',(0.0678559735713878,0.034791098864719,-0.0340672918731904));
#4170=CARTESIAN_POINT('',(0.067608477471349,0.035306000447637,-0.0347488526895218));
#4171=CARTESIAN_POINT('',(0.0675139480584696,0.0346493898430725,-0.0353443909734913));
#4172=CARTESIAN_POINT('',(0.0694719497335157,0.0351294838946443,-0.0344457607966718));
#4173=CARTESIAN_POINT('',(0.0691439078964907,0.0357295870356769,-0.0351169500328342));
#4174=CARTESIAN_POINT('',(0.0691299242205821,0.0350414650961448,-0.035783675516522));
#4175=CARTESIAN_POINT('',(0.0689000203739117,0.0437605568188136,-0.024187055771784));
#4176=CARTESIAN_POINT('',(0.0689027793337393,0.0436371185880134,-0.0244103870347337));
#4177=CARTESIAN_POINT('',(0.068943686345276,0.0432198863214283,-0.0247493937441086));
#4178=CARTESIAN_POINT('',(0.0690323857204078,0.0426839777854668,-0.0247136579889584));
#4179=CARTESIAN_POINT('',(0.0690763299266526,0.042459842939854,-0.0246082717912746));
#4180=CARTESIAN_POINT('',(0.0929,0.0342889504647343,-0.0350038265912027));
#4181=CARTESIAN_POINT('',(0.0929,0.0342889504647343,-0.0350038265912027));
#4182=CARTESIAN_POINT('',(0.0929,0.0144015973808789,-0.0478832339434072));
#4183=CARTESIAN_POINT('',(0.0929,0.00716561060113875,-0.0484732299801947));
#4184=CARTESIAN_POINT('',(0.0939,0.00716561060113874,-0.0484732299801947));
#4185=CARTESIAN_POINT('',(0.0929,0.00716561060113874,-0.0484732299801947));
#4186=CARTESIAN_POINT('',(-0.06243,0.0428853456824373,-0.0237033146563483));
#4187=CARTESIAN_POINT('',(0.0929,0.0428853456824373,-0.0237033146563482));
#4188=CARTESIAN_POINT('',(0.0929,0.0397961957712819,-0.0302733034559132));
#4189=CARTESIAN_POINT('',(0.0929,0.0428853456824373,-0.0237033146563482));
#4190=CARTESIAN_POINT('',(0.0929,0.00716561060113874,-0.0484732299801947));
#4191=CARTESIAN_POINT('',(0.0929,0.00716561060113875,-0.0484732299801947));
#4192=CARTESIAN_POINT('',(0.0929,0.0428853456824373,-0.0237033146563482));
#4193=CARTESIAN_POINT('',(0.0929,0.0428853456824373,-0.0237033146563483));
#4194=CARTESIAN_POINT('',(0.0929,0.,0.));
#4195=CARTESIAN_POINT('',(0.0929,-0.00929089123619704,-0.0481111145166806));
#4196=CARTESIAN_POINT('',(-0.06243,-0.00929089123619704,-0.0481111145166806));
#4197=CARTESIAN_POINT('',(0.0689000203739117,-0.00948050126142555,-0.0490929739966129));
#4198=CARTESIAN_POINT('',(0.0689027793337393,-0.00973104642541917,-0.0490445904184771));
#4199=CARTESIAN_POINT('',(0.0689436863452785,-0.0101823928264144,-0.0487525377869371));
#4200=CARTESIAN_POINT('',(0.0690323857204025,-0.0103140109486566,-0.0482318155260232));
#4201=CARTESIAN_POINT('',(0.0690763299266526,-0.0102830441949479,-0.0479860844945183));
#4202=CARTESIAN_POINT('',(0.0929,-0.00929089123619702,-0.0481111145166806));
#4203=CARTESIAN_POINT('',(0.0939,0.0483150766893629,-0.00816415118067873));
#4204=CARTESIAN_POINT('',(0.0929,0.048315076689363,-0.00816415118067873));
#4205=CARTESIAN_POINT('',(0.0689000203739117,0.0493010986626153,-0.00833076651089667));
#4206=CARTESIAN_POINT('',(0.0689027793337392,0.0493436145888619,-0.00807915918618372));
#4207=CARTESIAN_POINT('',(0.0689436863453473,0.0492283153223204,-0.00755407405745688));
#4208=CARTESIAN_POINT('',(0.0690323857202645,0.0487867755505125,-0.0072482675286477));
#4209=CARTESIAN_POINT('',(0.0690763299266526,0.0485457823795334,-0.00719112760207287));
#4210=CARTESIAN_POINT('',(0.0929,0.,0.));
#4211=CARTESIAN_POINT('',(0.0929,0.0483150766893629,-0.00816415118067873));
#4212=CARTESIAN_POINT('',(0.0929,-0.00929089123619702,-0.0481111145166806));
#4213=CARTESIAN_POINT('',(0.0929,-0.00929089123619702,-0.0481111145166806));
#4214=CARTESIAN_POINT('',(0.0694730013783886,-0.0102998645193608,-0.0481096280028969));
#4215=CARTESIAN_POINT('',(0.0691449438481908,-0.0104302096903881,-0.0490005322496154));
#4216=CARTESIAN_POINT('',(0.0691309758654551,-0.00948842283136036,-0.0491770666405188));
#4217=CARTESIAN_POINT('',(0.0678498030902141,-0.0102260411362277,-0.0476050480094691));
#4218=CARTESIAN_POINT('',(0.0676028998354714,-0.0102792745980968,-0.0484575212021432));
#4219=CARTESIAN_POINT('',(0.0675077775772871,-0.00940330968697706,-0.0485917857418907));
#4220=CARTESIAN_POINT('',(0.0654152749732585,-0.0102049256601808,-0.0468312630184795));
#4221=CARTESIAN_POINT('',(0.0652299394446407,-0.0101512286208169,-0.0476003654613733));
#4222=CARTESIAN_POINT('',(0.0650732494603234,-0.00938158182391732,-0.0476938673703678));
#4223=CARTESIAN_POINT('',(0.0621594940702407,-0.0103850577101499,-0.0457525173470532));
#4224=CARTESIAN_POINT('',(0.0619508210769041,-0.0102381164694988,-0.0463583580779791));
#4225=CARTESIAN_POINT('',(0.0618174685573074,-0.00959936597156731,-0.0464410073057024));
#4226=CARTESIAN_POINT('',(0.0597373827775074,-0.0106412933362364,-0.0449215855272246));
#4227=CARTESIAN_POINT('',(0.0595454169107935,-0.0104457385979592,-0.0454133654156264));
#4228=CARTESIAN_POINT('',(0.0593953572645738,-0.00990631203928588,-0.0454752771275424));
#4229=CARTESIAN_POINT('',(0.0573519809901334,-0.0110481621446215,-0.0440631822413839));
#4230=CARTESIAN_POINT('',(0.0571736776702823,-0.0108285402116544,-0.0444353503911986));
#4231=CARTESIAN_POINT('',(0.0570099554771999,-0.0103919424214141,-0.0444766646273571));
#4232=CARTESIAN_POINT('',(0.0554341154332981,-0.011554295664926,-0.0433214506957967));
#4233=CARTESIAN_POINT('',(0.0552530079285775,-0.0113417218589324,-0.0435850406340951));
#4234=CARTESIAN_POINT('',(0.0550920899203646,-0.0109948610693823,-0.0436125933495533));
#4235=CARTESIAN_POINT('',(0.053980101405302,-0.0121297051853821,-0.0426979636385086));
#4236=CARTESIAN_POINT('',(0.0537982283078855,-0.0119465257829346,-0.0428722972117708));
#4237=CARTESIAN_POINT('',(0.0536380758923685,-0.0116794396826463,-0.0428849642383296));
#4238=CARTESIAN_POINT('',(0.0529752373509655,-0.0126869716080651,-0.0422138908944392));
#4239=CARTESIAN_POINT('',(0.0527976236924146,-0.0125387645444831,-0.0423234546449013));
#4240=CARTESIAN_POINT('',(0.0526332118380319,-0.0123418934359484,-0.0423190239811436));
#4241=CARTESIAN_POINT('',(0.0521437911625077,-0.0134112539386015,-0.0417233674889717));
#4242=CARTESIAN_POINT('',(0.0519680633020032,-0.0133180005530132,-0.0417699936332826));
#4243=CARTESIAN_POINT('',(0.0518017656495742,-0.0132021590742206,-0.041744038530188));
#4244=CARTESIAN_POINT('',(0.0517434316663306,-0.0144504826712358,-0.0412465819939255));
#4245=CARTESIAN_POINT('',(0.0515676207168311,-0.0144514224896612,-0.0412390056335507));
#4246=CARTESIAN_POINT('',(0.0514014061533971,-0.0144349454630504,-0.0411819605498837));
#4247=CARTESIAN_POINT('',(0.0521836401240847,-0.0155485301099601,-0.0409878841933024));
#4248=CARTESIAN_POINT('',(0.0520079787985183,-0.0156559958891545,-0.0409665159093509));
#4249=CARTESIAN_POINT('',(0.0518416146111512,-0.0157352116207576,-0.0408720229475958));
#4250=CARTESIAN_POINT('',(0.053042978349921,-0.016422820054091,-0.0409279278380136));
#4251=CARTESIAN_POINT('',(0.0528651247632566,-0.0166124180177684,-0.0409230013573288));
#4252=CARTESIAN_POINT('',(0.0527009528369875,-0.0167687867616311,-0.0407946201294112));
#4253=CARTESIAN_POINT('',(0.0540496226283445,-0.0171461290050336,-0.0409652250972805));
#4254=CARTESIAN_POINT('',(0.0538674098947963,-0.0174019174102918,-0.0409898078077386));
#4255=CARTESIAN_POINT('',(0.0537075971154109,-0.0176227361498586,-0.0408314947556648));
#4256=CARTESIAN_POINT('',(0.0555134371173446,-0.0179800362225707,-0.0410993743422352));
#4257=CARTESIAN_POINT('',(0.0553320051590704,-0.0183138115516654,-0.041176268617101));
#4258=CARTESIAN_POINT('',(0.0551714116044111,-0.0186060169484564,-0.0409799404590784));
#4259=CARTESIAN_POINT('',(0.0574172037602213,-0.0188235927223028,-0.0413657280210049));
#4260=CARTESIAN_POINT('',(0.0572378303568655,-0.0192286193428966,-0.0415228657951244));
#4261=CARTESIAN_POINT('',(0.0570751782472878,-0.0195988641871408,-0.0412820722945763));
#4262=CARTESIAN_POINT('',(0.0597809333483384,-0.0196656946849619,-0.041781482499306));
#4263=CARTESIAN_POINT('',(0.0595884207323155,-0.0201256516820661,-0.0420464646242932));
#4264=CARTESIAN_POINT('',(0.0594389078354048,-0.0205879800899491,-0.0417581733347649));
#4265=CARTESIAN_POINT('',(0.0621986081308129,-0.0203801480536238,-0.042272125704443));
#4266=CARTESIAN_POINT('',(0.0619892355270234,-0.0208726390764722,-0.0426565134037307));
#4267=CARTESIAN_POINT('',(0.0618565826178798,-0.0214254232432677,-0.0423227523918263));
#4268=CARTESIAN_POINT('',(0.0654239347625823,-0.0211837151909044,-0.0429978732072965));
#4269=CARTESIAN_POINT('',(0.0652369224923623,-0.0217041512015973,-0.0435662603246318));
#4270=CARTESIAN_POINT('',(0.0650819092496468,-0.0223653001498459,-0.0431603651893443));
#4271=CARTESIAN_POINT('',(0.0678519180068118,-0.0216482534592162,-0.0436145642756029));
#4272=CARTESIAN_POINT('',(0.0676048099661864,-0.0221374639636813,-0.0443147443919946));
#4273=CARTESIAN_POINT('',(0.067509892493887,-0.0229065366364527,-0.0438742595469782));
#4274=CARTESIAN_POINT('',(0.0694726224297097,-0.0219043640428223,-0.0440546326973752));
#4275=CARTESIAN_POINT('',(0.0691445705545331,-0.0223572491568845,-0.0448328138821719));
#4276=CARTESIAN_POINT('',(0.0691305969167761,-0.0232040130299826,-0.044384389310609));
#4277=CARTESIAN_POINT('',(0.0689000203739117,-0.0231579071040258,-0.0443137827155538));
#4278=CARTESIAN_POINT('',(0.0689027793337392,-0.0229317524620518,-0.0444319687035024));
#4279=CARTESIAN_POINT('',(0.0689436863453502,-0.0223967373959664,-0.0444845728130048));
#4280=CARTESIAN_POINT('',(0.0690323857202595,-0.021969454810835,-0.044159142950215));
#4281=CARTESIAN_POINT('',(0.0690763299266526,-0.021840640525965,-0.0439476020329424));
#4282=CARTESIAN_POINT('',(0.0694746279911769,0.048938312141725,0.0050710252510226));
#4283=CARTESIAN_POINT('',(0.0691465461851313,0.0498259726415844,0.00522230347984165));
#4284=CARTESIAN_POINT('',(0.0691326024782434,0.0497028377513514,0.00617262306231315));
#4285=CARTESIAN_POINT('',(0.0678394310079948,0.0484318942711862,0.00498471973386873));
#4286=CARTESIAN_POINT('',(0.0675935187560369,0.0492588808662247,0.00519793009760887));
#4287=CARTESIAN_POINT('',(0.0674974054950686,0.0491155859568894,0.00607201941429324));
#4288=CARTESIAN_POINT('',(0.06540249165678,0.0476889073428405,0.00476381435038956));
#4289=CARTESIAN_POINT('',(0.0652153340121817,0.0484024416643654,0.0050524169376767));
#4290=CARTESIAN_POINT('',(0.0650604661438448,0.0482542691527952,0.00581299492336074));
#4291=CARTESIAN_POINT('',(0.0621904862655038,0.0467316090124759,0.00426649492274013));
#4292=CARTESIAN_POINT('',(0.0619805377997842,0.0472636156005196,0.00459289758266941));
#4293=CARTESIAN_POINT('',(0.0618484607525706,0.0471450722988884,0.00522737028459484));
#4294=CARTESIAN_POINT('',(0.0598028467732102,0.0460304437315689,0.00377559743088443));
#4295=CARTESIAN_POINT('',(0.0596094004850745,0.0464406977371626,0.00411316034695439));
#4296=CARTESIAN_POINT('',(0.0594608212602766,0.0463329400772473,0.00464832326293324));
#4297=CARTESIAN_POINT('',(0.0574478564954531,0.0453482431480458,0.00313855858451748));
#4298=CARTESIAN_POINT('',(0.0572688842086004,0.045639134430136,0.00346343231305451));
#4299=CARTESIAN_POINT('',(0.0571058309825195,0.0455430556301283,0.00389583948507813));
#4300=CARTESIAN_POINT('',(0.0555107936098063,0.044793519710091,0.00243112322486396));
#4301=CARTESIAN_POINT('',(0.0553296454854424,0.0449824970064582,0.00271689483425202));
#4302=CARTESIAN_POINT('',(0.0551687680968728,0.0449009837038203,0.00305916568699023));
#4303=CARTESIAN_POINT('',(0.0540437669154648,0.0443746462414994,0.00169436820757587));
#4304=CARTESIAN_POINT('',(0.0538615640556642,0.0444870358050605,0.00192506670687106));
#4305=CARTESIAN_POINT('',(0.0537017414025313,0.0444162151619476,0.00218701100505235));
#4306=CARTESIAN_POINT('',(0.0530365722837149,0.0440859804413646,0.00102826232389499));
#4307=CARTESIAN_POINT('',(0.0528587683848318,0.0441475137086349,0.00120716571645831));
#4308=CARTESIAN_POINT('',(0.0526945467707814,0.0440821204136606,0.00139807792127744));
#4309=CARTESIAN_POINT('',(0.0521768666129909,0.0438355067835354,0.00018583057139489));
#4310=CARTESIAN_POINT('',(0.0520012213239408,0.0438528168275782,0.000293299671615262));
#4311=CARTESIAN_POINT('',(0.0518348411000573,0.0437921252211839,0.000399868374225904));
#4312=CARTESIAN_POINT('',(0.0517428732275328,0.043694371338862,-0.00094081226773042));
#4313=CARTESIAN_POINT('',(0.0515670394521983,0.043687539241078,-0.000938682750883933));
#4314=CARTESIAN_POINT('',(0.0514008477145993,0.0436283190506587,-0.000935530532318491));
#4315=CARTESIAN_POINT('',(0.052151514450228,0.0437788514920712,-0.00207942017110665));
#4316=CARTESIAN_POINT('',(0.0519758785204811,0.0437902155284972,-0.00218443498973483));
#4317=CARTESIAN_POINT('',(0.0518094889372944,0.0437251784657389,-0.00228497400206073));
#4318=CARTESIAN_POINT('',(0.0530046816135302,0.0439899957739895,-0.00294125207912069));
#4319=CARTESIAN_POINT('',(0.0528270111597027,0.0440420750878574,-0.00312061793222361));
#4320=CARTESIAN_POINT('',(0.0526626561005967,0.0439686290519565,-0.00330588879830939));
#4321=CARTESIAN_POINT('',(0.0540096547158086,0.0442482757831726,-0.00362494717706857));
#4322=CARTESIAN_POINT('',(0.0538276560896874,0.0443487691079311,-0.00385889636288192));
#4323=CARTESIAN_POINT('',(0.0536676292028751,0.0442667588107499,-0.0041153246815398));
#4324=CARTESIAN_POINT('',(0.0554753595451649,0.0446337797432181,-0.00438365551371159));
#4325=CARTESIAN_POINT('',(0.0552942006816423,0.0448082011565993,-0.00467640564134825));
#4326=CARTESIAN_POINT('',(0.0551333340322314,0.0447120448556501,-0.00501299360479038));
#4327=CARTESIAN_POINT('',(0.0573837146301069,0.0451487718458433,-0.00510887775732925));
#4328=CARTESIAN_POINT('',(0.0572046859699031,0.0454217522110967,-0.00544514451756766));
#4329=CARTESIAN_POINT('',(0.0570416891171734,0.0453073456700801,-0.00587011807063224));
#4330=CARTESIAN_POINT('',(0.0597534408427531,0.045805847611972,-0.00578532211185435));
#4331=CARTESIAN_POINT('',(0.0595612879069348,0.0461986572773723,-0.00614088429859742));
#4332=CARTESIAN_POINT('',(0.0594114153298196,0.046067464197536,-0.00666847474084075));
#4333=CARTESIAN_POINT('',(0.062178006166005,0.0464950502596738,-0.0063160442939581));
#4334=CARTESIAN_POINT('',(0.0619690016093867,0.0470118233850869,-0.0066658568890224));
#4335=CARTESIAN_POINT('',(0.0618359806530715,0.0468652680187433,-0.0072938390257335));
#4336=CARTESIAN_POINT('',(0.0654127697745869,0.047436190379984,-0.00685862520122874));
#4337=CARTESIAN_POINT('',(0.0652263662622534,0.0481371678437337,-0.00717830071309855));
#4338=CARTESIAN_POINT('',(0.0650707442616534,0.0479553273561413,-0.00793195900903969));
#4339=CARTESIAN_POINT('',(0.0678478443447539,0.048168339985513,-0.007110817623378));
#4340=CARTESIAN_POINT('',(0.0676011270229373,0.0489853348358777,-0.00735987420800309));
#4341=CARTESIAN_POINT('',(0.0675058188318203,0.0488039556146315,-0.00822722443343229));
#4342=CARTESIAN_POINT('',(0.0694732981274051,0.0486674737282759,-0.00721870282499482));
#4343=CARTESIAN_POINT('',(0.0691452361687201,0.0495475520759371,-0.00740892725151914));
#4344=CARTESIAN_POINT('',(0.0691312726144716,0.0493827376373502,-0.0083528494406803));
#4345=CARTESIAN_POINT('',(0.0689000203739117,0.0496198288287608,0.00615407076693756));
#4346=CARTESIAN_POINT('',(0.0689027793337393,0.0496512360250255,0.00590083680820258));
#4347=CARTESIAN_POINT('',(0.0689436863452694,0.0495129511749543,0.00538133164603166));
#4348=CARTESIAN_POINT('',(0.069032385720421,0.0490583871120776,0.00509524334523981));
#4349=CARTESIAN_POINT('',(0.0690763299266526,0.0488151137601491,0.00504875941336208));
#4350=CARTESIAN_POINT('',(0.0929,0.0483150766893629,-0.00816415118067873));
#4351=CARTESIAN_POINT('',(0.0929,0.0483150766893629,-0.00816415118067873));
#4352=CARTESIAN_POINT('',(0.0929,-0.0164939217167283,-0.0472033965557823));
#4353=CARTESIAN_POINT('',(0.0929,-0.0226947489619453,-0.0434275070612427));
#4354=CARTESIAN_POINT('',(0.0939,-0.0226947489619453,-0.0434275070612427));
#4355=CARTESIAN_POINT('',(0.0929,-0.0226947489619453,-0.0434275070612427));
#4356=CARTESIAN_POINT('',(-0.06243,0.0486274322521856,0.00603098935159881));
#4357=CARTESIAN_POINT('',(0.0929,0.0486274322521856,0.00603098935159884));
#4358=CARTESIAN_POINT('',(0.0929,0.04999,-0.0011));
#4359=CARTESIAN_POINT('',(0.0929,0.0486274322521856,0.00603098935159883));
#4360=CARTESIAN_POINT('',(0.0929,-0.0226947489619453,-0.0434275070612427));
#4361=CARTESIAN_POINT('',(0.0929,-0.0226947489619453,-0.0434275070612427));
#4362=CARTESIAN_POINT('',(0.0929,0.0486274322521856,0.00603098935159884));
#4363=CARTESIAN_POINT('',(0.0929,0.0486274322521856,0.00603098935159881));
#4364=CARTESIAN_POINT('',(0.0929,0.,0.));
#4365=CARTESIAN_POINT('',(0.0929,-0.0357954924872318,-0.0334616604130239));
#4366=CARTESIAN_POINT('',(-0.06243,-0.0357954924872318,-0.0334616604130239));
#4367=CARTESIAN_POINT('',(0.0689000203739117,-0.0365260127420734,-0.0341445514418611));
#4368=CARTESIAN_POINT('',(0.0689027793337393,-0.0367002688839213,-0.0339581415524719));
#4369=CARTESIAN_POINT('',(0.0689436863452506,-0.0368937515629605,-0.0334565712521202));
#4370=CARTESIAN_POINT('',(0.0690323857204585,-0.0366941599951268,-0.032957934902514));
#4371=CARTESIAN_POINT('',(0.0690763299266526,-0.0365246702887599,-0.0327773361231154));
#4372=CARTESIAN_POINT('',(0.0929,-0.0357954924872318,-0.0334616604130239));
#4373=CARTESIAN_POINT('',(0.0939,0.0438864857877126,0.021793952491572));
#4374=CARTESIAN_POINT('',(0.0929,0.0438864857877126,0.021793952491572));
#4375=CARTESIAN_POINT('',(0.0689000203739117,0.0447821283548088,0.0222387270322163));
#4376=CARTESIAN_POINT('',(0.0689027793337392,0.0446686333868389,0.0224672718682536));
#4377=CARTESIAN_POINT('',(0.0689436863453488,0.0442667170259044,0.0228243034524142));
#4378=CARTESIAN_POINT('',(0.0690323857202621,0.0437297552791299,0.022812175565042));
#4379=CARTESIAN_POINT('',(0.0690763299266526,0.0435012017021221,0.0227167505048938));
#4380=CARTESIAN_POINT('',(0.0929,0.,0.));
#4381=CARTESIAN_POINT('',(0.0929,0.0438864857877126,0.021793952491572));
#4382=CARTESIAN_POINT('',(0.0929,-0.0357954924872318,-0.0334616604130239));
#4383=CARTESIAN_POINT('',(0.0929,-0.0357954924872318,-0.0334616604130239));
#4384=CARTESIAN_POINT('',(0.0694749646448995,-0.0366113262476629,-0.032867839413522));
#4385=CARTESIAN_POINT('',(0.0691468778141641,-0.0372405605694574,-0.0335119795525569));
#4386=CARTESIAN_POINT('',(0.0691329391319659,-0.0365823492446097,-0.0342084398054953));
#4387=CARTESIAN_POINT('',(0.0678381743347614,-0.0362519989762344,-0.0325000001038083));
#4388=CARTESIAN_POINT('',(0.0675923928182029,-0.0367956757060357,-0.0331586094556751));
#4389=CARTESIAN_POINT('',(0.0674961488218258,-0.0361659735709036,-0.0337814636668221));
#4390=CARTESIAN_POINT('',(0.0653704030980389,-0.0357745428616706,-0.0318770755554008));
#4391=CARTESIAN_POINT('',(0.0651863272849578,-0.0361808343340919,-0.0325306456791617));
#4392=CARTESIAN_POINT('',(0.0650283775851058,-0.0356142181282421,-0.033056932323722));
#4393=CARTESIAN_POINT('',(0.0621114937151919,-0.0352879491564303,-0.0308950375227138));
#4394=CARTESIAN_POINT('',(0.0619031215134338,-0.0355229197374202,-0.0314704404098383));
#4395=CARTESIAN_POINT('',(0.0617694682022583,-0.0350560850415356,-0.0319112830405701));
#4396=CARTESIAN_POINT('',(0.0596875768297563,-0.0350083677168798,-0.0300695244882278));
#4397=CARTESIAN_POINT('',(0.0594960379049177,-0.0351371921582827,-0.0305808738893152));
#4398=CARTESIAN_POINT('',(0.0593455513168228,-0.0347385921262287,-0.0309464239485589));
#4399=CARTESIAN_POINT('',(0.0573008322899313,-0.034835480106064,-0.029132127810136));
#4400=CARTESIAN_POINT('',(0.0571227919458792,-0.0348748238090349,-0.029560280094294));
#4401=CARTESIAN_POINT('',(0.0569588067769978,-0.0345474871916409,-0.0298486031022598));
#4402=CARTESIAN_POINT('',(0.055385694396904,-0.0348119681726993,-0.0282319502586796));
#4403=CARTESIAN_POINT('',(0.0552048316149752,-0.0347936378054073,-0.0285677744614666));
#4404=CARTESIAN_POINT('',(0.0550436688839705,-0.0345309112327539,-0.0287920579607209));
#4405=CARTESIAN_POINT('',(0.0539335973350019,-0.0349155893135627,-0.0273839168203957));
#4406=CARTESIAN_POINT('',(0.0537519352822209,-0.0348691637338085,-0.027629602393987));
#4407=CARTESIAN_POINT('',(0.0535915718220684,-0.0346624825966561,-0.0277945849046446));
#4408=CARTESIAN_POINT('',(0.0529336447197669,-0.0350861266355577,-0.0266611569110536));
#4409=CARTESIAN_POINT('',(0.0527562345173538,-0.0350304487505495,-0.0268335875828288));
#4410=CARTESIAN_POINT('',(0.0525916192068334,-0.0348707565133405,-0.0269430696909152));
#4411=CARTESIAN_POINT('',(0.0521064474059651,-0.0353965725903529,-0.0258222800377686));
#4412=CARTESIAN_POINT('',(0.0519307538993944,-0.0353497563456605,-0.025909782179097));
#4413=CARTESIAN_POINT('',(0.0517644218930316,-0.0352439245072216,-0.0259528791500311));
#4414=CARTESIAN_POINT('',(0.0517475053477195,-0.03596701432198,-0.0248308932058744));
#4415=CARTESIAN_POINT('',(0.0515716701800167,-0.0359664932296971,-0.0248199822681482));
#4416=CARTESIAN_POINT('',(0.051405479834786,-0.0359224010936499,-0.0247794775412196));
#4417=CARTESIAN_POINT('',(0.0522158146476029,-0.0367018417693048,-0.0239915339335342));
#4418=CARTESIAN_POINT('',(0.0520401290018933,-0.0367796384907464,-0.0239089778850764));
#4419=CARTESIAN_POINT('',(0.0518737891346694,-0.0367902459535333,-0.02378253138738));
#4420=CARTESIAN_POINT('',(0.0530814169261991,-0.0373686236467267,-0.0234398720439104));
#4421=CARTESIAN_POINT('',(0.0529033786536503,-0.0375220301669559,-0.0233235498157375));
#4422=CARTESIAN_POINT('',(0.0527393914132656,-0.0375746087157986,-0.0231251019633976));
#4423=CARTESIAN_POINT('',(0.0540895254177346,-0.0379720941792947,-0.0230509775430589));
#4424=CARTESIAN_POINT('',(0.0539070964877669,-0.0381960371618814,-0.022920275301445));
#4425=CARTESIAN_POINT('',(0.053747499904801,-0.0382828362698418,-0.0226602045419028));
#4426=CARTESIAN_POINT('',(0.055551350825385,-0.0387212521529022,-0.0226748802527238));
#4427=CARTESIAN_POINT('',(0.0553696457543214,-0.0390385074144591,-0.0225412466782693));
#4428=CARTESIAN_POINT('',(0.0552093253124514,-0.0391604498669684,-0.0222089130601262));
#4429=CARTESIAN_POINT('',(0.0574505665777526,-0.0395564267254255,-0.0223981219466165));
#4430=CARTESIAN_POINT('',(0.0572708499949304,-0.0399779938129238,-0.022287831845689));
#4431=CARTESIAN_POINT('',(0.0571085410648191,-0.0401367524190565,-0.0218740351107954));
#4432=CARTESIAN_POINT('',(0.0598083089528832,-0.0404785508392792,-0.0222418922448538));
#4433=CARTESIAN_POINT('',(0.0596154375709583,-0.0410074918001145,-0.0221866977976856));
#4434=CARTESIAN_POINT('',(0.0594662834399496,-0.0412126729125272,-0.0216806812903047));
#4435=CARTESIAN_POINT('',(0.0622191179394765,-0.0413418378121821,-0.0222201224630415));
#4436=CARTESIAN_POINT('',(0.0620093791283672,-0.0419668834023393,-0.0222423673002386));
#4437=CARTESIAN_POINT('',(0.061877092426543,-0.0422183922263968,-0.0216466887193146));
#4438=CARTESIAN_POINT('',(0.0654350508319945,-0.0424149041903841,-0.0223355176499));
#4439=CARTESIAN_POINT('',(0.0652474335673772,-0.0431701630226701,-0.022489974653812));
#4440=CARTESIAN_POINT('',(0.0650930253190604,-0.0434668866458687,-0.0217726025927683));
#4441=CARTESIAN_POINT('',(0.0678559735714021,-0.0431509607306565,-0.0225609291431917));
#4442=CARTESIAN_POINT('',(0.0676084774713158,-0.0439582769258389,-0.0228400157739465));
#4443=CARTESIAN_POINT('',(0.067513948058471,-0.0443217636560574,-0.0220315105292595));
#4444=CARTESIAN_POINT('',(0.0694719497335181,-0.0436154727914856,-0.0227657991017416));
#4445=CARTESIAN_POINT('',(0.0691439078964931,-0.044439253757162,-0.0231291222240542));
#4446=CARTESIAN_POINT('',(0.0691299242205846,-0.0448607059994857,-0.022268649864414));
#4447=CARTESIAN_POINT('',(0.0689000203739117,-0.0447821283548088,-0.0222387270322164));
#4448=CARTESIAN_POINT('',(0.0689027793337392,-0.0446686333868388,-0.0224672718682536));
#4449=CARTESIAN_POINT('',(0.0689436863453524,-0.044266717025905,-0.0228243034524144));
#4450=CARTESIAN_POINT('',(0.0690323857202549,-0.0437297552791287,-0.0228121755650415));
#4451=CARTESIAN_POINT('',(0.0690763299266526,-0.0435012017021221,-0.0227167505048938));
#4452=CARTESIAN_POINT('',(0.0694749646448994,0.0366113262476629,0.0328678394135219));
#4453=CARTESIAN_POINT('',(0.0691468778141641,0.0372405605694574,0.0335119795525569));
#4454=CARTESIAN_POINT('',(0.0691329391319659,0.0365823492446097,0.0342084398054953));
#4455=CARTESIAN_POINT('',(0.0678381743347856,0.0362519989762495,0.0325000001038237));
#4456=CARTESIAN_POINT('',(0.0675923928181922,0.0367956757060599,0.0331586094556822));
#4457=CARTESIAN_POINT('',(0.0674961488218582,0.0361659735709114,0.033781463666831));
#4458=CARTESIAN_POINT('',(0.0653704030980337,0.0357745428616672,0.0318770755553974));
#4459=CARTESIAN_POINT('',(0.0651863272849633,0.0361808343340876,0.0325306456791611));
#4460=CARTESIAN_POINT('',(0.0650283775850988,0.0356142181282404,0.0330569323237201));
#4461=CARTESIAN_POINT('',(0.0621114937151934,0.035287949156431,0.0308950375227146));
#4462=CARTESIAN_POINT('',(0.0619031215134327,0.0355229197374209,0.0314704404098384));
#4463=CARTESIAN_POINT('',(0.0617694682022602,0.035056085041536,0.0319112830405707));
#4464=CARTESIAN_POINT('',(0.0596875768297566,0.0350083677168797,0.0300695244882279));
#4465=CARTESIAN_POINT('',(0.0594960379049189,0.0351371921582826,0.0305808738893155));
#4466=CARTESIAN_POINT('',(0.059345551316823,0.0347385921262287,0.030946423948559));
#4467=CARTESIAN_POINT('',(0.0573008322899322,0.0348354801060641,0.0291321278101363));
#4468=CARTESIAN_POINT('',(0.0571227919458798,0.0348748238090349,0.0295602800942943));
#4469=CARTESIAN_POINT('',(0.0569588067769987,0.034547487191641,0.0298486031022602));
#4470=CARTESIAN_POINT('',(0.0553856943969049,0.0348119681726993,0.0282319502586801));
#4471=CARTESIAN_POINT('',(0.0552048316149761,0.0347936378054073,0.0285677744614672));
#4472=CARTESIAN_POINT('',(0.0550436688839714,0.0345309112327538,0.0287920579607215));
#4473=CARTESIAN_POINT('',(0.0539335973350028,0.0349155893135626,0.0273839168203962));
#4474=CARTESIAN_POINT('',(0.0537519352822218,0.0348691637338084,0.0276296023939876));
#4475=CARTESIAN_POINT('',(0.0535915718220693,0.034662482596656,0.0277945849046453));
#4476=CARTESIAN_POINT('',(0.0529336447197678,0.0350861266355575,0.0266611569110543));
#4477=CARTESIAN_POINT('',(0.0527562345173547,0.0350304487505492,0.0268335875828297));
#4478=CARTESIAN_POINT('',(0.0525916192068343,0.0348707565133403,0.0269430696909161));
#4479=CARTESIAN_POINT('',(0.0521064474059658,0.0353965725903525,0.0258222800377695));
#4480=CARTESIAN_POINT('',(0.0519307538993951,0.0353497563456601,0.025909782179098));
#4481=CARTESIAN_POINT('',(0.0517644218930323,0.0352439245072211,0.0259528791500321));
#4482=CARTESIAN_POINT('',(0.0517475053477195,0.0359670143219792,0.0248308932058754));
#4483=CARTESIAN_POINT('',(0.0515716701800166,0.0359664932296963,0.0248199822681494));
#4484=CARTESIAN_POINT('',(0.0514054798347859,0.0359224010936491,0.0247794775412208));
#4485=CARTESIAN_POINT('',(0.0522158146476021,0.036701841769304,0.0239915339335349));
#4486=CARTESIAN_POINT('',(0.0520401290018925,0.0367796384907455,0.0239089778850772));
#4487=CARTESIAN_POINT('',(0.0518737891346686,0.0367902459535324,0.0237825313873809));
#4488=CARTESIAN_POINT('',(0.0530814169261979,0.037368623646726,0.0234398720439109));
#4489=CARTESIAN_POINT('',(0.0529033786536492,0.037522030166955,0.0233235498157381));
#4490=CARTESIAN_POINT('',(0.0527393914132644,0.0375746087157976,0.0231251019633983));
#4491=CARTESIAN_POINT('',(0.0540895254177333,0.037972094179294,0.0230509775430593));
#4492=CARTESIAN_POINT('',(0.0539070964877656,0.0381960371618807,0.0229202753014454));
#4493=CARTESIAN_POINT('',(0.0537474999047998,0.038282836269841,0.0226602045419033));
#4494=CARTESIAN_POINT('',(0.0555513508253834,0.0387212521529014,0.0226748802527241));
#4495=CARTESIAN_POINT('',(0.0553696457543198,0.0390385074144582,0.0225412466782696));
#4496=CARTESIAN_POINT('',(0.0552093253124498,0.0391604498669675,0.0222089130601265));
#4497=CARTESIAN_POINT('',(0.057450566577751,0.0395564267254248,0.0223981219466166));
#4498=CARTESIAN_POINT('',(0.0572708499949285,0.0399779938129231,0.0222878318456892));
#4499=CARTESIAN_POINT('',(0.0571085410648174,0.0401367524190557,0.0218740351107956));
#4500=CARTESIAN_POINT('',(0.0598083089528814,0.0404785508392785,0.0222418922448539));
#4501=CARTESIAN_POINT('',(0.0596154375709572,0.0410074918001136,0.0221866977976857));
#4502=CARTESIAN_POINT('',(0.0594662834399478,0.0412126729125263,0.0216806812903049));
#4503=CARTESIAN_POINT('',(0.0622191179394744,0.0413418378121812,0.0222201224630414));
#4504=CARTESIAN_POINT('',(0.062009379128363,0.0419668834023391,0.0222423673002382));
#4505=CARTESIAN_POINT('',(0.061877092426541,0.0422183922263963,0.021646688719314));
#4506=CARTESIAN_POINT('',(0.0654350508319922,0.0424149041903843,0.0223355176499003));
#4507=CARTESIAN_POINT('',(0.0652474335673835,0.0431701630226646,0.0224899746538134));
#4508=CARTESIAN_POINT('',(0.0650930253190582,0.0434668866458665,0.0217726025927708));
#4509=CARTESIAN_POINT('',(0.0678559735713998,0.0431509607306514,0.0225609291431895));
#4510=CARTESIAN_POINT('',(0.0676084774712878,0.0439582769258649,0.0228400157739406));
#4511=CARTESIAN_POINT('',(0.0675139480584687,0.0443217636560626,0.0220315105292472));
#4512=CARTESIAN_POINT('',(0.0694719497335157,0.0436154727914849,0.0227657991017413));
#4513=CARTESIAN_POINT('',(0.0691439078964907,0.0444392537571612,0.0231291222240537));
#4514=CARTESIAN_POINT('',(0.0691299242205822,0.0448607059994849,0.0222686498644136));
#4515=CARTESIAN_POINT('',(0.0689000203739117,0.0365260127420734,0.034144551441861));
#4516=CARTESIAN_POINT('',(0.0689027793337393,0.0367002688839212,0.0339581415524718));
#4517=CARTESIAN_POINT('',(0.0689436863452725,0.0368937515629632,0.033456571252123));
#4518=CARTESIAN_POINT('',(0.0690323857204146,0.0366941599951215,0.0329579349025083));
#4519=CARTESIAN_POINT('',(0.0690763299266526,0.0365246702887598,0.0327773361231153));
#4520=CARTESIAN_POINT('',(0.0929,0.0438864857877126,0.021793952491572));
#4521=CARTESIAN_POINT('',(0.0929,0.0438864857877126,0.021793952491572));
#4522=CARTESIAN_POINT('',(0.0929,-0.0410893233263254,-0.0284934660682883));
#4523=CARTESIAN_POINT('',(0.0929,-0.0438864857877126,-0.021793952491572));
#4524=CARTESIAN_POINT('',(0.0939,-0.0438864857877126,-0.021793952491572));
#4525=CARTESIAN_POINT('',(0.0929,-0.0438864857877126,-0.021793952491572));
#4526=CARTESIAN_POINT('',(-0.06243,0.0357954924872318,0.0334616604130239));
#4527=CARTESIAN_POINT('',(0.0929,0.0357954924872318,0.0334616604130239));
#4528=CARTESIAN_POINT('',(0.0929,0.0410893233263254,0.0284934660682883));
#4529=CARTESIAN_POINT('',(0.0929,0.0357954924872318,0.0334616604130239));
#4530=CARTESIAN_POINT('',(0.0929,-0.0438864857877126,-0.021793952491572));
#4531=CARTESIAN_POINT('',(0.0929,-0.0438864857877126,-0.021793952491572));
#4532=CARTESIAN_POINT('',(0.0929,0.0357954924872318,0.0334616604130239));
#4533=CARTESIAN_POINT('',(0.0929,0.0357954924872318,0.0334616604130239));
#4534=CARTESIAN_POINT('',(0.0929,0.,0.));
#4535=CARTESIAN_POINT('',(0.0929,-0.0486274322521856,-0.00603098935159882));
#4536=CARTESIAN_POINT('',(-0.06243,-0.0486274322521856,-0.00603098935159882));
#4537=CARTESIAN_POINT('',(0.0689000203739117,-0.0496198288287608,-0.00615407076693757));
#4538=CARTESIAN_POINT('',(0.0689027793337393,-0.0496512360250255,-0.00590083680820258));
#4539=CARTESIAN_POINT('',(0.0689436863452737,-0.049512951174955,-0.00538133164603172));
#4540=CARTESIAN_POINT('',(0.0690323857204124,-0.049058387112076,-0.00509524334523951));
#4541=CARTESIAN_POINT('',(0.0690763299266526,-0.048815113760149,-0.00504875941336209));
#4542=CARTESIAN_POINT('',(0.0929,-0.0486274322521856,-0.00603098935159884));
#4543=CARTESIAN_POINT('',(0.0939,0.0226947489619453,0.0434275070612427));
#4544=CARTESIAN_POINT('',(0.0929,0.0226947489619453,0.0434275070612427));
#4545=CARTESIAN_POINT('',(0.0689000203739117,0.0231579071040258,0.0443137827155538));
#4546=CARTESIAN_POINT('',(0.0689027793337392,0.0229317524620518,0.0444319687035024));
#4547=CARTESIAN_POINT('',(0.0689436863453488,0.0223967373959663,0.0444845728130046));
#4548=CARTESIAN_POINT('',(0.0690323857202621,0.0219694548108353,0.0441591429502154));
#4549=CARTESIAN_POINT('',(0.0690763299266526,0.0218406405259651,0.0439476020329424));
#4550=CARTESIAN_POINT('',(0.0929,0.,0.));
#4551=CARTESIAN_POINT('',(0.0929,0.0226947489619453,0.0434275070612427));
#4552=CARTESIAN_POINT('',(0.0929,-0.0486274322521856,-0.00603098935159884));
#4553=CARTESIAN_POINT('',(0.0929,-0.0486274322521856,-0.00603098935159884));
#4554=CARTESIAN_POINT('',(0.0694746279911769,-0.048938312141725,-0.0050710252510226));
#4555=CARTESIAN_POINT('',(0.0691465461851313,-0.0498259726415844,-0.00522230347984165));
#4556=CARTESIAN_POINT('',(0.0691326024782434,-0.0497028377513514,-0.00617262306231315));
#4557=CARTESIAN_POINT('',(0.0678394310079947,-0.0484318942711862,-0.00498471973386873));
#4558=CARTESIAN_POINT('',(0.0675935187560368,-0.0492588808662246,-0.00519793009760887));
#4559=CARTESIAN_POINT('',(0.0674974054950685,-0.0491155859568893,-0.00607201941429323));
#4560=CARTESIAN_POINT('',(0.0654024916567798,-0.0476889073428405,-0.00476381435038954));
#4561=CARTESIAN_POINT('',(0.0652153340121815,-0.0484024416643653,-0.0050524169376767));
#4562=CARTESIAN_POINT('',(0.0650604661438446,-0.0482542691527952,-0.00581299492336072));
#4563=CARTESIAN_POINT('',(0.0621904862655033,-0.0467316090124758,-0.00426649492274005));
#4564=CARTESIAN_POINT('',(0.0619805377997837,-0.0472636156005194,-0.00459289758266933));
#4565=CARTESIAN_POINT('',(0.0618484607525701,-0.0471450722988882,-0.00522737028459474));
#4566=CARTESIAN_POINT('',(0.0598028467732095,-0.0460304437315687,-0.00377559743088429));
#4567=CARTESIAN_POINT('',(0.0596094004850739,-0.0464406977371624,-0.00411316034695425));
#4568=CARTESIAN_POINT('',(0.0594608212602759,-0.0463329400772471,-0.00464832326293307));
#4569=CARTESIAN_POINT('',(0.0574478564954523,-0.0453482431480456,-0.00313855858451726));
#4570=CARTESIAN_POINT('',(0.0572688842085997,-0.0456391344301357,-0.00346343231305428));
#4571=CARTESIAN_POINT('',(0.0571058309825188,-0.045543055630128,-0.00389583948507786));
#4572=CARTESIAN_POINT('',(0.0555107936098055,-0.0447935197100907,-0.00243112322486361));
#4573=CARTESIAN_POINT('',(0.0553296454854415,-0.0449824970064579,-0.00271689483425164));
#4574=CARTESIAN_POINT('',(0.0551687680968719,-0.0449009837038201,-0.00305916568698981));
#4575=CARTESIAN_POINT('',(0.054043766915464,-0.0443746462414991,-0.00169436820757539));
#4576=CARTESIAN_POINT('',(0.0538615640556634,-0.0444870358050602,-0.00192506670687054));
#4577=CARTESIAN_POINT('',(0.0537017414025304,-0.0444162151619473,-0.00218701100505178));
#4578=CARTESIAN_POINT('',(0.0530365722837141,-0.0440859804413643,-0.00102826232389436));
#4579=CARTESIAN_POINT('',(0.0528587683848309,-0.0441475137086347,-0.00120716571645765));
#4580=CARTESIAN_POINT('',(0.0526945467707806,-0.0440821204136604,-0.0013980779212767));
#4581=CARTESIAN_POINT('',(0.0521768666129902,-0.0438355067835352,-0.000185830571394014));
#4582=CARTESIAN_POINT('',(0.0520012213239401,-0.043852816827578,-0.000293299671614304));
#4583=CARTESIAN_POINT('',(0.0518348411000566,-0.0437921252211836,-0.000399868374224866));
#4584=CARTESIAN_POINT('',(0.0517428732275328,-0.0436943713388619,0.000940812267731663));
#4585=CARTESIAN_POINT('',(0.0515670394521983,-0.0436875392410779,0.00093868275088529));
#4586=CARTESIAN_POINT('',(0.0514008477145992,-0.0436283190506586,0.000935530532319964));
#4587=CARTESIAN_POINT('',(0.0521515144502287,-0.0437788514920714,0.00207942017110768));
#4588=CARTESIAN_POINT('',(0.0519758785204818,-0.0437902155284974,0.00218443498973596));
#4589=CARTESIAN_POINT('',(0.0518094889372952,-0.0437251784657391,0.00228497400206194));
#4590=CARTESIAN_POINT('',(0.0530046816135312,-0.0439899957739897,0.0029412520791215));
#4591=CARTESIAN_POINT('',(0.0528270111597037,-0.0440420750878577,0.00312061793222449));
#4592=CARTESIAN_POINT('',(0.0526626561005977,-0.0439686290519568,0.00330588879831035));
#4593=CARTESIAN_POINT('',(0.0540096547158098,-0.0442482757831729,0.00362494717706928));
#4594=CARTESIAN_POINT('',(0.0538276560896886,-0.0443487691079315,0.00385889636288269));
#4595=CARTESIAN_POINT('',(0.0536676292028763,-0.0442667588107503,0.00411532468154064));
#4596=CARTESIAN_POINT('',(0.0554753595451663,-0.0446337797432185,0.00438365551371223));
#4597=CARTESIAN_POINT('',(0.0552942006816438,-0.0448082011565997,0.00467640564134893));
#4598=CARTESIAN_POINT('',(0.0551333340322328,-0.0447120448556505,0.00501299360479113));
#4599=CARTESIAN_POINT('',(0.0573837146301085,-0.0451487718458438,0.00510887775732973));
#4600=CARTESIAN_POINT('',(0.0572046859699041,-0.0454217522110971,0.00544514451756801));
#4601=CARTESIAN_POINT('',(0.057041689117175,-0.0453073456700806,0.00587011807063281));
#4602=CARTESIAN_POINT('',(0.0597534408427545,-0.0458058476119722,0.00578532211185474));
#4603=CARTESIAN_POINT('',(0.0595612879069378,-0.0461986572773732,0.00614088429859835));
#4604=CARTESIAN_POINT('',(0.0594114153298209,-0.0460674641975364,0.00666847474084122));
#4605=CARTESIAN_POINT('',(0.0621780061660083,-0.0464950502596753,0.00631604429395867));
#4606=CARTESIAN_POINT('',(0.0619690016093857,-0.0470118233850868,0.00666585688902126));
#4607=CARTESIAN_POINT('',(0.061835980653075,-0.0468652680187445,0.00729383902573415));
#4608=CARTESIAN_POINT('',(0.0654127697745809,-0.047436190379979,0.00685862520122781));
#4609=CARTESIAN_POINT('',(0.0652263662622578,-0.0481371678437334,0.00717830071310494));
#4610=CARTESIAN_POINT('',(0.0650707442616465,-0.0479553273561389,0.00793195900903873));
#4611=CARTESIAN_POINT('',(0.0678478443447921,-0.0481683399855384,0.00711081762338356));
#4612=CARTESIAN_POINT('',(0.067601127022976,-0.0489853348359,0.00735987420797819));
#4613=CARTESIAN_POINT('',(0.0675058188318623,-0.048803955614646,0.00822722443343822));
#4614=CARTESIAN_POINT('',(0.0694732981274074,-0.0486674737282766,0.00721870282499497));
#4615=CARTESIAN_POINT('',(0.0691452361687224,-0.0495475520759379,0.00740892725151922));
#4616=CARTESIAN_POINT('',(0.0691312726144739,-0.049382737637351,0.00835284944068048));
#4617=CARTESIAN_POINT('',(0.0689000203739117,-0.0493010986626153,0.00833076651089666));
#4618=CARTESIAN_POINT('',(0.0689027793337392,-0.0493436145888619,0.00807915918618371));
#4619=CARTESIAN_POINT('',(0.0689436863453484,-0.0492283153223206,0.00755407405745695));
#4620=CARTESIAN_POINT('',(0.0690323857202623,-0.0487867755505122,0.0072482675286476));
#4621=CARTESIAN_POINT('',(0.0690763299266526,-0.0485457823795334,0.00719112760207286));
#4622=CARTESIAN_POINT('',(0.0694730013783887,0.0102998645193608,0.0481096280028969));
#4623=CARTESIAN_POINT('',(0.0691449438481909,0.0104302096903881,0.0490005322496154));
#4624=CARTESIAN_POINT('',(0.0691309758654551,0.00948842283136036,0.0491770666405188));
#4625=CARTESIAN_POINT('',(0.0678498030901543,0.0102260411362225,0.047605048009433));
#4626=CARTESIAN_POINT('',(0.0676028998354235,0.0102792745980888,0.0484575212021272));
#4627=CARTESIAN_POINT('',(0.0675077775772226,0.00940330968697352,0.0485917857418675));
#4628=CARTESIAN_POINT('',(0.0654152749732722,0.010204925660182,0.0468312630184877));
#4629=CARTESIAN_POINT('',(0.0652299394446513,0.0101512286208187,0.0476003654613768));
#4630=CARTESIAN_POINT('',(0.0650732494603383,0.00938158182391812,0.0476938673703732));
#4631=CARTESIAN_POINT('',(0.0621594940702386,0.0103850577101496,0.0457525173470518));
#4632=CARTESIAN_POINT('',(0.0619508210769028,0.0102381164694985,0.0463583580779787));
#4633=CARTESIAN_POINT('',(0.0618174685573052,0.00959936597156712,0.0464410073057016));
#4634=CARTESIAN_POINT('',(0.0597373827775087,0.0106412933362364,0.0449215855272253));
#4635=CARTESIAN_POINT('',(0.0595454169107946,0.0104457385979592,0.0454133654156268));
#4636=CARTESIAN_POINT('',(0.0593953572645751,0.00990631203928583,0.0454752771275429));
#4637=CARTESIAN_POINT('',(0.057351980990134,0.0110481621446214,0.0440631822413841));
#4638=CARTESIAN_POINT('',(0.0571736776702829,0.0108285402116543,0.0444353503911988));
#4639=CARTESIAN_POINT('',(0.0570099554772004,0.010391942421414,0.0444766646273574));
#4640=CARTESIAN_POINT('',(0.055434115433299,0.0115542956649258,0.043321450695797));
#4641=CARTESIAN_POINT('',(0.0552530079285783,0.0113417218589322,0.0435850406340955));
#4642=CARTESIAN_POINT('',(0.0550920899203655,0.010994861069382,0.0436125933495537));
#4643=CARTESIAN_POINT('',(0.0539801014053029,0.0121297051853816,0.042697963638509));
#4644=CARTESIAN_POINT('',(0.0537982283078864,0.0119465257829342,0.0428722972117712));
#4645=CARTESIAN_POINT('',(0.0536380758923693,0.0116794396826458,0.0428849642383301));
#4646=CARTESIAN_POINT('',(0.0529752373509662,0.0126869716080646,0.0422138908944395));
#4647=CARTESIAN_POINT('',(0.0527976236924153,0.0125387645444826,0.0423234546449018));
#4648=CARTESIAN_POINT('',(0.0526332118380327,0.0123418934359479,0.042319023981144));
#4649=CARTESIAN_POINT('',(0.0521437911625084,0.0134112539386007,0.0417233674889722));
#4650=CARTESIAN_POINT('',(0.0519680633020039,0.0133180005530123,0.0417699936332832));
#4651=CARTESIAN_POINT('',(0.0518017656495749,0.0132021590742196,0.0417440385301886));
#4652=CARTESIAN_POINT('',(0.0517434316663306,0.0144504826712347,0.0412465819939259));
#4653=CARTESIAN_POINT('',(0.0515676207168311,0.01445142248966,0.0412390056335511));
#4654=CARTESIAN_POINT('',(0.0514014061533971,0.0144349454630491,0.0411819605498842));
#4655=CARTESIAN_POINT('',(0.0521836401240839,0.0155485301099591,0.0409878841933025));
#4656=CARTESIAN_POINT('',(0.0520079787985175,0.0156559958891533,0.040966515909351));
#4657=CARTESIAN_POINT('',(0.0518416146111503,0.0157352116207563,0.040872022947596));
#4658=CARTESIAN_POINT('',(0.05304297834992,0.0164228200540902,0.0409279278380136));
#4659=CARTESIAN_POINT('',(0.0528651247632556,0.0166124180177675,0.0409230013573288));
#4660=CARTESIAN_POINT('',(0.0527009528369865,0.0167687867616302,0.0407946201294112));
#4661=CARTESIAN_POINT('',(0.0540496226283432,0.0171461290050328,0.0409652250972804));
#4662=CARTESIAN_POINT('',(0.0538674098947951,0.0174019174102909,0.0409898078077385));
#4663=CARTESIAN_POINT('',(0.0537075971154097,0.0176227361498577,0.0408314947556647));
#4664=CARTESIAN_POINT('',(0.0555134371173432,0.0179800362225699,0.041099374342235));
#4665=CARTESIAN_POINT('',(0.0553320051590689,0.0183138115516646,0.0411762686171008));
#4666=CARTESIAN_POINT('',(0.0551714116044097,0.0186060169484555,0.0409799404590782));
#4667=CARTESIAN_POINT('',(0.0574172037602201,0.0188235927223022,0.0413657280210048));
#4668=CARTESIAN_POINT('',(0.057237830356864,0.0192286193428958,0.0415228657951241));
#4669=CARTESIAN_POINT('',(0.0570751782472866,0.0195988641871401,0.0412820722945761));
#4670=CARTESIAN_POINT('',(0.0597809333483358,0.0196656946849611,0.0417814824993054));
#4671=CARTESIAN_POINT('',(0.0595884207323138,0.0201256516820657,0.0420464646242928));
#4672=CARTESIAN_POINT('',(0.0594389078354022,0.0205879800899483,0.0417581733347643));
#4673=CARTESIAN_POINT('',(0.0621986081308147,0.0203801480536239,0.0422721257044436));
#4674=CARTESIAN_POINT('',(0.0619892355270227,0.020872639076471,0.0426565134037305));
#4675=CARTESIAN_POINT('',(0.0618565826178815,0.0214254232432678,0.042322752391827));
#4676=CARTESIAN_POINT('',(0.0654239347625613,0.0211837151909009,0.0429978732072907));
#4677=CARTESIAN_POINT('',(0.0652369224923474,0.0217041512015987,0.0435662603246276));
#4678=CARTESIAN_POINT('',(0.065081909249626,0.0223653001498418,0.0431603651893379));
#4679=CARTESIAN_POINT('',(0.0678519180068933,0.0216482534592296,0.043614564275626));
#4680=CARTESIAN_POINT('',(0.0676048099662679,0.0221374639636769,0.0443147443920181));
#4681=CARTESIAN_POINT('',(0.0675098924939677,0.0229065366364682,0.0438742595470033));
#4682=CARTESIAN_POINT('',(0.0694726224297073,0.0219043640428219,0.0440546326973746));
#4683=CARTESIAN_POINT('',(0.0691445705545308,0.0223572491568842,0.0448328138821711));
#4684=CARTESIAN_POINT('',(0.0691305969167738,0.0232040130299822,0.0443843893106083));
#4685=CARTESIAN_POINT('',(0.0689000203739117,0.00948050126142556,0.0490929739966129));
#4686=CARTESIAN_POINT('',(0.0689027793337393,0.00973104642541914,0.0490445904184771));
#4687=CARTESIAN_POINT('',(0.068943686345282,0.0101823928264144,0.0487525377869377));
#4688=CARTESIAN_POINT('',(0.0690323857203958,0.0103140109486564,0.0482318155260221));
#4689=CARTESIAN_POINT('',(0.0690763299266526,0.0102830441949479,0.0479860844945185));
#4690=CARTESIAN_POINT('',(0.0929,0.0226947489619453,0.0434275070612427));
#4691=CARTESIAN_POINT('',(0.0929,0.0226947489619453,0.0434275070612427));
#4692=CARTESIAN_POINT('',(0.0929,-0.04999,0.0011));
#4693=CARTESIAN_POINT('',(0.0929,-0.0483150766893629,0.00816415118067872));
#4694=CARTESIAN_POINT('',(0.0939,-0.0483150766893629,0.00816415118067873));
#4695=CARTESIAN_POINT('',(0.0929,-0.048315076689363,0.00816415118067873));
#4696=CARTESIAN_POINT('',(-0.06243,0.00929089123619705,0.0481111145166806));
#4697=CARTESIAN_POINT('',(0.0929,0.00929089123619702,0.0481111145166806));
#4698=CARTESIAN_POINT('',(0.0929,0.0164939217167283,0.0472033965557823));
#4699=CARTESIAN_POINT('',(0.0929,0.00929089123619702,0.0481111145166806));
#4700=CARTESIAN_POINT('',(0.0929,-0.0483150766893629,0.00816415118067872));
#4701=CARTESIAN_POINT('',(0.0929,-0.0483150766893629,0.00816415118067873));
#4702=CARTESIAN_POINT('',(0.0929,0.00929089123619702,0.0481111145166806));
#4703=CARTESIAN_POINT('',(0.0929,0.00929089123619705,0.0481111145166806));
#4704=CARTESIAN_POINT('',(0.0929,0.,0.));
#4705=CARTESIAN_POINT('',(0.0929,-0.0428853456824373,0.0237033146563483));
#4706=CARTESIAN_POINT('',(-0.06243,-0.0428853456824373,0.0237033146563483));
#4707=CARTESIAN_POINT('',(0.0689000203739118,-0.0437605568188136,0.024187055771784));
#4708=CARTESIAN_POINT('',(0.0689027793337394,-0.0436371185880134,0.0244103870347337));
#4709=CARTESIAN_POINT('',(0.0689436863452495,-0.0432198863214239,0.0247493937441066));
#4710=CARTESIAN_POINT('',(0.0690323857204608,-0.0426839777854752,0.0247136579889625));
#4711=CARTESIAN_POINT('',(0.0690763299266526,-0.0424598429398539,0.0246082717912746));
#4712=CARTESIAN_POINT('',(0.0929,-0.0428853456824373,0.0237033146563482));
#4713=CARTESIAN_POINT('',(0.0939,-0.00716561060113874,0.0484732299801947));
#4714=CARTESIAN_POINT('',(0.0929,-0.00716561060113874,0.0484732299801947));
#4715=CARTESIAN_POINT('',(0.0689000203739117,-0.00731184755218239,0.0494624795716273));
#4716=CARTESIAN_POINT('',(0.0689027793337393,-0.00756427848164001,0.0494251636810849));
#4717=CARTESIAN_POINT('',(0.0689436863453487,-0.00802803468212508,0.0491532473340468));
#4718=CARTESIAN_POINT('',(0.069032385720262,-0.00818243068089356,0.0486388186424719));
#4719=CARTESIAN_POINT('',(0.0690763299266527,-0.00816230299504236,0.048391963308461));
#4720=CARTESIAN_POINT('',(0.0929,0.,0.));
#4721=CARTESIAN_POINT('',(0.0929,-0.00716561060113874,0.0484732299801947));
#4722=CARTESIAN_POINT('',(0.0929,-0.0428853456824373,0.0237033146563482));
#4723=CARTESIAN_POINT('',(0.0929,-0.0428853456824373,0.0237033146563482));
#4724=CARTESIAN_POINT('',(0.0694749646448995,-0.0425726948479061,0.0246627194508826));
#4725=CARTESIAN_POINT('',(0.0691468778141641,-0.0433797526234211,0.025062106603181));
#4726=CARTESIAN_POINT('',(0.0691329391319659,-0.0438387272000508,0.0242208923795207));
#4727=CARTESIAN_POINT('',(0.0678381743347855,-0.0421118206420885,0.0244346475058328));
#4728=CARTESIAN_POINT('',(0.0675923928182293,-0.0429062007068344,0.0247481933200766));
#4729=CARTESIAN_POINT('',(0.0674961488218627,-0.043303981601857,0.0239568384648616));
#4730=CARTESIAN_POINT('',(0.0653704030980335,-0.0413718421376371,0.0241730540284736));
#4731=CARTESIAN_POINT('',(0.0651863272849483,-0.0421189752323417,0.0243574959055791));
#4732=CARTESIAN_POINT('',(0.0650283775850976,-0.0424444095382038,0.0236559803536883));
#4733=CARTESIAN_POINT('',(0.062111493715193,-0.0402875027431384,0.0240137423555459));
#4734=CARTESIAN_POINT('',(0.0619031215134365,-0.0409073533111378,0.0240594033869998));
#4735=CARTESIAN_POINT('',(0.06176946820226,-0.0411823597131617,0.0234791893427044));
#4736=CARTESIAN_POINT('',(0.0596875768297561,-0.0394159977762683,0.0240029421623591));
#4737=CARTESIAN_POINT('',(0.0594960379049169,-0.0399421288979603,0.0239674458318141));
#4738=CARTESIAN_POINT('',(0.0593455513168224,-0.0401666134799736,0.0234753934933327));
#4739=CARTESIAN_POINT('',(0.0573008322899315,-0.0384710553473574,0.0241281877775074));
#4740=CARTESIAN_POINT('',(0.0571227919458795,-0.0388904102400122,0.0240332995306077));
#4741=CARTESIAN_POINT('',(0.056958806776998,-0.0390634691378798,0.0236328871982824));
#4742=CARTESIAN_POINT('',(0.0553856943969041,-0.0376076700342418,0.0243839967614249));
#4743=CARTESIAN_POINT('',(0.0552048316149752,-0.0379213934356256,0.0242627881603822));
#4744=CARTESIAN_POINT('',(0.0550436688839705,-0.0380535127432651,0.0239436129286288));
#4745=CARTESIAN_POINT('',(0.053933597335002,-0.036833163000229,0.024744603066897));
#4746=CARTESIAN_POINT('',(0.053751935282221,-0.037052477572835,0.0246245286992364));
#4747=CARTESIAN_POINT('',(0.0535915718220685,-0.0371455172808738,0.0243769808573846));
#4748=CARTESIAN_POINT('',(0.052933644719767,-0.036198476409404,0.0251301387930914));
#4749=CARTESIAN_POINT('',(0.0527562345173539,-0.0363452623107266,0.0250239019698108));
#4750=CARTESIAN_POINT('',(0.0525916192068335,-0.0364000383678726,0.0248381937950328));
#4751=CARTESIAN_POINT('',(0.0521064474059652,-0.0354965901685636,0.02568461765139));
#4752=CARTESIAN_POINT('',(0.0519307538993945,-0.0355653426350411,0.0256130531080922));
#4753=CARTESIAN_POINT('',(0.0517644218930317,-0.0355736264534569,0.0254990833520886));
#4754=CARTESIAN_POINT('',(0.0517475053477195,-0.0347300014512949,0.0265334953564755));
#4755=CARTESIAN_POINT('',(0.0515716701800167,-0.0347194635065005,0.0265363714334462));
#4756=CARTESIAN_POINT('',(0.051405479834786,-0.0346673160026574,0.0265069539691146));
#4757=CARTESIAN_POINT('',(0.0522158146476028,-0.0341587975149795,0.0274917340681455));
#4758=CARTESIAN_POINT('',(0.0520401290018932,-0.0341043225561663,0.0275912343689809));
#4759=CARTESIAN_POINT('',(0.0518737891346693,-0.0339873426768377,0.0276403967822531));
#4760=CARTESIAN_POINT('',(0.053081416926199,-0.0338401828117257,0.028296354216658));
#4761=CARTESIAN_POINT('',(0.0529033786536502,-0.0337769590204306,0.0284781980326931));
#4762=CARTESIAN_POINT('',(0.0527393914132654,-0.0336044715624499,0.0285895269630575));
#4763=CARTESIAN_POINT('',(0.0540895254177345,-0.0336568048127075,0.028990463808831));
#4764=CARTESIAN_POINT('',(0.0539070964877668,-0.0336017017815165,0.0292438354555603));
#4765=CARTESIAN_POINT('',(0.0537474999048009,-0.0333811821904124,0.029406752597233));
#4766=CARTESIAN_POINT('',(0.0555513508253847,-0.0335306175792895,0.0298191758356168));
#4767=CARTESIAN_POINT('',(0.0553696457543212,-0.0335015617648847,0.0301621985649749));
#4768=CARTESIAN_POINT('',(0.0552093253124512,-0.0332231760019269,0.0303808694648552));
#4769=CARTESIAN_POINT('',(0.0574505665777526,-0.0335254879250069,0.0306989970749807));
#4770=CARTESIAN_POINT('',(0.0572708499949302,-0.0335508672001432,0.0311340127160995));
#4771=CARTESIAN_POINT('',(0.0571085410648191,-0.0332063822262992,0.0314128713462789));
#4772=CARTESIAN_POINT('',(0.0598083089528827,-0.0336618566712104,0.0316242668551648));
#4773=CARTESIAN_POINT('',(0.0596154375709584,-0.0337728153784869,0.0321443756248728));
#4774=CARTESIAN_POINT('',(0.0594662834399493,-0.0333549695324496,0.0324958821590684));
#4775=CARTESIAN_POINT('',(0.0622191179394779,-0.0339079227240092,0.032452028788721));
#4776=CARTESIAN_POINT('',(0.0620093791283668,-0.0341222285309969,0.0330396084374909));
#4777=CARTESIAN_POINT('',(0.0618770924265441,-0.0336334250358606,0.0334628823482074));
#4778=CARTESIAN_POINT('',(0.0654350508319863,-0.0343492658153756,0.0334369164863175));
#4779=CARTESIAN_POINT('',(0.0652474335673767,-0.0347295509697626,0.034107480481141));
#4780=CARTESIAN_POINT('',(0.0650930253190543,-0.0341389822387003,0.0346113615746752));
#4781=CARTESIAN_POINT('',(0.0678559735714379,-0.034791098864689,0.0340672918731569));
#4782=CARTESIAN_POINT('',(0.0676084774713268,-0.0353060004476229,0.0347488526895045));
#4783=CARTESIAN_POINT('',(0.0675139480584979,-0.0346493898430673,0.0353443909735109));
#4784=CARTESIAN_POINT('',(0.0694719497335181,-0.0351294838946449,0.0344457607966723));
#4785=CARTESIAN_POINT('',(0.0691439078964931,-0.0357295870356776,0.0351169500328348));
#4786=CARTESIAN_POINT('',(0.0691299242205846,-0.0350414650961454,0.0357836755165227));
#4787=CARTESIAN_POINT('',(0.0689000203739117,-0.0349887249640146,0.0357181903991865));
#4788=CARTESIAN_POINT('',(0.0689027793337392,-0.0351710121457147,0.0355396260320198));
#4789=CARTESIAN_POINT('',(0.0689436863453466,-0.0353863703745075,0.035047052030913));
#4790=CARTESIAN_POINT('',(0.0690323857202667,-0.0352089057631115,0.0345401187859466));
#4791=CARTESIAN_POINT('',(0.0690763299266526,-0.0350475241984186,0.0343522393824852));
#4792=CARTESIAN_POINT('',(0.0691332812916977,-0.00731614668170271,0.0495476750500273));
#4793=CARTESIAN_POINT('',(0.0691472148668819,-0.00826488996957536,0.0494127113086299));
#4794=CARTESIAN_POINT('',(0.0694753068046312,-0.00817374593568798,0.0485168476874444));
#4795=CARTESIAN_POINT('',(0.0674935340625508,-0.00725618675482208,0.0489532275757501));
#4796=CARTESIAN_POINT('',(0.0675900240185148,-0.00813666795865421,0.0488582046764021));
#4797=CARTESIAN_POINT('',(0.0678355595754835,-0.00812160456509741,0.048004345057502));
#4798=CARTESIAN_POINT('',(0.0650429303904454,-0.00727589758125818,0.0480490184078733));
#4799=CARTESIAN_POINT('',(0.0651995910896855,-0.00804762317530648,0.0479895964005585));
#4800=CARTESIAN_POINT('',(0.0653849559033791,-0.00813615558489999,0.0472250376219892));
#4801=CARTESIAN_POINT('',(0.0617979945079455,-0.00754959627831814,0.0468107514224832));
#4802=CARTESIAN_POINT('',(0.0619312503271882,-0.0081905831844135,0.0467563218086353));
#4803=CARTESIAN_POINT('',(0.062140020020879,-0.00836442988468608,0.0461585389511038));
#4804=CARTESIAN_POINT('',(0.0593773474296683,-0.00789951812903726,0.0458598272968905));
#4805=CARTESIAN_POINT('',(0.0595276812025973,-0.00844038234068452,0.0458218832676889));
#4806=CARTESIAN_POINT('',(0.0597193729426019,-0.0086576375289246,0.0453400042277434));
#4807=CARTESIAN_POINT('',(0.0569793726135691,-0.00843290083628774,0.0448780762947138));
#4808=CARTESIAN_POINT('',(0.0571437777992305,-0.00886941522473775,0.0448564315766567));
#4809=CARTESIAN_POINT('',(0.0573213981265026,-0.00910548310911827,0.0444956325841051));
#4810=CARTESIAN_POINT('',(0.0550468216053847,-0.00908337098639731,0.0440336283028695));
#4811=CARTESIAN_POINT('',(0.0552079877723746,-0.0094287647489301,0.0440217614478281));
#4812=CARTESIAN_POINT('',(0.0553888471183182,-0.00965227617713112,0.0437702602453466));
#4813=CARTESIAN_POINT('',(0.053597367942742,-0.00980503512823431,0.0433367816017645));
#4814=CARTESIAN_POINT('',(0.0537577113257215,-0.0100698637541836,0.0433363553711191));
#4815=CARTESIAN_POINT('',(0.0539393934556755,-0.0102593964994604,0.0431726899197723));
#4816=CARTESIAN_POINT('',(0.0525903713407961,-0.0105028353263683,0.0427966042438966));
#4817=CARTESIAN_POINT('',(0.0527550557752338,-0.01069583105132,0.0428104561658593));
#4818=CARTESIAN_POINT('',(0.0529323968537296,-0.0108467671191613,0.0427102744644855));
#4819=CARTESIAN_POINT('',(0.0517615205297196,-0.0114123365371401,0.0422535298598353));
#4820=CARTESIAN_POINT('',(0.0519278467338962,-0.0115217925069744,0.0422857521744214));
#4821=CARTESIAN_POINT('',(0.0521035460426532,-0.011612821133,0.0422466325382446));
#4822=CARTESIAN_POINT('',(0.0514057405154897,-0.0126867757255468,0.0417552098385909));
#4823=CARTESIAN_POINT('',(0.0515719451700216,-0.0126949116303295,0.0418147089759079));
#4824=CARTESIAN_POINT('',(0.0517477660284232,-0.0126873787531585,0.0418238961475933));
#4825=CARTESIAN_POINT('',(0.0518787367602012,-0.0139773843842901,0.0415200317008701));
#4826=CARTESIAN_POINT('',(0.0520450340767301,-0.0138899119900524,0.0416125105732457));
#4827=CARTESIAN_POINT('',(0.0522207622731347,-0.013777232770275,0.0416285222289065));
#4828=CARTESIAN_POINT('',(0.0527427095209027,-0.0149994473724718,0.0414939623115667));
#4829=CARTESIAN_POINT('',(0.0529067695903841,-0.0148344562275881,0.041616610210228));
#4830=CARTESIAN_POINT('',(0.0530847350338362,-0.0146415920659382,0.0416119963924285));
#4831=CARTESIAN_POINT('',(0.0537618229410214,-0.0158490124690947,0.0415731972562123));
#4832=CARTESIAN_POINT('',(0.0539212737407309,-0.0156182862838726,0.0417229402630975));
#4833=CARTESIAN_POINT('',(0.0541038484539549,-0.0153609667530306,0.0416852265451202));
#4834=CARTESIAN_POINT('',(0.0552017169360126,-0.0168012784928407,0.0417640838138065));
#4835=CARTESIAN_POINT('',(0.0553618419654604,-0.0164991547947351,0.0419479383951937));
#4836=CARTESIAN_POINT('',(0.0555437424489461,-0.0161682537709589,0.0418552128629991));
#4837=CARTESIAN_POINT('',(0.0571282883614253,-0.0177892210355629,0.0421146093874586));
#4838=CARTESIAN_POINT('',(0.05729123993805,-0.0174067622075263,0.0423400320814064));
#4839=CARTESIAN_POINT('',(0.0574703138743588,-0.0170072306442436,0.0421627829796147));
#4840=CARTESIAN_POINT('',(0.059485830400831,-0.0187475850116545,0.0426347559687245));
#4841=CARTESIAN_POINT('',(0.0596342294303173,-0.0182709321830084,0.0429030516957336));
#4842=CARTESIAN_POINT('',(0.0598278559137644,-0.0178227491107992,0.0426159780238398));
#4843=CARTESIAN_POINT('',(0.0618688393016504,-0.0195462882154509,0.0432276433602964));
#4844=CARTESIAN_POINT('',(0.0620005840276353,-0.0189786809934847,0.0435367377510663));
#4845=CARTESIAN_POINT('',(0.0622108648145845,-0.0185037769118957,0.0431306284669114));
#4846=CARTESIAN_POINT('',(0.0650737439924937,-0.0204428422276224,0.0441001660547369));
#4847=CARTESIAN_POINT('',(0.0652281202347644,-0.0197646511945358,0.0444762310151777));
#4848=CARTESIAN_POINT('',(0.0654157695054245,-0.0192698821494421,0.0438861536502651));
#4849=CARTESIAN_POINT('',(0.067503304677994,-0.0209533595818946,0.0448372551563246));
#4850=CARTESIAN_POINT('',(0.0675988557413302,-0.0201660127035235,0.0452435699864036));
#4851=CARTESIAN_POINT('',(0.0678453301909399,-0.0197078684129274,0.0445227566196547));
#4852=CARTESIAN_POINT('',(0.0691317069549501,-0.0212293831303053,0.0453624734540203));
#4853=CARTESIAN_POINT('',(0.0691456640271891,-0.0203636653464463,0.0457732333616438));
#4854=CARTESIAN_POINT('',(0.0694737324678836,-0.0199454710756628,0.0449758185179332));
#4855=CARTESIAN_POINT('',(0.0689000203739117,-0.0211862394707005,0.0452895490934733));
#4856=CARTESIAN_POINT('',(0.0689027793337392,-0.0209551050214898,0.0453976727089414));
#4857=CARTESIAN_POINT('',(0.068943686345276,-0.0204182938830221,0.0454266919249536));
#4858=CARTESIAN_POINT('',(0.0690323857204075,-0.0200057397198555,0.0450827819577144));
#4859=CARTESIAN_POINT('',(0.0690763299266526,-0.0198863552735169,0.0448657795760396));
#4860=CARTESIAN_POINT('',(0.0929,-0.00716561060113874,0.0484732299801947));
#4861=CARTESIAN_POINT('',(0.0929,-0.00716561060113874,0.0484732299801947));
#4862=CARTESIAN_POINT('',(0.0929,-0.0397961957712819,0.0302733034559132));
#4863=CARTESIAN_POINT('',(0.0929,-0.0342889504647343,0.0350038265912028));
#4864=CARTESIAN_POINT('',(0.0939,-0.0342889504647343,0.0350038265912028));
#4865=CARTESIAN_POINT('',(0.0929,-0.0342889504647343,0.0350038265912028));
#4866=CARTESIAN_POINT('',(-0.06243,-0.0207625146812865,0.0443837581116038));
#4867=CARTESIAN_POINT('',(0.0929,-0.0207625146812866,0.0443837581116038));
#4868=CARTESIAN_POINT('',(0.0929,-0.0144015973808789,0.0478832339434072));
#4869=CARTESIAN_POINT('',(0.0929,-0.0207625146812866,0.0443837581116038));
#4870=CARTESIAN_POINT('',(0.0929,-0.0342889504647343,0.0350038265912028));
#4871=CARTESIAN_POINT('',(0.0929,-0.0342889504647343,0.0350038265912028));
#4872=CARTESIAN_POINT('',(0.0929,-0.0207625146812866,0.0443837581116038));
#4873=CARTESIAN_POINT('',(0.0929,-0.0207625146812865,0.0443837581116039));
#4874=CARTESIAN_POINT('',(0.0929,0.,0.));
#4875=MECHANICAL_DESIGN_GEOMETRIC_PRESENTATION_REPRESENTATION('',(#2100),
#4877);
#4876=MECHANICAL_DESIGN_GEOMETRIC_PRESENTATION_REPRESENTATION('',(#2101),
#4878);
#4877=(
GEOMETRIC_REPRESENTATION_CONTEXT(3)
GLOBAL_UNCERTAINTY_ASSIGNED_CONTEXT((#4879))
GLOBAL_UNIT_ASSIGNED_CONTEXT((#4885,#4883,#4881))
REPRESENTATION_CONTEXT('Part 2','TOP_LEVEL_ASSEMBLY_PART')
);
#4878=(
GEOMETRIC_REPRESENTATION_CONTEXT(3)
GLOBAL_UNCERTAINTY_ASSIGNED_CONTEXT((#4880))
GLOBAL_UNIT_ASSIGNED_CONTEXT((#4886,#4884,#4882))
REPRESENTATION_CONTEXT('Part 1','TOP_LEVEL_ASSEMBLY_PART')
);
#4879=UNCERTAINTY_MEASURE_WITH_UNIT(LENGTH_MEASURE(1.E-8),#4885,
'DISTANCE_ACCURACY_VALUE','Maximum Tolerance applied to model');
#4880=UNCERTAINTY_MEASURE_WITH_UNIT(LENGTH_MEASURE(2.E-5),#4886,
'DISTANCE_ACCURACY_VALUE','Maximum Tolerance applied to model');
#4881=(
NAMED_UNIT(*)
SI_UNIT($,.STERADIAN.)
SOLID_ANGLE_UNIT()
);
#4882=(
NAMED_UNIT(*)
SI_UNIT($,.STERADIAN.)
SOLID_ANGLE_UNIT()
);
#4883=(
NAMED_UNIT(*)
PLANE_ANGLE_UNIT()
SI_UNIT($,.RADIAN.)
);
#4884=(
NAMED_UNIT(*)
PLANE_ANGLE_UNIT()
SI_UNIT($,.RADIAN.)
);
#4885=(
LENGTH_UNIT()
NAMED_UNIT(*)
SI_UNIT($,.METRE.)
);
#4886=(
LENGTH_UNIT()
NAMED_UNIT(*)
SI_UNIT($,.METRE.)
);
#4887=PRODUCT_DEFINITION_SHAPE('','',#4889);
#4888=PRODUCT_DEFINITION_SHAPE('','',#4890);
#4889=PRODUCT_DEFINITION('','',#4893,#4891);
#4890=PRODUCT_DEFINITION('','',#4894,#4892);
#4891=PRODUCT_DEFINITION_CONTEXT('',#4905,'design');
#4892=PRODUCT_DEFINITION_CONTEXT('',#4906,'design');
#4893=PRODUCT_DEFINITION_FORMATION_WITH_SPECIFIED_SOURCE('','',#4897,
 .NOT_KNOWN.);
#4894=PRODUCT_DEFINITION_FORMATION_WITH_SPECIFIED_SOURCE('','',#4898,
 .NOT_KNOWN.);
#4895=PRODUCT_RELATED_PRODUCT_CATEGORY('','',(#4897));
#4896=PRODUCT_RELATED_PRODUCT_CATEGORY('','',(#4898));
#4897=PRODUCT('Part 2','Part 2','Part 2',(#4901));
#4898=PRODUCT('Part 1','Part 1','Part 1',(#4902));
#4899=PRODUCT_CATEGORY('','');
#4900=PRODUCT_CATEGORY('','');
#4901=PRODUCT_CONTEXT('',#4905,'mechanical');
#4902=PRODUCT_CONTEXT('',#4906,'mechanical');
#4903=APPLICATION_PROTOCOL_DEFINITION('international standard',
'ap242_managed_model_based_3d_engineering',2020,#4905);
#4904=APPLICATION_PROTOCOL_DEFINITION('international standard',
'ap242_managed_model_based_3d_engineering',2020,#4906);
#4905=APPLICATION_CONTEXT('managed model based 3d engineering');
#4906=APPLICATION_CONTEXT('managed model based 3d engineering');
ENDSEC;
END-ISO-10303-21;
